{"name":"demo-design1_4.json","variables":["Answer.java","EssayAnswer.java","Question.java","UI.java","Written.java"],"cells":[{"src":0,"dest":3,"values":{"Call":3.0,"Parameter":3.0}},{"src":0,"dest":2,"values":{"Parameter":2.0}},{"src":1,"dest":4,"values":{"Cast":1.0,"Call":2.0,"Contain":1.0}},{"src":1,"dest":3,"values":{"Call":7.0,"Parameter":2.0}},{"src":1,"dest":0,"values":{"Call":1.0,"Parameter":1.0,"Extend":1.0}},{"src":1,"dest":2,"values":{"Parameter":1.0}},{"src":2,"dest":3,"values":{"Call":7.0,"Parameter":8.0}},{"src":4,"dest":3,"values":{"Call":2.0,"Parameter":3.0}},{"src":4,"dest":1,"values":{"Cast":1.0,"Call":1.0,"Contain":1.0}},{"src":4,"dest":0,"values":{"Contain":1.0}},{"src":4,"dest":2,"values":{"Call":2.0,"Extend":1.0}}],"relationTypes":["Call","Parameter","Cast","Contain","Extend"]}