{"name":"fg_034.json","variables":["femr/business/services/core/IPhotoService.java","femr/common/dtos/ServiceResponse.java","femr/common/models/MedicationItem.java","femr/common/models/MissionTripItem.java","femr/common/models/PatientEncounterItem.java","femr/common/models/PatientItem.java","femr/common/models/PhotoItem.java","femr/common/models/PrescriptionItem.java","femr/common/models/ProblemItem.java","femr/common/models/TabFieldItem.java","femr/ui/models/medical/EditViewModelPost.java"],"cells":[{"src":0,"dest":1,"values":{"Import":1.0,"Return":5.0}},{"src":0,"dest":10,"values":{"Parameter":1.0,"Import":1.0}},{"src":0,"dest":4,"values":{"Parameter":1.0,"Import":1.0}},{"src":0,"dest":6,"values":{"Import":1.0}},{"src":1,"dest":3,"values":{"Import":1.0}},{"src":4,"dest":5,"values":{"Parameter":1.0,"Return":1.0,"Contain":1.0,"Use":1.0}},{"src":7,"dest":2,"values":{"Call":1.0,"Parameter":3.0,"Return":1.0,"Contain":1.0,"Use":3.0}},{"src":10,"dest":7,"values":{"Parameter":2.0,"Import":1.0,"Use":2.0}},{"src":10,"dest":8,"values":{"Parameter":2.0,"Import":1.0,"Use":2.0}},{"src":10,"dest":9,"values":{"Parameter":2.0,"Import":1.0,"Use":2.0}}],"relationTypes":["Import","Return","Parameter","Contain","Use","Call"]}