{"name":"fg_062.json","variables":["femr/data/models/core/IConceptMedicationUnit.java","femr/data/models/core/IMedicationGeneric.java","femr/data/models/core/IMedicationGenericStrength.java","femr/data/models/mysql/MedicationGeneric.java","femr/data/models/mysql/MedicationGenericStrength.java","femr/data/models/mysql/concepts/ConceptMedicationUnit.java"],"cells":[{"src":2,"dest":0,"values":{"Parameter":1.0,"Return":1.0}},{"src":2,"dest":1,"values":{"Parameter":1.0,"Return":1.0}},{"src":3,"dest":1,"values":{"Implement":1.0,"Import":1.0}},{"src":4,"dest":0,"values":{"Parameter":1.0,"Import":1.0,"Return":1.0}},{"src":4,"dest":2,"values":{"Implement":1.0,"Import":1.0}},{"src":4,"dest":3,"values":{"Cast":1.0,"Contain":1.0,"Use":1.0}},{"src":4,"dest":5,"values":{"Cast":1.0,"Import":1.0,"Contain":1.0,"Use":1.0}},{"src":4,"dest":1,"values":{"Parameter":1.0,"Import":1.0,"Return":1.0}},{"src":5,"dest":0,"values":{"Implement":1.0,"Import":1.0}}],"relationTypes":["Parameter","Return","Implement","Import","Cast","Contain","Use"]}