{"name":"fg_095.json","variables":["femr/data/daos/core/IPrescriptionRepository.java","femr/data/models/core/IChiefComplaint.java","femr/data/models/core/IConceptMedicationForm.java","femr/data/models/core/IConceptMedicationUnit.java","femr/data/models/core/IConceptPrescriptionAdministration.java","femr/data/models/core/IMedication.java","femr/data/models/core/IMedicationGeneric.java","femr/data/models/core/IMedicationGenericStrength.java","femr/data/models/core/IMedicationInventory.java","femr/data/models/core/IMissionCity.java","femr/data/models/core/IMissionCountry.java","femr/data/models/core/IMissionTeam.java","femr/data/models/core/IMissionTrip.java","femr/data/models/core/IPatient.java","femr/data/models/core/IPatientAgeClassification.java","femr/data/models/core/IPatientEncounter.java","femr/data/models/core/IPatientPrescription.java","femr/data/models/core/IPatientPrescriptionReplacement.java","femr/data/models/core/IPatientPrescriptionReplacementReason.java","femr/data/models/core/IPhoto.java","femr/data/models/core/IRole.java","femr/data/models/core/IUser.java","femr/data/models/mysql/ChiefComplaint.java","femr/data/models/mysql/Medication.java","femr/data/models/mysql/MedicationGeneric.java","femr/data/models/mysql/MedicationGenericStrength.java","femr/data/models/mysql/MedicationInventory.java","femr/data/models/mysql/MissionCity.java","femr/data/models/mysql/MissionCountry.java","femr/data/models/mysql/MissionTeam.java","femr/data/models/mysql/MissionTrip.java","femr/data/models/mysql/Patient.java","femr/data/models/mysql/PatientAgeClassification.java","femr/data/models/mysql/PatientEncounter.java","femr/data/models/mysql/PatientPrescription.java","femr/data/models/mysql/PatientPrescriptionReplacement.java","femr/data/models/mysql/PatientPrescriptionReplacementReason.java","femr/data/models/mysql/Photo.java","femr/data/models/mysql/Role.java","femr/data/models/mysql/User.java","femr/data/models/mysql/concepts/ConceptMedicationForm.java","femr/data/models/mysql/concepts/ConceptMedicationUnit.java","femr/data/models/mysql/concepts/ConceptPrescriptionAdministration.java"],"cells":[{"src":0,"dest":17,"values":{"Import":1.0}},{"src":0,"dest":16,"values":{"Parameter":1.0,"Import":1.0,"Return":3.0}},{"src":0,"dest":4,"values":{"Import":1.0}},{"src":0,"dest":18,"values":{"Import":1.0,"Return":1.0}},{"src":1,"dest":15,"values":{"Parameter":1.0,"Return":1.0}},{"src":5,"dest":26,"values":{"Import":1.0}},{"src":5,"dest":2,"values":{"Parameter":1.0,"Return":1.0}},{"src":7,"dest":3,"values":{"Parameter":1.0,"Return":1.0}},{"src":7,"dest":6,"values":{"Parameter":1.0,"Return":1.0}},{"src":8,"dest":5,"values":{"Parameter":1.0,"Return":1.0}},{"src":8,"dest":12,"values":{"Parameter":1.0,"Return":1.0}},{"src":9,"dest":10,"values":{"Parameter":1.0,"Return":1.0}},{"src":11,"dest":30,"values":{"Import":1.0}},{"src":12,"dest":21,"values":{"Parameter":1.0}},{"src":12,"dest":11,"values":{"Parameter":1.0,"Return":1.0}},{"src":12,"dest":9,"values":{"Parameter":1.0,"Return":1.0}},{"src":13,"dest":33,"values":{"Import":1.0}},{"src":13,"dest":19,"values":{"Parameter":1.0,"Return":1.0}},{"src":15,"dest":21,"values":{"Parameter":4.0,"Return":4.0}},{"src":15,"dest":14,"values":{"Parameter":1.0,"Return":1.0}},{"src":15,"dest":13,"values":{"Parameter":1.0,"Return":1.0}},{"src":15,"dest":12,"values":{"Parameter":1.0,"Return":1.0}},{"src":16,"dest":21,"values":{"Parameter":1.0,"Return":1.0}},{"src":16,"dest":35,"values":{"Import":1.0}},{"src":16,"dest":4,"values":{"Parameter":1.0,"Return":1.0}},{"src":16,"dest":5,"values":{"Parameter":1.0,"Return":1.0}},{"src":16,"dest":15,"values":{"Parameter":1.0,"Return":1.0}},{"src":17,"dest":16,"values":{"Parameter":2.0,"Return":2.0}},{"src":17,"dest":18,"values":{"Parameter":1.0,"Return":1.0}},{"src":21,"dest":20,"values":{"Parameter":1.0}},{"src":22,"dest":1,"values":{"Implement":1.0,"Import":1.0}},{"src":22,"dest":33,"values":{"Cast":1.0,"Contain":1.0,"Use":1.0}},{"src":22,"dest":15,"values":{"Parameter":1.0,"Import":1.0,"Return":1.0}},{"src":23,"dest":7,"values":{"Parameter":2.0,"Import":1.0,"Use":2.0}},{"src":23,"dest":40,"values":{"Cast":1.0,"Import":1.0,"Contain":1.0,"Use":1.0}},{"src":23,"dest":5,"values":{"Implement":1.0,"Import":1.0}},{"src":23,"dest":25,"values":{"Use":1.0}},{"src":23,"dest":2,"values":{"Parameter":1.0,"Import":1.0,"Return":1.0}},{"src":23,"dest":26,"values":{"Parameter":2.0,"Use":2.0}},{"src":24,"dest":6,"values":{"Implement":1.0,"Import":1.0}},{"src":25,"dest":3,"values":{"Parameter":1.0,"Import":1.0,"Return":1.0}},{"src":25,"dest":7,"values":{"Implement":1.0,"Import":1.0}},{"src":25,"dest":24,"values":{"Cast":1.0,"Contain":1.0,"Use":1.0}},{"src":25,"dest":41,"values":{"Cast":1.0,"Import":1.0,"Contain":1.0,"Use":1.0}},{"src":25,"dest":6,"values":{"Parameter":1.0,"Import":1.0,"Return":1.0}},{"src":26,"dest":8,"values":{"Implement":1.0,"Import":1.0}},{"src":26,"dest":23,"values":{"Cast":1.0,"Contain":1.0,"Use":1.0}},{"src":26,"dest":30,"values":{"Cast":1.0,"Contain":1.0,"Use":1.0}},{"src":26,"dest":5,"values":{"Parameter":1.0,"Import":1.0,"Return":1.0}},{"src":26,"dest":12,"values":{"Parameter":1.0,"Import":1.0,"Return":1.0}},{"src":27,"dest":10,"values":{"Parameter":1.0,"Import":1.0,"Return":1.0}},{"src":27,"dest":28,"values":{"Cast":1.0,"Contain":1.0,"Use":1.0}},{"src":27,"dest":9,"values":{"Implement":1.0,"Import":1.0}},{"src":28,"dest":10,"values":{"Implement":1.0,"Import":1.0}},{"src":29,"dest":11,"values":{"Implement":1.0,"Import":1.0}},{"src":29,"dest":30,"values":{"Parameter":2.0,"Use":2.0}},{"src":30,"dest":21,"values":{"Call":1.0,"Parameter":6.0,"Import":1.0,"Contain":1.0,"Use":5.0}},{"src":30,"dest":29,"values":{"Cast":1.0,"Contain":1.0,"Use":1.0}},{"src":30,"dest":11,"values":{"Parameter":1.0,"Import":1.0,"Return":1.0}},{"src":30,"dest":39,"values":{"Use":1.0}},{"src":30,"dest":27,"values":{"Cast":1.0,"Contain":1.0,"Use":1.0}},{"src":30,"dest":12,"values":{"Implement":1.0,"Import":1.0}},{"src":30,"dest":9,"values":{"Parameter":1.0,"Import":1.0,"Return":1.0}},{"src":31,"dest":37,"values":{"Cast":1.0,"Contain":1.0,"Use":1.0}},{"src":31,"dest":13,"values":{"Implement":1.0,"Import":1.0}},{"src":31,"dest":33,"values":{"Parameter":2.0,"Use":2.0}},{"src":31,"dest":19,"values":{"Parameter":1.0,"Import":1.0,"Return":1.0}},{"src":32,"dest":14,"values":{"Implement":1.0,"Import":1.0}},{"src":33,"dest":1,"values":{"Parameter":3.0,"Contain":1.0,"Use":3.0}},{"src":33,"dest":21,"values":{"Parameter":4.0,"Return":4.0}},{"src":33,"dest":22,"values":{"Cast":1.0,"Parameter":2.0,"Contain":1.0,"Use":2.0}},{"src":33,"dest":14,"values":{"Parameter":1.0,"Return":1.0}},{"src":33,"dest":13,"values":{"Parameter":1.0,"Return":1.0}},{"src":33,"dest":32,"values":{"Cast":1.0,"Contain":1.0,"Use":1.0}},{"src":33,"dest":30,"values":{"Cast":1.0,"Contain":1.0,"Use":1.0}},{"src":33,"dest":31,"values":{"Cast":1.0,"Contain":1.0,"Use":1.0}},{"src":33,"dest":39,"values":{"Cast":4.0,"Contain":4.0,"Use":4.0}},{"src":33,"dest":12,"values":{"Parameter":1.0,"Return":1.0}},{"src":33,"dest":15,"values":{"Implement":1.0}},{"src":34,"dest":21,"values":{"Parameter":1.0,"Return":1.0}},{"src":34,"dest":23,"values":{"Cast":1.0,"Contain":1.0,"Use":1.0}},{"src":34,"dest":16,"values":{"Implement":1.0}},{"src":34,"dest":33,"values":{"Cast":1.0,"Contain":1.0,"Use":1.0}},{"src":34,"dest":42,"values":{"Cast":1.0,"Import":1.0,"Contain":1.0,"Use":1.0}},{"src":34,"dest":35,"values":{"Parameter":2.0,"Use":2.0}},{"src":34,"dest":4,"values":{"Parameter":1.0,"Return":1.0}},{"src":34,"dest":39,"values":{"Cast":1.0,"Contain":1.0,"Use":1.0}},{"src":34,"dest":5,"values":{"Parameter":1.0,"Return":1.0}},{"src":34,"dest":15,"values":{"Parameter":1.0,"Return":1.0}},{"src":35,"dest":17,"values":{"Implement":1.0,"Import":1.0}},{"src":35,"dest":16,"values":{"Parameter":2.0,"Import":1.0,"Return":2.0}},{"src":35,"dest":34,"values":{"Cast":2.0,"Contain":2.0,"Use":2.0}},{"src":35,"dest":36,"values":{"Cast":1.0,"Contain":1.0,"Use":1.0}},{"src":35,"dest":18,"values":{"Parameter":1.0,"Import":1.0,"Return":1.0}},{"src":36,"dest":18,"values":{"Implement":1.0,"Import":1.0}},{"src":37,"dest":19,"values":{"Implement":1.0,"Import":1.0}},{"src":38,"dest":20,"values":{"Implement":1.0,"Import":1.0}},{"src":39,"dest":21,"values":{"Implement":1.0,"Import":1.0}},{"src":39,"dest":20,"values":{"Parameter":3.0,"Import":1.0,"Contain":1.0,"Use":2.0}},{"src":39,"dest":30,"values":{"Use":1.0}},{"src":39,"dest":12,"values":{"Parameter":2.0,"Import":1.0,"Use":2.0}},{"src":39,"dest":38,"values":{"Use":1.0}},{"src":40,"dest":2,"values":{"Implement":1.0,"Import":1.0}},{"src":41,"dest":3,"values":{"Implement":1.0,"Import":1.0}},{"src":42,"dest":4,"values":{"Implement":1.0,"Import":1.0}}],"relationTypes":["Import","Parameter","Return","Implement","Cast","Contain","Use","Call"]}