{"name":"fg_022.json","variables":["femr/business/services/core/ISessionService.java","femr/common/dtos/CurrentUser.java","femr/common/dtos/ServiceResponse.java","femr/common/models/MissionTripItem.java","femr/data/models/core/IRole.java"],"cells":[{"src":0,"dest":2,"values":{"Import":1.0,"Return":1.0}},{"src":0,"dest":1,"values":{"Import":1.0,"Return":1.0}},{"src":1,"dest":4,"values":{"Parameter":2.0,"Import":1.0,"Use":2.0}},{"src":2,"dest":3,"values":{"Import":1.0}}],"relationTypes":["Import","Return","Parameter","Use"]}