{"name":"fg_042.json","variables":["femr/business/services/core/IVitalService.java","femr/common/dtos/ServiceResponse.java","femr/common/models/MissionTripItem.java","femr/common/models/PatientEncounterItem.java","femr/common/models/PatientItem.java","femr/common/models/VitalItem.java","femr/util/DataStructure/Mapping/AbstractMultiMap.java","femr/util/DataStructure/Mapping/VitalMultiMap.java","femr/util/calculations/dateUtils.java","femr/util/stringhelpers/StringUtils.java"],"cells":[{"src":0,"dest":7,"values":{"Import":1.0}},{"src":0,"dest":1,"values":{"Import":1.0,"Return":4.0}},{"src":0,"dest":5,"values":{"Import":1.0}},{"src":1,"dest":2,"values":{"Import":1.0}},{"src":3,"dest":4,"values":{"Parameter":1.0,"Return":1.0,"Contain":1.0,"Use":1.0}},{"src":6,"dest":9,"values":{"Call":1.0,"Import":1.0,"Use":1.0}},{"src":7,"dest":6,"values":{"Extend":1.0,"Use":5.0}},{"src":8,"dest":3,"values":{"Call":4.0,"Parameter":1.0,"Import":1.0}},{"src":9,"dest":8,"values":{"Call":2.0,"Import":1.0,"Use":2.0}}],"relationTypes":["Import","Return","Parameter","Contain","Use","Call","Extend"]}