{"name":"fg_026.json","variables":["femr/business/services/core/IMedicationService.java","femr/common/dtos/ServiceResponse.java","femr/common/models/MedicationAdministrationItem.java","femr/common/models/MedicationItem.java","femr/common/models/MissionTripItem.java","femr/common/models/PrescriptionItem.java"],"cells":[{"src":0,"dest":5,"values":{"Import":1.0}},{"src":0,"dest":1,"values":{"Import":1.0,"Return":9.0}},{"src":0,"dest":2,"values":{"Import":1.0}},{"src":0,"dest":3,"values":{"Import":1.0}},{"src":1,"dest":4,"values":{"Import":1.0}},{"src":5,"dest":3,"values":{"Call":1.0,"Parameter":3.0,"Return":1.0,"Contain":1.0,"Use":3.0}}],"relationTypes":["Import","Return","Call","Parameter","Contain","Use"]}