{"name":"fg_073.json","variables":["femr/business/helpers/LogicDoer.java","femr/common/models/PatientEncounterItem.java","femr/common/models/PatientItem.java","femr/data/models/core/IChiefComplaint.java","femr/data/models/core/IMissionCity.java","femr/data/models/core/IMissionCountry.java","femr/data/models/core/IMissionTeam.java","femr/data/models/core/IMissionTrip.java","femr/data/models/core/IPatient.java","femr/data/models/core/IPatientAgeClassification.java","femr/data/models/core/IPatientEncounter.java","femr/data/models/core/IPhoto.java","femr/data/models/core/IRole.java","femr/data/models/core/IUser.java","femr/data/models/mysql/ChiefComplaint.java","femr/data/models/mysql/MissionCity.java","femr/data/models/mysql/MissionCountry.java","femr/data/models/mysql/MissionTeam.java","femr/data/models/mysql/MissionTrip.java","femr/data/models/mysql/Patient.java","femr/data/models/mysql/PatientAgeClassification.java","femr/data/models/mysql/PatientEncounter.java","femr/data/models/mysql/Photo.java","femr/data/models/mysql/Role.java","femr/data/models/mysql/User.java","femr/util/calculations/dateUtils.java"],"cells":[{"src":0,"dest":25,"values":{"Call":1.0,"Import":1.0,"Use":1.0}},{"src":0,"dest":10,"values":{"Call":3.0,"Parameter":1.0,"Import":1.0}},{"src":1,"dest":2,"values":{"Parameter":1.0,"Return":1.0,"Contain":1.0,"Use":1.0}},{"src":3,"dest":10,"values":{"Parameter":1.0,"Return":1.0}},{"src":4,"dest":5,"values":{"Parameter":1.0,"Return":1.0}},{"src":6,"dest":18,"values":{"Import":1.0}},{"src":7,"dest":13,"values":{"Parameter":1.0}},{"src":7,"dest":6,"values":{"Parameter":1.0,"Return":1.0}},{"src":7,"dest":4,"values":{"Parameter":1.0,"Return":1.0}},{"src":8,"dest":21,"values":{"Import":1.0}},{"src":8,"dest":11,"values":{"Parameter":1.0,"Return":1.0}},{"src":10,"dest":13,"values":{"Parameter":4.0,"Return":4.0}},{"src":10,"dest":9,"values":{"Parameter":1.0,"Return":1.0}},{"src":10,"dest":8,"values":{"Parameter":1.0,"Return":1.0}},{"src":10,"dest":7,"values":{"Parameter":1.0,"Return":1.0}},{"src":13,"dest":12,"values":{"Parameter":1.0}},{"src":14,"dest":3,"values":{"Implement":1.0,"Import":1.0}},{"src":14,"dest":21,"values":{"Cast":1.0,"Contain":1.0,"Use":1.0}},{"src":14,"dest":10,"values":{"Parameter":1.0,"Import":1.0,"Return":1.0}},{"src":15,"dest":5,"values":{"Parameter":1.0,"Import":1.0,"Return":1.0}},{"src":15,"dest":16,"values":{"Cast":1.0,"Contain":1.0,"Use":1.0}},{"src":15,"dest":4,"values":{"Implement":1.0,"Import":1.0}},{"src":16,"dest":5,"values":{"Implement":1.0,"Import":1.0}},{"src":17,"dest":6,"values":{"Implement":1.0,"Import":1.0}},{"src":17,"dest":18,"values":{"Parameter":2.0,"Use":2.0}},{"src":18,"dest":13,"values":{"Call":1.0,"Parameter":6.0,"Import":1.0,"Contain":1.0,"Use":5.0}},{"src":18,"dest":17,"values":{"Cast":1.0,"Contain":1.0,"Use":1.0}},{"src":18,"dest":6,"values":{"Parameter":1.0,"Import":1.0,"Return":1.0}},{"src":18,"dest":24,"values":{"Use":1.0}},{"src":18,"dest":15,"values":{"Cast":1.0,"Contain":1.0,"Use":1.0}},{"src":18,"dest":7,"values":{"Implement":1.0,"Import":1.0}},{"src":18,"dest":4,"values":{"Parameter":1.0,"Import":1.0,"Return":1.0}},{"src":19,"dest":22,"values":{"Cast":1.0,"Contain":1.0,"Use":1.0}},{"src":19,"dest":8,"values":{"Implement":1.0,"Import":1.0}},{"src":19,"dest":21,"values":{"Parameter":2.0,"Use":2.0}},{"src":19,"dest":11,"values":{"Parameter":1.0,"Import":1.0,"Return":1.0}},{"src":20,"dest":9,"values":{"Implement":1.0,"Import":1.0}},{"src":21,"dest":3,"values":{"Parameter":3.0,"Contain":1.0,"Use":3.0}},{"src":21,"dest":13,"values":{"Parameter":4.0,"Return":4.0}},{"src":21,"dest":14,"values":{"Cast":1.0,"Parameter":2.0,"Contain":1.0,"Use":2.0}},{"src":21,"dest":9,"values":{"Parameter":1.0,"Return":1.0}},{"src":21,"dest":8,"values":{"Parameter":1.0,"Return":1.0}},{"src":21,"dest":20,"values":{"Cast":1.0,"Contain":1.0,"Use":1.0}},{"src":21,"dest":18,"values":{"Cast":1.0,"Contain":1.0,"Use":1.0}},{"src":21,"dest":19,"values":{"Cast":1.0,"Contain":1.0,"Use":1.0}},{"src":21,"dest":24,"values":{"Cast":4.0,"Contain":4.0,"Use":4.0}},{"src":21,"dest":7,"values":{"Parameter":1.0,"Return":1.0}},{"src":21,"dest":10,"values":{"Implement":1.0}},{"src":22,"dest":11,"values":{"Implement":1.0,"Import":1.0}},{"src":23,"dest":12,"values":{"Implement":1.0,"Import":1.0}},{"src":24,"dest":13,"values":{"Implement":1.0,"Import":1.0}},{"src":24,"dest":12,"values":{"Parameter":3.0,"Import":1.0,"Contain":1.0,"Use":2.0}},{"src":24,"dest":18,"values":{"Use":1.0}},{"src":24,"dest":7,"values":{"Parameter":2.0,"Import":1.0,"Use":2.0}},{"src":24,"dest":23,"values":{"Use":1.0}},{"src":25,"dest":1,"values":{"Call":4.0,"Parameter":1.0,"Import":1.0}}],"relationTypes":["Call","Import","Use","Parameter","Return","Contain","Implement","Cast"]}