{"name":"fg_071.json","variables":["femr/data/models/core/IChiefComplaint.java","femr/data/models/core/IMissionCity.java","femr/data/models/core/IMissionCountry.java","femr/data/models/core/IMissionTeam.java","femr/data/models/core/IMissionTrip.java","femr/data/models/core/IPatient.java","femr/data/models/core/IPatientAgeClassification.java","femr/data/models/core/IPatientEncounter.java","femr/data/models/core/IPatientEncounterTabField.java","femr/data/models/core/IPhoto.java","femr/data/models/core/IRole.java","femr/data/models/core/ITab.java","femr/data/models/core/ITabField.java","femr/data/models/core/ITabFieldSize.java","femr/data/models/core/ITabFieldType.java","femr/data/models/core/IUser.java","femr/data/models/mysql/ChiefComplaint.java","femr/data/models/mysql/MissionCity.java","femr/data/models/mysql/MissionCountry.java","femr/data/models/mysql/MissionTeam.java","femr/data/models/mysql/MissionTrip.java","femr/data/models/mysql/Patient.java","femr/data/models/mysql/PatientAgeClassification.java","femr/data/models/mysql/PatientEncounter.java","femr/data/models/mysql/PatientEncounterTabField.java","femr/data/models/mysql/Photo.java","femr/data/models/mysql/Role.java","femr/data/models/mysql/Tab.java","femr/data/models/mysql/TabField.java","femr/data/models/mysql/TabFieldSize.java","femr/data/models/mysql/TabFieldType.java","femr/data/models/mysql/User.java"],"cells":[{"src":0,"dest":7,"values":{"Parameter":1.0,"Return":1.0}},{"src":1,"dest":2,"values":{"Parameter":1.0,"Return":1.0}},{"src":3,"dest":20,"values":{"Import":1.0}},{"src":4,"dest":15,"values":{"Parameter":1.0}},{"src":4,"dest":3,"values":{"Parameter":1.0,"Return":1.0}},{"src":4,"dest":1,"values":{"Parameter":1.0,"Return":1.0}},{"src":5,"dest":23,"values":{"Import":1.0}},{"src":5,"dest":9,"values":{"Parameter":1.0,"Return":1.0}},{"src":7,"dest":15,"values":{"Parameter":4.0,"Return":4.0}},{"src":7,"dest":6,"values":{"Parameter":1.0,"Return":1.0}},{"src":7,"dest":5,"values":{"Parameter":1.0,"Return":1.0}},{"src":7,"dest":4,"values":{"Parameter":1.0,"Return":1.0}},{"src":8,"dest":0,"values":{"Parameter":1.0}},{"src":8,"dest":16,"values":{"Import":1.0,"Return":1.0}},{"src":8,"dest":12,"values":{"Parameter":1.0,"Return":1.0}},{"src":8,"dest":31,"values":{"Parameter":1.0,"Import":1.0}},{"src":11,"dest":28,"values":{"Import":1.0}},{"src":12,"dest":11,"values":{"Parameter":1.0,"Return":1.0}},{"src":12,"dest":14,"values":{"Parameter":1.0,"Return":1.0}},{"src":12,"dest":13,"values":{"Parameter":1.0,"Return":1.0}},{"src":15,"dest":10,"values":{"Parameter":1.0}},{"src":16,"dest":0,"values":{"Implement":1.0,"Import":1.0}},{"src":16,"dest":23,"values":{"Cast":1.0,"Contain":1.0,"Use":1.0}},{"src":16,"dest":7,"values":{"Parameter":1.0,"Import":1.0,"Return":1.0}},{"src":17,"dest":2,"values":{"Parameter":1.0,"Import":1.0,"Return":1.0}},{"src":17,"dest":18,"values":{"Cast":1.0,"Contain":1.0,"Use":1.0}},{"src":17,"dest":1,"values":{"Implement":1.0,"Import":1.0}},{"src":18,"dest":2,"values":{"Implement":1.0,"Import":1.0}},{"src":19,"dest":3,"values":{"Implement":1.0,"Import":1.0}},{"src":19,"dest":20,"values":{"Parameter":2.0,"Use":2.0}},{"src":20,"dest":15,"values":{"Call":1.0,"Parameter":6.0,"Import":1.0,"Contain":1.0,"Use":5.0}},{"src":20,"dest":19,"values":{"Cast":1.0,"Contain":1.0,"Use":1.0}},{"src":20,"dest":3,"values":{"Parameter":1.0,"Import":1.0,"Return":1.0}},{"src":20,"dest":31,"values":{"Use":1.0}},{"src":20,"dest":17,"values":{"Cast":1.0,"Contain":1.0,"Use":1.0}},{"src":20,"dest":4,"values":{"Implement":1.0,"Import":1.0}},{"src":20,"dest":1,"values":{"Parameter":1.0,"Import":1.0,"Return":1.0}},{"src":21,"dest":25,"values":{"Cast":1.0,"Contain":1.0,"Use":1.0}},{"src":21,"dest":5,"values":{"Implement":1.0,"Import":1.0}},{"src":21,"dest":23,"values":{"Parameter":2.0,"Use":2.0}},{"src":21,"dest":9,"values":{"Parameter":1.0,"Import":1.0,"Return":1.0}},{"src":22,"dest":6,"values":{"Implement":1.0,"Import":1.0}},{"src":23,"dest":0,"values":{"Parameter":3.0,"Contain":1.0,"Use":3.0}},{"src":23,"dest":15,"values":{"Parameter":4.0,"Return":4.0}},{"src":23,"dest":16,"values":{"Cast":1.0,"Parameter":2.0,"Contain":1.0,"Use":2.0}},{"src":23,"dest":6,"values":{"Parameter":1.0,"Return":1.0}},{"src":23,"dest":5,"values":{"Parameter":1.0,"Return":1.0}},{"src":23,"dest":22,"values":{"Cast":1.0,"Contain":1.0,"Use":1.0}},{"src":23,"dest":20,"values":{"Cast":1.0,"Contain":1.0,"Use":1.0}},{"src":23,"dest":21,"values":{"Cast":1.0,"Contain":1.0,"Use":1.0}},{"src":23,"dest":31,"values":{"Cast":4.0,"Contain":4.0,"Use":4.0}},{"src":23,"dest":4,"values":{"Parameter":1.0,"Return":1.0}},{"src":23,"dest":7,"values":{"Implement":1.0}},{"src":24,"dest":0,"values":{"Parameter":1.0,"Import":1.0}},{"src":24,"dest":16,"values":{"Cast":1.0,"Return":1.0,"Contain":1.0,"Use":1.0}},{"src":24,"dest":8,"values":{"Implement":1.0,"Import":1.0}},{"src":24,"dest":12,"values":{"Parameter":1.0,"Import":1.0,"Return":1.0}},{"src":24,"dest":31,"values":{"Call":2.0,"Parameter":1.0,"Contain":1.0,"Use":1.0}},{"src":24,"dest":28,"values":{"Cast":1.0,"Contain":1.0,"Use":1.0}},{"src":25,"dest":9,"values":{"Implement":1.0,"Import":1.0}},{"src":26,"dest":10,"values":{"Implement":1.0,"Import":1.0}},{"src":27,"dest":11,"values":{"Implement":1.0,"Import":1.0}},{"src":27,"dest":28,"values":{"Parameter":2.0,"Use":2.0}},{"src":28,"dest":30,"values":{"Cast":1.0,"Contain":1.0,"Use":1.0}},{"src":28,"dest":12,"values":{"Implement":1.0,"Import":1.0}},{"src":28,"dest":11,"values":{"Parameter":1.0,"Import":1.0,"Return":1.0}},{"src":28,"dest":14,"values":{"Parameter":1.0,"Import":1.0,"Return":1.0}},{"src":28,"dest":29,"values":{"Cast":1.0,"Contain":1.0,"Use":1.0}},{"src":28,"dest":27,"values":{"Cast":1.0,"Contain":1.0,"Use":1.0}},{"src":28,"dest":13,"values":{"Parameter":1.0,"Import":1.0,"Return":1.0}},{"src":29,"dest":13,"values":{"Implement":1.0,"Import":1.0}},{"src":30,"dest":14,"values":{"Implement":1.0,"Import":1.0}},{"src":31,"dest":15,"values":{"Implement":1.0,"Import":1.0}},{"src":31,"dest":10,"values":{"Parameter":3.0,"Import":1.0,"Contain":1.0,"Use":2.0}},{"src":31,"dest":20,"values":{"Use":1.0}},{"src":31,"dest":4,"values":{"Parameter":2.0,"Import":1.0,"Use":2.0}},{"src":31,"dest":26,"values":{"Use":1.0}}],"relationTypes":["Parameter","Return","Import","Implement","Cast","Contain","Use","Call"]}