{"name":"fg_041.json","variables":["femr/business/services/core/ITabService.java","femr/common/dtos/ServiceResponse.java","femr/common/models/MissionTripItem.java","femr/common/models/PatientEncounterItem.java","femr/common/models/PatientItem.java","femr/common/models/TabFieldItem.java","femr/common/models/TabItem.java","femr/util/DataStructure/Mapping/AbstractMultiMap.java","femr/util/DataStructure/Mapping/TabFieldMultiMap.java","femr/util/calculations/dateUtils.java","femr/util/stringhelpers/StringUtils.java"],"cells":[{"src":0,"dest":8,"values":{"Import":1.0}},{"src":0,"dest":1,"values":{"Import":1.0,"Return":16.0}},{"src":0,"dest":6,"values":{"Parameter":2.0,"Import":1.0}},{"src":0,"dest":5,"values":{"Parameter":2.0,"Import":1.0}},{"src":1,"dest":2,"values":{"Import":1.0}},{"src":3,"dest":4,"values":{"Parameter":1.0,"Return":1.0,"Contain":1.0,"Use":1.0}},{"src":6,"dest":5,"values":{"Call":1.0,"Parameter":2.0,"Return":1.0,"Contain":1.0,"Use":2.0}},{"src":7,"dest":10,"values":{"Call":1.0,"Import":1.0,"Use":1.0}},{"src":8,"dest":10,"values":{"Call":4.0,"Import":1.0,"Use":4.0}},{"src":8,"dest":7,"values":{"Call":3.0,"Extend":1.0,"Use":8.0}},{"src":8,"dest":5,"values":{"Cast":5.0,"Call":4.0,"Import":1.0,"Return":2.0,"Use":4.0,"Contain":2.0}},{"src":9,"dest":3,"values":{"Call":4.0,"Parameter":1.0,"Import":1.0}},{"src":10,"dest":9,"values":{"Call":2.0,"Import":1.0,"Use":2.0}}],"relationTypes":["Import","Return","Parameter","Contain","Use","Call","Extend","Cast"]}