{"name":"fg_049.json","variables":["femr/business/services/core/IUserService.java","femr/common/dtos/ServiceResponse.java","femr/common/models/MissionTripItem.java","femr/common/models/UserItem.java","femr/data/models/core/IRole.java","femr/data/models/core/IUser.java","femr/ui/helpers/security/AllowedRoles.java","femr/ui/helpers/security/AllowedRolesAction.java"],"cells":[{"src":0,"dest":3,"values":{"Parameter":2.0,"Import":1.0}},{"src":0,"dest":5,"values":{"Parameter":1.0,"Import":1.0,"Return":2.0}},{"src":0,"dest":1,"values":{"Import":1.0,"Return":8.0}},{"src":0,"dest":4,"values":{"Import":1.0}},{"src":1,"dest":2,"values":{"Import":1.0}},{"src":5,"dest":4,"values":{"Parameter":1.0}},{"src":6,"dest":7,"values":{"Use":1.0}},{"src":7,"dest":4,"values":{"Call":1.0,"Parameter":3.0,"Import":1.0,"Contain":1.0,"Use":3.0}},{"src":7,"dest":0,"values":{"Call":1.0,"Parameter":1.0,"Import":1.0,"Contain":1.0,"Use":1.0}}],"relationTypes":["Parameter","Import","Return","Use","Call","Contain"]}