{"name":"fg_080.json","variables":["femr/data/IDataModelMapper.java","femr/data/models/core/IChiefComplaint.java","femr/data/models/core/IConceptMedicationForm.java","femr/data/models/core/IConceptMedicationUnit.java","femr/data/models/core/IConceptPrescriptionAdministration.java","femr/data/models/core/IMedication.java","femr/data/models/core/IMedicationGeneric.java","femr/data/models/core/IMedicationGenericStrength.java","femr/data/models/core/IMedicationInventory.java","femr/data/models/core/IMissionCity.java","femr/data/models/core/IMissionCountry.java","femr/data/models/core/IMissionTeam.java","femr/data/models/core/IMissionTrip.java","femr/data/models/core/IPatient.java","femr/data/models/core/IPatientAgeClassification.java","femr/data/models/core/IPatientEncounter.java","femr/data/models/core/IPatientEncounterTabField.java","femr/data/models/core/IPatientEncounterVital.java","femr/data/models/core/IPatientPrescription.java","femr/data/models/core/IPatientPrescriptionReplacement.java","femr/data/models/core/IPatientPrescriptionReplacementReason.java","femr/data/models/core/IPhoto.java","femr/data/models/core/IRole.java","femr/data/models/core/ITab.java","femr/data/models/core/ITabField.java","femr/data/models/core/ITabFieldSize.java","femr/data/models/core/ITabFieldType.java","femr/data/models/core/IUser.java","femr/data/models/core/IVital.java","femr/data/models/mysql/ChiefComplaint.java","femr/data/models/mysql/Medication.java","femr/data/models/mysql/MedicationGeneric.java","femr/data/models/mysql/MedicationGenericStrength.java","femr/data/models/mysql/MedicationInventory.java","femr/data/models/mysql/MissionCity.java","femr/data/models/mysql/MissionCountry.java","femr/data/models/mysql/MissionTeam.java","femr/data/models/mysql/MissionTrip.java","femr/data/models/mysql/Patient.java","femr/data/models/mysql/PatientAgeClassification.java","femr/data/models/mysql/PatientEncounter.java","femr/data/models/mysql/PatientPrescription.java","femr/data/models/mysql/PatientPrescriptionReplacement.java","femr/data/models/mysql/PatientPrescriptionReplacementReason.java","femr/data/models/mysql/Photo.java","femr/data/models/mysql/Role.java","femr/data/models/mysql/Tab.java","femr/data/models/mysql/TabField.java","femr/data/models/mysql/TabFieldSize.java","femr/data/models/mysql/TabFieldType.java","femr/data/models/mysql/User.java","femr/data/models/mysql/concepts/ConceptMedicationForm.java","femr/data/models/mysql/concepts/ConceptMedicationUnit.java","femr/data/models/mysql/concepts/ConceptPrescriptionAdministration.java"],"cells":[{"src":0,"dest":1,"values":{"Return":1.0}},{"src":0,"dest":19,"values":{"Return":1.0}},{"src":0,"dest":11,"values":{"Parameter":1.0,"Return":1.0}},{"src":0,"dest":21,"values":{"Return":1.0}},{"src":0,"dest":22,"values":{"Return":1.0}},{"src":0,"dest":17,"values":{"Return":1.0}},{"src":0,"dest":6,"values":{"Parameter":1.0,"Return":1.0}},{"src":0,"dest":5,"values":{"Return":2.0}},{"src":0,"dest":9,"values":{"Parameter":1.0,"Return":1.0}},{"src":0,"dest":27,"values":{"Return":2.0}},{"src":0,"dest":8,"values":{"Return":1.0}},{"src":0,"dest":13,"values":{"Return":1.0}},{"src":0,"dest":10,"values":{"Parameter":1.0}},{"src":0,"dest":7,"values":{"Return":1.0}},{"src":0,"dest":18,"values":{"Return":1.0}},{"src":0,"dest":16,"values":{"Return":1.0}},{"src":0,"dest":23,"values":{"Return":1.0}},{"src":0,"dest":24,"values":{"Return":1.0}},{"src":0,"dest":12,"values":{"Return":1.0}},{"src":0,"dest":2,"values":{"Parameter":1.0,"Return":1.0}},{"src":1,"dest":15,"values":{"Parameter":1.0,"Return":1.0}},{"src":5,"dest":33,"values":{"Import":1.0}},{"src":5,"dest":2,"values":{"Parameter":1.0,"Return":1.0}},{"src":7,"dest":3,"values":{"Parameter":1.0,"Return":1.0}},{"src":7,"dest":6,"values":{"Parameter":1.0,"Return":1.0}},{"src":8,"dest":5,"values":{"Parameter":1.0,"Return":1.0}},{"src":8,"dest":12,"values":{"Parameter":1.0,"Return":1.0}},{"src":9,"dest":10,"values":{"Parameter":1.0,"Return":1.0}},{"src":11,"dest":37,"values":{"Import":1.0}},{"src":12,"dest":27,"values":{"Parameter":1.0}},{"src":12,"dest":11,"values":{"Parameter":1.0,"Return":1.0}},{"src":12,"dest":9,"values":{"Parameter":1.0,"Return":1.0}},{"src":13,"dest":40,"values":{"Import":1.0}},{"src":13,"dest":21,"values":{"Parameter":1.0,"Return":1.0}},{"src":15,"dest":27,"values":{"Parameter":4.0,"Return":4.0}},{"src":15,"dest":14,"values":{"Parameter":1.0,"Return":1.0}},{"src":15,"dest":13,"values":{"Parameter":1.0,"Return":1.0}},{"src":15,"dest":12,"values":{"Parameter":1.0,"Return":1.0}},{"src":16,"dest":1,"values":{"Parameter":1.0}},{"src":16,"dest":29,"values":{"Import":1.0,"Return":1.0}},{"src":16,"dest":24,"values":{"Parameter":1.0,"Return":1.0}},{"src":16,"dest":50,"values":{"Parameter":1.0,"Import":1.0}},{"src":17,"dest":28,"values":{"Parameter":1.0,"Return":1.0}},{"src":18,"dest":27,"values":{"Parameter":1.0,"Return":1.0}},{"src":18,"dest":42,"values":{"Import":1.0}},{"src":18,"dest":4,"values":{"Parameter":1.0,"Return":1.0}},{"src":18,"dest":5,"values":{"Parameter":1.0,"Return":1.0}},{"src":18,"dest":15,"values":{"Parameter":1.0,"Return":1.0}},{"src":19,"dest":18,"values":{"Parameter":2.0,"Return":2.0}},{"src":19,"dest":20,"values":{"Parameter":1.0,"Return":1.0}},{"src":23,"dest":47,"values":{"Import":1.0}},{"src":24,"dest":23,"values":{"Parameter":1.0,"Return":1.0}},{"src":24,"dest":26,"values":{"Parameter":1.0,"Return":1.0}},{"src":24,"dest":25,"values":{"Parameter":1.0,"Return":1.0}},{"src":27,"dest":22,"values":{"Parameter":1.0}},{"src":29,"dest":1,"values":{"Implement":1.0,"Import":1.0}},{"src":29,"dest":40,"values":{"Cast":1.0,"Contain":1.0,"Use":1.0}},{"src":29,"dest":15,"values":{"Parameter":1.0,"Import":1.0,"Return":1.0}},{"src":30,"dest":7,"values":{"Parameter":2.0,"Import":1.0,"Use":2.0}},{"src":30,"dest":51,"values":{"Cast":1.0,"Import":1.0,"Contain":1.0,"Use":1.0}},{"src":30,"dest":5,"values":{"Implement":1.0,"Import":1.0}},{"src":30,"dest":32,"values":{"Use":1.0}},{"src":30,"dest":2,"values":{"Parameter":1.0,"Import":1.0,"Return":1.0}},{"src":30,"dest":33,"values":{"Parameter":2.0,"Use":2.0}},{"src":31,"dest":6,"values":{"Implement":1.0,"Import":1.0}},{"src":32,"dest":3,"values":{"Parameter":1.0,"Import":1.0,"Return":1.0}},{"src":32,"dest":7,"values":{"Implement":1.0,"Import":1.0}},{"src":32,"dest":31,"values":{"Cast":1.0,"Contain":1.0,"Use":1.0}},{"src":32,"dest":52,"values":{"Cast":1.0,"Import":1.0,"Contain":1.0,"Use":1.0}},{"src":32,"dest":6,"values":{"Parameter":1.0,"Import":1.0,"Return":1.0}},{"src":33,"dest":8,"values":{"Implement":1.0,"Import":1.0}},{"src":33,"dest":30,"values":{"Cast":1.0,"Contain":1.0,"Use":1.0}},{"src":33,"dest":37,"values":{"Cast":1.0,"Contain":1.0,"Use":1.0}},{"src":33,"dest":5,"values":{"Parameter":1.0,"Import":1.0,"Return":1.0}},{"src":33,"dest":12,"values":{"Parameter":1.0,"Import":1.0,"Return":1.0}},{"src":34,"dest":10,"values":{"Parameter":1.0,"Import":1.0,"Return":1.0}},{"src":34,"dest":35,"values":{"Cast":1.0,"Contain":1.0,"Use":1.0}},{"src":34,"dest":9,"values":{"Implement":1.0,"Import":1.0}},{"src":35,"dest":10,"values":{"Implement":1.0,"Import":1.0}},{"src":36,"dest":11,"values":{"Implement":1.0,"Import":1.0}},{"src":36,"dest":37,"values":{"Parameter":2.0,"Use":2.0}},{"src":37,"dest":27,"values":{"Call":1.0,"Parameter":6.0,"Import":1.0,"Contain":1.0,"Use":5.0}},{"src":37,"dest":36,"values":{"Cast":1.0,"Contain":1.0,"Use":1.0}},{"src":37,"dest":11,"values":{"Parameter":1.0,"Import":1.0,"Return":1.0}},{"src":37,"dest":50,"values":{"Use":1.0}},{"src":37,"dest":34,"values":{"Cast":1.0,"Contain":1.0,"Use":1.0}},{"src":37,"dest":12,"values":{"Implement":1.0,"Import":1.0}},{"src":37,"dest":9,"values":{"Parameter":1.0,"Import":1.0,"Return":1.0}},{"src":38,"dest":44,"values":{"Cast":1.0,"Contain":1.0,"Use":1.0}},{"src":38,"dest":13,"values":{"Implement":1.0,"Import":1.0}},{"src":38,"dest":40,"values":{"Parameter":2.0,"Use":2.0}},{"src":38,"dest":21,"values":{"Parameter":1.0,"Import":1.0,"Return":1.0}},{"src":39,"dest":14,"values":{"Implement":1.0,"Import":1.0}},{"src":40,"dest":1,"values":{"Parameter":3.0,"Contain":1.0,"Use":3.0}},{"src":40,"dest":27,"values":{"Parameter":4.0,"Return":4.0}},{"src":40,"dest":29,"values":{"Cast":1.0,"Parameter":2.0,"Contain":1.0,"Use":2.0}},{"src":40,"dest":14,"values":{"Parameter":1.0,"Return":1.0}},{"src":40,"dest":13,"values":{"Parameter":1.0,"Return":1.0}},{"src":40,"dest":39,"values":{"Cast":1.0,"Contain":1.0,"Use":1.0}},{"src":40,"dest":37,"values":{"Cast":1.0,"Contain":1.0,"Use":1.0}},{"src":40,"dest":38,"values":{"Cast":1.0,"Contain":1.0,"Use":1.0}},{"src":40,"dest":50,"values":{"Cast":4.0,"Contain":4.0,"Use":4.0}},{"src":40,"dest":12,"values":{"Parameter":1.0,"Return":1.0}},{"src":40,"dest":15,"values":{"Implement":1.0}},{"src":41,"dest":27,"values":{"Parameter":1.0,"Return":1.0}},{"src":41,"dest":30,"values":{"Cast":1.0,"Contain":1.0,"Use":1.0}},{"src":41,"dest":18,"values":{"Implement":1.0}},{"src":41,"dest":40,"values":{"Cast":1.0,"Contain":1.0,"Use":1.0}},{"src":41,"dest":53,"values":{"Cast":1.0,"Import":1.0,"Contain":1.0,"Use":1.0}},{"src":41,"dest":42,"values":{"Parameter":2.0,"Use":2.0}},{"src":41,"dest":4,"values":{"Parameter":1.0,"Return":1.0}},{"src":41,"dest":50,"values":{"Cast":1.0,"Contain":1.0,"Use":1.0}},{"src":41,"dest":5,"values":{"Parameter":1.0,"Return":1.0}},{"src":41,"dest":15,"values":{"Parameter":1.0,"Return":1.0}},{"src":42,"dest":19,"values":{"Implement":1.0,"Import":1.0}},{"src":42,"dest":18,"values":{"Parameter":2.0,"Import":1.0,"Return":2.0}},{"src":42,"dest":41,"values":{"Cast":2.0,"Contain":2.0,"Use":2.0}},{"src":42,"dest":43,"values":{"Cast":1.0,"Contain":1.0,"Use":1.0}},{"src":42,"dest":20,"values":{"Parameter":1.0,"Import":1.0,"Return":1.0}},{"src":43,"dest":20,"values":{"Implement":1.0,"Import":1.0}},{"src":44,"dest":21,"values":{"Implement":1.0,"Import":1.0}},{"src":45,"dest":22,"values":{"Implement":1.0,"Import":1.0}},{"src":46,"dest":23,"values":{"Implement":1.0,"Import":1.0}},{"src":46,"dest":47,"values":{"Parameter":2.0,"Use":2.0}},{"src":47,"dest":49,"values":{"Cast":1.0,"Contain":1.0,"Use":1.0}},{"src":47,"dest":24,"values":{"Implement":1.0,"Import":1.0}},{"src":47,"dest":23,"values":{"Parameter":1.0,"Import":1.0,"Return":1.0}},{"src":47,"dest":26,"values":{"Parameter":1.0,"Import":1.0,"Return":1.0}},{"src":47,"dest":48,"values":{"Cast":1.0,"Contain":1.0,"Use":1.0}},{"src":47,"dest":46,"values":{"Cast":1.0,"Contain":1.0,"Use":1.0}},{"src":47,"dest":25,"values":{"Parameter":1.0,"Import":1.0,"Return":1.0}},{"src":48,"dest":25,"values":{"Implement":1.0,"Import":1.0}},{"src":49,"dest":26,"values":{"Implement":1.0,"Import":1.0}},{"src":50,"dest":27,"values":{"Implement":1.0,"Import":1.0}},{"src":50,"dest":22,"values":{"Parameter":3.0,"Import":1.0,"Contain":1.0,"Use":2.0}},{"src":50,"dest":37,"values":{"Use":1.0}},{"src":50,"dest":12,"values":{"Parameter":2.0,"Import":1.0,"Use":2.0}},{"src":50,"dest":45,"values":{"Use":1.0}},{"src":51,"dest":2,"values":{"Implement":1.0,"Import":1.0}},{"src":52,"dest":3,"values":{"Implement":1.0,"Import":1.0}},{"src":53,"dest":4,"values":{"Implement":1.0,"Import":1.0}}],"relationTypes":["Return","Parameter","Import","Implement","Cast","Contain","Use","Call"]}