{"name":"fg_093.json","variables":["femr/data/daos/core/IMedicationRepository.java","femr/data/models/core/IConceptMedicationForm.java","femr/data/models/core/IConceptMedicationUnit.java","femr/data/models/core/IMedication.java","femr/data/models/core/IMedicationGeneric.java","femr/data/models/core/IMedicationGenericStrength.java","femr/data/models/core/IMedicationInventory.java","femr/data/models/core/IMissionCity.java","femr/data/models/core/IMissionCountry.java","femr/data/models/core/IMissionTeam.java","femr/data/models/core/IMissionTrip.java","femr/data/models/core/IRole.java","femr/data/models/core/IUser.java","femr/data/models/mysql/Medication.java","femr/data/models/mysql/MedicationGeneric.java","femr/data/models/mysql/MedicationGenericStrength.java","femr/data/models/mysql/MedicationInventory.java","femr/data/models/mysql/MissionCity.java","femr/data/models/mysql/MissionCountry.java","femr/data/models/mysql/MissionTeam.java","femr/data/models/mysql/MissionTrip.java","femr/data/models/mysql/Role.java","femr/data/models/mysql/User.java","femr/data/models/mysql/concepts/ConceptMedicationForm.java","femr/data/models/mysql/concepts/ConceptMedicationUnit.java"],"cells":[{"src":0,"dest":6,"values":{"Parameter":1.0,"Return":2.0}},{"src":0,"dest":2,"values":{"Return":1.0}},{"src":0,"dest":4,"values":{"Return":1.0}},{"src":0,"dest":3,"values":{"Return":4.0}},{"src":0,"dest":1,"values":{"Parameter":1.0,"Return":1.0}},{"src":3,"dest":16,"values":{"Import":1.0}},{"src":3,"dest":1,"values":{"Parameter":1.0,"Return":1.0}},{"src":5,"dest":2,"values":{"Parameter":1.0,"Return":1.0}},{"src":5,"dest":4,"values":{"Parameter":1.0,"Return":1.0}},{"src":6,"dest":3,"values":{"Parameter":1.0,"Return":1.0}},{"src":6,"dest":10,"values":{"Parameter":1.0,"Return":1.0}},{"src":7,"dest":8,"values":{"Parameter":1.0,"Return":1.0}},{"src":9,"dest":20,"values":{"Import":1.0}},{"src":10,"dest":12,"values":{"Parameter":1.0}},{"src":10,"dest":9,"values":{"Parameter":1.0,"Return":1.0}},{"src":10,"dest":7,"values":{"Parameter":1.0,"Return":1.0}},{"src":12,"dest":11,"values":{"Parameter":1.0}},{"src":13,"dest":5,"values":{"Parameter":2.0,"Import":1.0,"Use":2.0}},{"src":13,"dest":23,"values":{"Cast":1.0,"Import":1.0,"Contain":1.0,"Use":1.0}},{"src":13,"dest":3,"values":{"Implement":1.0,"Import":1.0}},{"src":13,"dest":15,"values":{"Use":1.0}},{"src":13,"dest":1,"values":{"Parameter":1.0,"Import":1.0,"Return":1.0}},{"src":13,"dest":16,"values":{"Parameter":2.0,"Use":2.0}},{"src":14,"dest":4,"values":{"Implement":1.0,"Import":1.0}},{"src":15,"dest":2,"values":{"Parameter":1.0,"Import":1.0,"Return":1.0}},{"src":15,"dest":5,"values":{"Implement":1.0,"Import":1.0}},{"src":15,"dest":14,"values":{"Cast":1.0,"Contain":1.0,"Use":1.0}},{"src":15,"dest":24,"values":{"Cast":1.0,"Import":1.0,"Contain":1.0,"Use":1.0}},{"src":15,"dest":4,"values":{"Parameter":1.0,"Import":1.0,"Return":1.0}},{"src":16,"dest":6,"values":{"Implement":1.0,"Import":1.0}},{"src":16,"dest":13,"values":{"Cast":1.0,"Contain":1.0,"Use":1.0}},{"src":16,"dest":20,"values":{"Cast":1.0,"Contain":1.0,"Use":1.0}},{"src":16,"dest":3,"values":{"Parameter":1.0,"Import":1.0,"Return":1.0}},{"src":16,"dest":10,"values":{"Parameter":1.0,"Import":1.0,"Return":1.0}},{"src":17,"dest":8,"values":{"Parameter":1.0,"Import":1.0,"Return":1.0}},{"src":17,"dest":18,"values":{"Cast":1.0,"Contain":1.0,"Use":1.0}},{"src":17,"dest":7,"values":{"Implement":1.0,"Import":1.0}},{"src":18,"dest":8,"values":{"Implement":1.0,"Import":1.0}},{"src":19,"dest":9,"values":{"Implement":1.0,"Import":1.0}},{"src":19,"dest":20,"values":{"Parameter":2.0,"Use":2.0}},{"src":20,"dest":12,"values":{"Call":1.0,"Parameter":6.0,"Import":1.0,"Contain":1.0,"Use":5.0}},{"src":20,"dest":19,"values":{"Cast":1.0,"Contain":1.0,"Use":1.0}},{"src":20,"dest":9,"values":{"Parameter":1.0,"Import":1.0,"Return":1.0}},{"src":20,"dest":22,"values":{"Use":1.0}},{"src":20,"dest":17,"values":{"Cast":1.0,"Contain":1.0,"Use":1.0}},{"src":20,"dest":10,"values":{"Implement":1.0,"Import":1.0}},{"src":20,"dest":7,"values":{"Parameter":1.0,"Import":1.0,"Return":1.0}},{"src":21,"dest":11,"values":{"Implement":1.0,"Import":1.0}},{"src":22,"dest":12,"values":{"Implement":1.0,"Import":1.0}},{"src":22,"dest":11,"values":{"Parameter":3.0,"Import":1.0,"Contain":1.0,"Use":2.0}},{"src":22,"dest":20,"values":{"Use":1.0}},{"src":22,"dest":10,"values":{"Parameter":2.0,"Import":1.0,"Use":2.0}},{"src":22,"dest":21,"values":{"Use":1.0}},{"src":23,"dest":1,"values":{"Implement":1.0,"Import":1.0}},{"src":24,"dest":2,"values":{"Implement":1.0,"Import":1.0}}],"relationTypes":["Parameter","Return","Import","Use","Cast","Contain","Implement","Call"]}