{"name":"fg_067.json","variables":["femr/data/models/core/ITab.java","femr/data/models/core/ITabField.java","femr/data/models/core/ITabFieldSize.java","femr/data/models/core/ITabFieldType.java","femr/data/models/mysql/Tab.java","femr/data/models/mysql/TabField.java","femr/data/models/mysql/TabFieldSize.java","femr/data/models/mysql/TabFieldType.java"],"cells":[{"src":0,"dest":5,"values":{"Import":1.0}},{"src":1,"dest":0,"values":{"Parameter":1.0,"Return":1.0}},{"src":1,"dest":3,"values":{"Parameter":1.0,"Return":1.0}},{"src":1,"dest":2,"values":{"Parameter":1.0,"Return":1.0}},{"src":4,"dest":0,"values":{"Implement":1.0,"Import":1.0}},{"src":4,"dest":5,"values":{"Parameter":2.0,"Use":2.0}},{"src":5,"dest":7,"values":{"Cast":1.0,"Contain":1.0,"Use":1.0}},{"src":5,"dest":1,"values":{"Implement":1.0,"Import":1.0}},{"src":5,"dest":0,"values":{"Parameter":1.0,"Import":1.0,"Return":1.0}},{"src":5,"dest":3,"values":{"Parameter":1.0,"Import":1.0,"Return":1.0}},{"src":5,"dest":6,"values":{"Cast":1.0,"Contain":1.0,"Use":1.0}},{"src":5,"dest":4,"values":{"Cast":1.0,"Contain":1.0,"Use":1.0}},{"src":5,"dest":2,"values":{"Parameter":1.0,"Import":1.0,"Return":1.0}},{"src":6,"dest":2,"values":{"Implement":1.0,"Import":1.0}},{"src":7,"dest":3,"values":{"Implement":1.0,"Import":1.0}}],"relationTypes":["Import","Parameter","Return","Implement","Use","Cast","Contain"]}