{"name":"fg_087.json","variables":["femr/business/helpers/QueryProvider.java","femr/data/models/core/IChiefComplaint.java","femr/data/models/core/IConceptMedicationForm.java","femr/data/models/core/IConceptMedicationUnit.java","femr/data/models/core/IConceptPrescriptionAdministration.java","femr/data/models/core/IMedication.java","femr/data/models/core/IMedicationGeneric.java","femr/data/models/core/IMedicationGenericStrength.java","femr/data/models/core/IMedicationInventory.java","femr/data/models/core/IMissionCity.java","femr/data/models/core/IMissionCountry.java","femr/data/models/core/IMissionTeam.java","femr/data/models/core/IMissionTrip.java","femr/data/models/core/IPatient.java","femr/data/models/core/IPatientAgeClassification.java","femr/data/models/core/IPatientEncounter.java","femr/data/models/core/IPatientEncounterPhoto.java","femr/data/models/core/IPatientEncounterTabField.java","femr/data/models/core/IPatientEncounterVital.java","femr/data/models/core/IPatientPrescription.java","femr/data/models/core/IPatientPrescriptionReplacement.java","femr/data/models/core/IPatientPrescriptionReplacementReason.java","femr/data/models/core/IPhoto.java","femr/data/models/core/IRole.java","femr/data/models/core/ISystemSetting.java","femr/data/models/core/ITab.java","femr/data/models/core/ITabField.java","femr/data/models/core/ITabFieldSize.java","femr/data/models/core/ITabFieldType.java","femr/data/models/core/IUser.java","femr/data/models/core/IVital.java","femr/data/models/core/research/IResearchEncounter.java","femr/data/models/core/research/IResearchEncounterVital.java","femr/data/models/mysql/ChiefComplaint.java","femr/data/models/mysql/Medication.java","femr/data/models/mysql/MedicationGeneric.java","femr/data/models/mysql/MedicationGenericStrength.java","femr/data/models/mysql/MedicationInventory.java","femr/data/models/mysql/MissionCity.java","femr/data/models/mysql/MissionCountry.java","femr/data/models/mysql/MissionTeam.java","femr/data/models/mysql/MissionTrip.java","femr/data/models/mysql/Patient.java","femr/data/models/mysql/PatientAgeClassification.java","femr/data/models/mysql/PatientEncounter.java","femr/data/models/mysql/PatientEncounterPhoto.java","femr/data/models/mysql/PatientEncounterTabField.java","femr/data/models/mysql/PatientEncounterVital.java","femr/data/models/mysql/PatientPrescription.java","femr/data/models/mysql/PatientPrescriptionReplacement.java","femr/data/models/mysql/PatientPrescriptionReplacementReason.java","femr/data/models/mysql/Photo.java","femr/data/models/mysql/Role.java","femr/data/models/mysql/SystemSetting.java","femr/data/models/mysql/Tab.java","femr/data/models/mysql/TabField.java","femr/data/models/mysql/TabFieldSize.java","femr/data/models/mysql/TabFieldType.java","femr/data/models/mysql/User.java","femr/data/models/mysql/Vital.java","femr/data/models/mysql/concepts/ConceptMedication.java","femr/data/models/mysql/concepts/ConceptMedicationForm.java","femr/data/models/mysql/concepts/ConceptMedicationGeneric.java","femr/data/models/mysql/concepts/ConceptMedicationGenericStrength.java","femr/data/models/mysql/concepts/ConceptMedicationUnit.java","femr/data/models/mysql/concepts/ConceptPrescriptionAdministration.java","femr/data/models/mysql/research/ResearchEncounter.java","femr/data/models/mysql/research/ResearchEncounterVital.java"],"cells":[{"src":0,"dest":46,"values":{"Use":1.0}},{"src":0,"dest":53,"values":{"Use":1.0}},{"src":0,"dest":48,"values":{"Use":1.0}},{"src":0,"dest":67,"values":{"Use":1.0,"Import":1.0}},{"src":0,"dest":61,"values":{"Use":1.0,"Import":1.0}},{"src":0,"dest":39,"values":{"Use":1.0}},{"src":0,"dest":58,"values":{"Use":1.0}},{"src":0,"dest":50,"values":{"Use":1.0}},{"src":0,"dest":56,"values":{"Use":1.0}},{"src":0,"dest":55,"values":{"Use":1.0}},{"src":0,"dest":37,"values":{"Use":1.0}},{"src":0,"dest":59,"values":{"Use":1.0}},{"src":0,"dest":51,"values":{"Use":1.0}},{"src":0,"dest":60,"values":{"Use":1.0,"Import":1.0}},{"src":0,"dest":35,"values":{"Use":1.0}},{"src":0,"dest":44,"values":{"Use":1.0}},{"src":0,"dest":66,"values":{"Use":1.0,"Import":1.0}},{"src":0,"dest":54,"values":{"Use":1.0}},{"src":0,"dest":34,"values":{"Use":1.0}},{"src":0,"dest":43,"values":{"Use":1.0}},{"src":0,"dest":40,"values":{"Use":1.0}},{"src":0,"dest":64,"values":{"Use":1.0,"Import":1.0}},{"src":0,"dest":47,"values":{"Use":1.0}},{"src":0,"dest":49,"values":{"Use":1.0}},{"src":0,"dest":42,"values":{"Use":1.0}},{"src":0,"dest":52,"values":{"Use":1.0}},{"src":0,"dest":33,"values":{"Use":1.0}},{"src":0,"dest":57,"values":{"Use":1.0}},{"src":0,"dest":41,"values":{"Use":1.0}},{"src":0,"dest":45,"values":{"Use":1.0}},{"src":0,"dest":38,"values":{"Use":1.0}},{"src":1,"dest":15,"values":{"Parameter":1.0,"Return":1.0}},{"src":5,"dest":37,"values":{"Import":1.0}},{"src":5,"dest":2,"values":{"Parameter":1.0,"Return":1.0}},{"src":7,"dest":3,"values":{"Parameter":1.0,"Return":1.0}},{"src":7,"dest":6,"values":{"Parameter":1.0,"Return":1.0}},{"src":8,"dest":5,"values":{"Parameter":1.0,"Return":1.0}},{"src":8,"dest":12,"values":{"Parameter":1.0,"Return":1.0}},{"src":9,"dest":10,"values":{"Parameter":1.0,"Return":1.0}},{"src":11,"dest":41,"values":{"Import":1.0}},{"src":12,"dest":29,"values":{"Parameter":1.0}},{"src":12,"dest":11,"values":{"Parameter":1.0,"Return":1.0}},{"src":12,"dest":9,"values":{"Parameter":1.0,"Return":1.0}},{"src":13,"dest":44,"values":{"Import":1.0}},{"src":13,"dest":22,"values":{"Parameter":1.0,"Return":1.0}},{"src":15,"dest":29,"values":{"Parameter":4.0,"Return":4.0}},{"src":15,"dest":14,"values":{"Parameter":1.0,"Return":1.0}},{"src":15,"dest":13,"values":{"Parameter":1.0,"Return":1.0}},{"src":15,"dest":12,"values":{"Parameter":1.0,"Return":1.0}},{"src":17,"dest":1,"values":{"Parameter":1.0}},{"src":17,"dest":33,"values":{"Import":1.0,"Return":1.0}},{"src":17,"dest":26,"values":{"Parameter":1.0,"Return":1.0}},{"src":17,"dest":58,"values":{"Parameter":1.0,"Import":1.0}},{"src":18,"dest":30,"values":{"Parameter":1.0,"Return":1.0}},{"src":19,"dest":29,"values":{"Parameter":1.0,"Return":1.0}},{"src":19,"dest":49,"values":{"Import":1.0}},{"src":19,"dest":4,"values":{"Parameter":1.0,"Return":1.0}},{"src":19,"dest":5,"values":{"Parameter":1.0,"Return":1.0}},{"src":19,"dest":15,"values":{"Parameter":1.0,"Return":1.0}},{"src":20,"dest":19,"values":{"Parameter":2.0,"Return":2.0}},{"src":20,"dest":21,"values":{"Parameter":1.0,"Return":1.0}},{"src":25,"dest":55,"values":{"Import":1.0}},{"src":26,"dest":25,"values":{"Parameter":1.0,"Return":1.0}},{"src":26,"dest":28,"values":{"Parameter":1.0,"Return":1.0}},{"src":26,"dest":27,"values":{"Parameter":1.0,"Return":1.0}},{"src":29,"dest":23,"values":{"Parameter":1.0}},{"src":31,"dest":29,"values":{"Parameter":3.0,"Return":3.0}},{"src":31,"dest":14,"values":{"Parameter":1.0,"Return":1.0}},{"src":31,"dest":13,"values":{"Parameter":1.0,"Return":1.0}},{"src":31,"dest":48,"values":{"Import":1.0}},{"src":31,"dest":67,"values":{"Import":1.0}},{"src":31,"dest":12,"values":{"Parameter":1.0,"Return":1.0}},{"src":32,"dest":44,"values":{"Import":1.0}},{"src":32,"dest":66,"values":{"Parameter":1.0,"Import":1.0,"Return":1.0}},{"src":32,"dest":30,"values":{"Parameter":1.0,"Import":1.0,"Return":1.0}},{"src":33,"dest":1,"values":{"Implement":1.0,"Import":1.0}},{"src":33,"dest":44,"values":{"Cast":1.0,"Contain":1.0,"Use":1.0}},{"src":33,"dest":15,"values":{"Parameter":1.0,"Import":1.0,"Return":1.0}},{"src":34,"dest":7,"values":{"Parameter":2.0,"Import":1.0,"Use":2.0}},{"src":34,"dest":61,"values":{"Cast":1.0,"Import":1.0,"Contain":1.0,"Use":1.0}},{"src":34,"dest":5,"values":{"Implement":1.0,"Import":1.0}},{"src":34,"dest":36,"values":{"Use":1.0}},{"src":34,"dest":2,"values":{"Parameter":1.0,"Import":1.0,"Return":1.0}},{"src":34,"dest":37,"values":{"Parameter":2.0,"Use":2.0}},{"src":35,"dest":6,"values":{"Implement":1.0,"Import":1.0}},{"src":36,"dest":3,"values":{"Parameter":1.0,"Import":1.0,"Return":1.0}},{"src":36,"dest":7,"values":{"Implement":1.0,"Import":1.0}},{"src":36,"dest":35,"values":{"Cast":1.0,"Contain":1.0,"Use":1.0}},{"src":36,"dest":64,"values":{"Cast":1.0,"Import":1.0,"Contain":1.0,"Use":1.0}},{"src":36,"dest":6,"values":{"Parameter":1.0,"Import":1.0,"Return":1.0}},{"src":37,"dest":8,"values":{"Implement":1.0,"Import":1.0}},{"src":37,"dest":34,"values":{"Cast":1.0,"Contain":1.0,"Use":1.0}},{"src":37,"dest":41,"values":{"Cast":1.0,"Contain":1.0,"Use":1.0}},{"src":37,"dest":5,"values":{"Parameter":1.0,"Import":1.0,"Return":1.0}},{"src":37,"dest":12,"values":{"Parameter":1.0,"Import":1.0,"Return":1.0}},{"src":38,"dest":10,"values":{"Parameter":1.0,"Import":1.0,"Return":1.0}},{"src":38,"dest":39,"values":{"Cast":1.0,"Contain":1.0,"Use":1.0}},{"src":38,"dest":9,"values":{"Implement":1.0,"Import":1.0}},{"src":39,"dest":10,"values":{"Implement":1.0,"Import":1.0}},{"src":40,"dest":11,"values":{"Implement":1.0,"Import":1.0}},{"src":40,"dest":41,"values":{"Parameter":2.0,"Use":2.0}},{"src":41,"dest":29,"values":{"Call":1.0,"Parameter":6.0,"Import":1.0,"Contain":1.0,"Use":5.0}},{"src":41,"dest":40,"values":{"Cast":1.0,"Contain":1.0,"Use":1.0}},{"src":41,"dest":11,"values":{"Parameter":1.0,"Import":1.0,"Return":1.0}},{"src":41,"dest":58,"values":{"Use":1.0}},{"src":41,"dest":38,"values":{"Cast":1.0,"Contain":1.0,"Use":1.0}},{"src":41,"dest":12,"values":{"Implement":1.0,"Import":1.0}},{"src":41,"dest":9,"values":{"Parameter":1.0,"Import":1.0,"Return":1.0}},{"src":42,"dest":51,"values":{"Cast":1.0,"Contain":1.0,"Use":1.0}},{"src":42,"dest":13,"values":{"Implement":1.0,"Import":1.0}},{"src":42,"dest":44,"values":{"Parameter":2.0,"Use":2.0}},{"src":42,"dest":22,"values":{"Parameter":1.0,"Import":1.0,"Return":1.0}},{"src":43,"dest":14,"values":{"Implement":1.0,"Import":1.0}},{"src":44,"dest":1,"values":{"Parameter":3.0,"Contain":1.0,"Use":3.0}},{"src":44,"dest":29,"values":{"Parameter":4.0,"Return":4.0}},{"src":44,"dest":33,"values":{"Cast":1.0,"Parameter":2.0,"Contain":1.0,"Use":2.0}},{"src":44,"dest":14,"values":{"Parameter":1.0,"Return":1.0}},{"src":44,"dest":13,"values":{"Parameter":1.0,"Return":1.0}},{"src":44,"dest":43,"values":{"Cast":1.0,"Contain":1.0,"Use":1.0}},{"src":44,"dest":41,"values":{"Cast":1.0,"Contain":1.0,"Use":1.0}},{"src":44,"dest":42,"values":{"Cast":1.0,"Contain":1.0,"Use":1.0}},{"src":44,"dest":58,"values":{"Cast":4.0,"Contain":4.0,"Use":4.0}},{"src":44,"dest":12,"values":{"Parameter":1.0,"Return":1.0}},{"src":44,"dest":15,"values":{"Implement":1.0}},{"src":45,"dest":16,"values":{"Implement":1.0,"Import":1.0}},{"src":46,"dest":1,"values":{"Parameter":1.0,"Import":1.0}},{"src":46,"dest":33,"values":{"Cast":1.0,"Return":1.0,"Contain":1.0,"Use":1.0}},{"src":46,"dest":17,"values":{"Implement":1.0,"Import":1.0}},{"src":46,"dest":26,"values":{"Parameter":1.0,"Import":1.0,"Return":1.0}},{"src":46,"dest":58,"values":{"Call":2.0,"Parameter":1.0,"Contain":1.0,"Use":1.0}},{"src":46,"dest":55,"values":{"Cast":1.0,"Contain":1.0,"Use":1.0}},{"src":47,"dest":18,"values":{"Implement":1.0,"Import":1.0}},{"src":47,"dest":59,"values":{"Cast":1.0,"Contain":1.0,"Use":1.0}},{"src":47,"dest":30,"values":{"Parameter":1.0,"Import":1.0,"Return":1.0}},{"src":48,"dest":29,"values":{"Parameter":1.0,"Return":1.0}},{"src":48,"dest":34,"values":{"Cast":1.0,"Contain":1.0,"Use":1.0}},{"src":48,"dest":19,"values":{"Implement":1.0}},{"src":48,"dest":44,"values":{"Cast":1.0,"Contain":1.0,"Use":1.0}},{"src":48,"dest":65,"values":{"Cast":1.0,"Import":1.0,"Contain":1.0,"Use":1.0}},{"src":48,"dest":49,"values":{"Parameter":2.0,"Use":2.0}},{"src":48,"dest":4,"values":{"Parameter":1.0,"Return":1.0}},{"src":48,"dest":58,"values":{"Cast":1.0,"Contain":1.0,"Use":1.0}},{"src":48,"dest":5,"values":{"Parameter":1.0,"Return":1.0}},{"src":48,"dest":15,"values":{"Parameter":1.0,"Return":1.0}},{"src":49,"dest":20,"values":{"Implement":1.0,"Import":1.0}},{"src":49,"dest":19,"values":{"Parameter":2.0,"Import":1.0,"Return":2.0}},{"src":49,"dest":48,"values":{"Cast":2.0,"Contain":2.0,"Use":2.0}},{"src":49,"dest":50,"values":{"Cast":1.0,"Contain":1.0,"Use":1.0}},{"src":49,"dest":21,"values":{"Parameter":1.0,"Import":1.0,"Return":1.0}},{"src":50,"dest":21,"values":{"Implement":1.0,"Import":1.0}},{"src":51,"dest":22,"values":{"Implement":1.0,"Import":1.0}},{"src":52,"dest":23,"values":{"Implement":1.0,"Import":1.0}},{"src":53,"dest":24,"values":{"Implement":1.0,"Import":1.0}},{"src":54,"dest":25,"values":{"Implement":1.0,"Import":1.0}},{"src":54,"dest":55,"values":{"Parameter":2.0,"Use":2.0}},{"src":55,"dest":57,"values":{"Cast":1.0,"Contain":1.0,"Use":1.0}},{"src":55,"dest":26,"values":{"Implement":1.0,"Import":1.0}},{"src":55,"dest":25,"values":{"Parameter":1.0,"Import":1.0,"Return":1.0}},{"src":55,"dest":28,"values":{"Parameter":1.0,"Import":1.0,"Return":1.0}},{"src":55,"dest":56,"values":{"Cast":1.0,"Contain":1.0,"Use":1.0}},{"src":55,"dest":54,"values":{"Cast":1.0,"Contain":1.0,"Use":1.0}},{"src":55,"dest":27,"values":{"Parameter":1.0,"Import":1.0,"Return":1.0}},{"src":56,"dest":27,"values":{"Implement":1.0,"Import":1.0}},{"src":57,"dest":28,"values":{"Implement":1.0,"Import":1.0}},{"src":58,"dest":29,"values":{"Implement":1.0,"Import":1.0}},{"src":58,"dest":23,"values":{"Parameter":3.0,"Import":1.0,"Contain":1.0,"Use":2.0}},{"src":58,"dest":41,"values":{"Use":1.0}},{"src":58,"dest":12,"values":{"Parameter":2.0,"Import":1.0,"Use":2.0}},{"src":58,"dest":52,"values":{"Use":1.0}},{"src":59,"dest":30,"values":{"Implement":1.0,"Import":1.0}},{"src":60,"dest":7,"values":{"Parameter":2.0,"Import":1.0,"Use":2.0}},{"src":60,"dest":61,"values":{"Cast":1.0,"Contain":1.0,"Use":1.0}},{"src":60,"dest":5,"values":{"Implement":1.0,"Import":1.0}},{"src":60,"dest":37,"values":{"Import":1.0}},{"src":60,"dest":2,"values":{"Parameter":1.0,"Import":1.0,"Return":1.0}},{"src":60,"dest":63,"values":{"Use":1.0}},{"src":61,"dest":2,"values":{"Implement":1.0,"Import":1.0}},{"src":62,"dest":6,"values":{"Implement":1.0,"Import":1.0}},{"src":63,"dest":3,"values":{"Parameter":1.0,"Import":1.0,"Return":1.0}},{"src":63,"dest":7,"values":{"Implement":1.0,"Import":1.0}},{"src":63,"dest":64,"values":{"Cast":1.0,"Contain":1.0,"Use":1.0}},{"src":63,"dest":62,"values":{"Cast":1.0,"Contain":1.0,"Use":1.0}},{"src":63,"dest":6,"values":{"Parameter":1.0,"Import":1.0,"Return":1.0}},{"src":64,"dest":3,"values":{"Implement":1.0,"Import":1.0}},{"src":65,"dest":4,"values":{"Implement":1.0,"Import":1.0}},{"src":66,"dest":1,"values":{"Parameter":3.0,"Contain":1.0,"Use":3.0}},{"src":66,"dest":14,"values":{"Parameter":1.0,"Return":1.0}},{"src":66,"dest":43,"values":{"Cast":1.0,"Contain":1.0,"Use":1.0}},{"src":66,"dest":31,"values":{"Implement":1.0,"Import":1.0}},{"src":66,"dest":48,"values":{"Parameter":2.0,"Use":2.0}},{"src":66,"dest":67,"values":{"Parameter":2.0,"Use":2.0}},{"src":66,"dest":42,"values":{"Cast":1.0,"Contain":1.0,"Use":1.0}},{"src":66,"dest":58,"values":{"Cast":3.0,"Contain":3.0,"Use":3.0}},{"src":66,"dest":29,"values":{"Parameter":3.0,"Return":3.0}},{"src":66,"dest":33,"values":{"Cast":1.0,"Parameter":2.0,"Contain":1.0,"Use":2.0}},{"src":66,"dest":13,"values":{"Parameter":1.0,"Return":1.0}},{"src":66,"dest":41,"values":{"Cast":1.0,"Contain":1.0,"Use":1.0}},{"src":66,"dest":12,"values":{"Parameter":1.0,"Return":1.0}},{"src":67,"dest":44,"values":{"Import":1.0}},{"src":67,"dest":32,"values":{"Implement":1.0,"Import":1.0}},{"src":67,"dest":66,"values":{"Parameter":1.0,"Return":1.0,"Contain":1.0,"Use":1.0}},{"src":67,"dest":59,"values":{"Cast":1.0,"Import":1.0,"Contain":1.0,"Use":1.0}},{"src":67,"dest":30,"values":{"Parameter":1.0,"Import":1.0,"Return":1.0}}],"relationTypes":["Use","Import","Parameter","Return","Implement","Cast","Contain","Call"]}