{"name":"fg_091.json","variables":["femr/business/services/core/IMissionTripService.java","femr/business/services/core/ISessionService.java","femr/business/services/core/IUserService.java","femr/business/services/system/SessionService.java","femr/business/wrappers/sessions/ISessionHelper.java","femr/common/dtos/CurrentUser.java","femr/common/dtos/ServiceResponse.java","femr/common/models/MissionTripItem.java","femr/common/models/TeamItem.java","femr/common/models/TripItem.java","femr/common/models/UserItem.java","femr/data/IDataModelMapper.java","femr/data/daos/core/IUserRepository.java","femr/data/models/core/IChiefComplaint.java","femr/data/models/core/IConceptMedicationForm.java","femr/data/models/core/IConceptMedicationUnit.java","femr/data/models/core/IConceptPrescriptionAdministration.java","femr/data/models/core/ILoginAttempt.java","femr/data/models/core/IMedication.java","femr/data/models/core/IMedicationGeneric.java","femr/data/models/core/IMedicationGenericStrength.java","femr/data/models/core/IMedicationInventory.java","femr/data/models/core/IMissionCity.java","femr/data/models/core/IMissionCountry.java","femr/data/models/core/IMissionTeam.java","femr/data/models/core/IMissionTrip.java","femr/data/models/core/IPatient.java","femr/data/models/core/IPatientAgeClassification.java","femr/data/models/core/IPatientEncounter.java","femr/data/models/core/IPatientEncounterTabField.java","femr/data/models/core/IPatientEncounterVital.java","femr/data/models/core/IPatientPrescription.java","femr/data/models/core/IPatientPrescriptionReplacement.java","femr/data/models/core/IPatientPrescriptionReplacementReason.java","femr/data/models/core/IPhoto.java","femr/data/models/core/IRole.java","femr/data/models/core/ITab.java","femr/data/models/core/ITabField.java","femr/data/models/core/ITabFieldSize.java","femr/data/models/core/ITabFieldType.java","femr/data/models/core/IUser.java","femr/data/models/core/IVital.java","femr/data/models/mysql/ChiefComplaint.java","femr/data/models/mysql/Medication.java","femr/data/models/mysql/MedicationGeneric.java","femr/data/models/mysql/MedicationGenericStrength.java","femr/data/models/mysql/MedicationInventory.java","femr/data/models/mysql/MissionCity.java","femr/data/models/mysql/MissionCountry.java","femr/data/models/mysql/MissionTeam.java","femr/data/models/mysql/MissionTrip.java","femr/data/models/mysql/Patient.java","femr/data/models/mysql/PatientAgeClassification.java","femr/data/models/mysql/PatientEncounter.java","femr/data/models/mysql/PatientPrescription.java","femr/data/models/mysql/PatientPrescriptionReplacement.java","femr/data/models/mysql/PatientPrescriptionReplacementReason.java","femr/data/models/mysql/Photo.java","femr/data/models/mysql/Role.java","femr/data/models/mysql/Tab.java","femr/data/models/mysql/TabField.java","femr/data/models/mysql/TabFieldSize.java","femr/data/models/mysql/TabFieldType.java","femr/data/models/mysql/User.java","femr/data/models/mysql/concepts/ConceptMedicationForm.java","femr/data/models/mysql/concepts/ConceptMedicationUnit.java","femr/data/models/mysql/concepts/ConceptPrescriptionAdministration.java","femr/util/encryptions/IPasswordEncryptor.java"],"cells":[{"src":0,"dest":6,"values":{"Import":1.0,"Return":10.0}},{"src":0,"dest":25,"values":{"Import":1.0}},{"src":0,"dest":9,"values":{"Parameter":1.0}},{"src":0,"dest":8,"values":{"Parameter":1.0}},{"src":1,"dest":6,"values":{"Import":1.0,"Return":1.0}},{"src":1,"dest":5,"values":{"Import":1.0,"Return":1.0}},{"src":2,"dest":10,"values":{"Parameter":2.0,"Import":1.0}},{"src":2,"dest":40,"values":{"Parameter":1.0,"Import":1.0,"Return":2.0}},{"src":2,"dest":6,"values":{"Import":1.0,"Return":8.0}},{"src":2,"dest":35,"values":{"Import":1.0}},{"src":3,"dest":0,"values":{"Call":2.0,"Parameter":1.0,"Import":1.0,"Contain":1.0,"Use":1.0}},{"src":3,"dest":40,"values":{"Call":9.0,"Parameter":1.0,"Contain":2.0}},{"src":3,"dest":6,"values":{"Call":4.0,"Import":1.0,"Return":1.0,"Contain":1.0,"Create":1.0}},{"src":3,"dest":1,"values":{"Implement":1.0,"Import":1.0}},{"src":3,"dest":12,"values":{"Call":1.0,"Parameter":1.0,"Import":1.0,"Contain":1.0,"Use":1.0}},{"src":3,"dest":2,"values":{"Call":2.0,"Parameter":1.0,"Import":1.0,"Contain":1.0,"Use":1.0}},{"src":3,"dest":67,"values":{"Call":1.0,"Parameter":1.0,"Import":1.0,"Contain":1.0,"Use":1.0}},{"src":3,"dest":5,"values":{"Call":1.0,"Import":1.0,"Return":2.0,"Use":3.0,"Create":1.0,"Parameter":3.0}},{"src":3,"dest":11,"values":{"Parameter":1.0,"Import":1.0,"Contain":1.0,"Use":1.0}},{"src":3,"dest":25,"values":{"Parameter":6.0,"Use":6.0}},{"src":3,"dest":4,"values":{"Call":3.0,"Parameter":1.0,"Import":1.0,"Contain":1.0,"Use":1.0}},{"src":5,"dest":35,"values":{"Parameter":2.0,"Import":1.0,"Use":2.0}},{"src":6,"dest":7,"values":{"Import":1.0}},{"src":11,"dest":13,"values":{"Return":1.0}},{"src":11,"dest":32,"values":{"Return":1.0}},{"src":11,"dest":24,"values":{"Parameter":1.0,"Return":1.0}},{"src":11,"dest":34,"values":{"Return":1.0}},{"src":11,"dest":35,"values":{"Return":1.0}},{"src":11,"dest":30,"values":{"Return":1.0}},{"src":11,"dest":19,"values":{"Parameter":1.0,"Return":1.0}},{"src":11,"dest":18,"values":{"Return":2.0}},{"src":11,"dest":22,"values":{"Parameter":1.0,"Return":1.0}},{"src":11,"dest":40,"values":{"Return":2.0}},{"src":11,"dest":21,"values":{"Return":1.0}},{"src":11,"dest":26,"values":{"Return":1.0}},{"src":11,"dest":23,"values":{"Parameter":1.0}},{"src":11,"dest":20,"values":{"Return":1.0}},{"src":11,"dest":31,"values":{"Return":1.0}},{"src":11,"dest":29,"values":{"Return":1.0}},{"src":11,"dest":36,"values":{"Return":1.0}},{"src":11,"dest":37,"values":{"Return":1.0}},{"src":11,"dest":25,"values":{"Return":1.0}},{"src":11,"dest":14,"values":{"Parameter":1.0,"Return":1.0}},{"src":12,"dest":40,"values":{"Parameter":2.0,"Import":1.0,"Return":4.0}},{"src":12,"dest":35,"values":{"Import":1.0,"Return":2.0}},{"src":12,"dest":17,"values":{"Import":1.0,"Return":1.0}},{"src":13,"dest":28,"values":{"Parameter":1.0,"Return":1.0}},{"src":17,"dest":40,"values":{"Parameter":1.0}},{"src":17,"dest":63,"values":{"Import":1.0,"Return":1.0}},{"src":18,"dest":46,"values":{"Import":1.0}},{"src":18,"dest":14,"values":{"Parameter":1.0,"Return":1.0}},{"src":20,"dest":15,"values":{"Parameter":1.0,"Return":1.0}},{"src":20,"dest":19,"values":{"Parameter":1.0,"Return":1.0}},{"src":21,"dest":18,"values":{"Parameter":1.0,"Return":1.0}},{"src":21,"dest":25,"values":{"Parameter":1.0,"Return":1.0}},{"src":22,"dest":23,"values":{"Parameter":1.0,"Return":1.0}},{"src":24,"dest":50,"values":{"Import":1.0}},{"src":25,"dest":40,"values":{"Parameter":1.0}},{"src":25,"dest":24,"values":{"Parameter":1.0,"Return":1.0}},{"src":25,"dest":22,"values":{"Parameter":1.0,"Return":1.0}},{"src":26,"dest":53,"values":{"Import":1.0}},{"src":26,"dest":34,"values":{"Parameter":1.0,"Return":1.0}},{"src":28,"dest":40,"values":{"Parameter":4.0,"Return":4.0}},{"src":28,"dest":27,"values":{"Parameter":1.0,"Return":1.0}},{"src":28,"dest":26,"values":{"Parameter":1.0,"Return":1.0}},{"src":28,"dest":25,"values":{"Parameter":1.0,"Return":1.0}},{"src":29,"dest":13,"values":{"Parameter":1.0}},{"src":29,"dest":42,"values":{"Import":1.0,"Return":1.0}},{"src":29,"dest":37,"values":{"Parameter":1.0,"Return":1.0}},{"src":29,"dest":63,"values":{"Parameter":1.0,"Import":1.0}},{"src":30,"dest":41,"values":{"Parameter":1.0,"Return":1.0}},{"src":31,"dest":40,"values":{"Parameter":1.0,"Return":1.0}},{"src":31,"dest":55,"values":{"Import":1.0}},{"src":31,"dest":16,"values":{"Parameter":1.0,"Return":1.0}},{"src":31,"dest":18,"values":{"Parameter":1.0,"Return":1.0}},{"src":31,"dest":28,"values":{"Parameter":1.0,"Return":1.0}},{"src":32,"dest":31,"values":{"Parameter":2.0,"Return":2.0}},{"src":32,"dest":33,"values":{"Parameter":1.0,"Return":1.0}},{"src":36,"dest":60,"values":{"Import":1.0}},{"src":37,"dest":36,"values":{"Parameter":1.0,"Return":1.0}},{"src":37,"dest":39,"values":{"Parameter":1.0,"Return":1.0}},{"src":37,"dest":38,"values":{"Parameter":1.0,"Return":1.0}},{"src":40,"dest":35,"values":{"Parameter":1.0}},{"src":42,"dest":13,"values":{"Implement":1.0,"Import":1.0}},{"src":42,"dest":53,"values":{"Cast":1.0,"Contain":1.0,"Use":1.0}},{"src":42,"dest":28,"values":{"Parameter":1.0,"Import":1.0,"Return":1.0}},{"src":43,"dest":20,"values":{"Parameter":2.0,"Import":1.0,"Use":2.0}},{"src":43,"dest":64,"values":{"Cast":1.0,"Import":1.0,"Contain":1.0,"Use":1.0}},{"src":43,"dest":18,"values":{"Implement":1.0,"Import":1.0}},{"src":43,"dest":45,"values":{"Use":1.0}},{"src":43,"dest":14,"values":{"Parameter":1.0,"Import":1.0,"Return":1.0}},{"src":43,"dest":46,"values":{"Parameter":2.0,"Use":2.0}},{"src":44,"dest":19,"values":{"Implement":1.0,"Import":1.0}},{"src":45,"dest":15,"values":{"Parameter":1.0,"Import":1.0,"Return":1.0}},{"src":45,"dest":20,"values":{"Implement":1.0,"Import":1.0}},{"src":45,"dest":44,"values":{"Cast":1.0,"Contain":1.0,"Use":1.0}},{"src":45,"dest":65,"values":{"Cast":1.0,"Import":1.0,"Contain":1.0,"Use":1.0}},{"src":45,"dest":19,"values":{"Parameter":1.0,"Import":1.0,"Return":1.0}},{"src":46,"dest":21,"values":{"Implement":1.0,"Import":1.0}},{"src":46,"dest":43,"values":{"Cast":1.0,"Contain":1.0,"Use":1.0}},{"src":46,"dest":50,"values":{"Cast":1.0,"Contain":1.0,"Use":1.0}},{"src":46,"dest":18,"values":{"Parameter":1.0,"Import":1.0,"Return":1.0}},{"src":46,"dest":25,"values":{"Parameter":1.0,"Import":1.0,"Return":1.0}},{"src":47,"dest":23,"values":{"Parameter":1.0,"Import":1.0,"Return":1.0}},{"src":47,"dest":48,"values":{"Cast":1.0,"Contain":1.0,"Use":1.0}},{"src":47,"dest":22,"values":{"Implement":1.0,"Import":1.0}},{"src":48,"dest":23,"values":{"Implement":1.0,"Import":1.0}},{"src":49,"dest":24,"values":{"Implement":1.0,"Import":1.0}},{"src":49,"dest":50,"values":{"Parameter":2.0,"Use":2.0}},{"src":50,"dest":40,"values":{"Call":1.0,"Parameter":6.0,"Import":1.0,"Contain":1.0,"Use":5.0}},{"src":50,"dest":49,"values":{"Cast":1.0,"Contain":1.0,"Use":1.0}},{"src":50,"dest":24,"values":{"Parameter":1.0,"Import":1.0,"Return":1.0}},{"src":50,"dest":63,"values":{"Use":1.0}},{"src":50,"dest":47,"values":{"Cast":1.0,"Contain":1.0,"Use":1.0}},{"src":50,"dest":25,"values":{"Implement":1.0,"Import":1.0}},{"src":50,"dest":22,"values":{"Parameter":1.0,"Import":1.0,"Return":1.0}},{"src":51,"dest":57,"values":{"Cast":1.0,"Contain":1.0,"Use":1.0}},{"src":51,"dest":26,"values":{"Implement":1.0,"Import":1.0}},{"src":51,"dest":53,"values":{"Parameter":2.0,"Use":2.0}},{"src":51,"dest":34,"values":{"Parameter":1.0,"Import":1.0,"Return":1.0}},{"src":52,"dest":27,"values":{"Implement":1.0,"Import":1.0}},{"src":53,"dest":13,"values":{"Parameter":3.0,"Contain":1.0,"Use":3.0}},{"src":53,"dest":40,"values":{"Parameter":4.0,"Return":4.0}},{"src":53,"dest":42,"values":{"Cast":1.0,"Parameter":2.0,"Contain":1.0,"Use":2.0}},{"src":53,"dest":27,"values":{"Parameter":1.0,"Return":1.0}},{"src":53,"dest":26,"values":{"Parameter":1.0,"Return":1.0}},{"src":53,"dest":52,"values":{"Cast":1.0,"Contain":1.0,"Use":1.0}},{"src":53,"dest":50,"values":{"Cast":1.0,"Contain":1.0,"Use":1.0}},{"src":53,"dest":51,"values":{"Cast":1.0,"Contain":1.0,"Use":1.0}},{"src":53,"dest":63,"values":{"Cast":4.0,"Contain":4.0,"Use":4.0}},{"src":53,"dest":25,"values":{"Parameter":1.0,"Return":1.0}},{"src":53,"dest":28,"values":{"Implement":1.0}},{"src":54,"dest":40,"values":{"Parameter":1.0,"Return":1.0}},{"src":54,"dest":43,"values":{"Cast":1.0,"Contain":1.0,"Use":1.0}},{"src":54,"dest":31,"values":{"Implement":1.0}},{"src":54,"dest":53,"values":{"Cast":1.0,"Contain":1.0,"Use":1.0}},{"src":54,"dest":66,"values":{"Cast":1.0,"Import":1.0,"Contain":1.0,"Use":1.0}},{"src":54,"dest":55,"values":{"Parameter":2.0,"Use":2.0}},{"src":54,"dest":16,"values":{"Parameter":1.0,"Return":1.0}},{"src":54,"dest":63,"values":{"Cast":1.0,"Contain":1.0,"Use":1.0}},{"src":54,"dest":18,"values":{"Parameter":1.0,"Return":1.0}},{"src":54,"dest":28,"values":{"Parameter":1.0,"Return":1.0}},{"src":55,"dest":32,"values":{"Implement":1.0,"Import":1.0}},{"src":55,"dest":31,"values":{"Parameter":2.0,"Import":1.0,"Return":2.0}},{"src":55,"dest":54,"values":{"Cast":2.0,"Contain":2.0,"Use":2.0}},{"src":55,"dest":56,"values":{"Cast":1.0,"Contain":1.0,"Use":1.0}},{"src":55,"dest":33,"values":{"Parameter":1.0,"Import":1.0,"Return":1.0}},{"src":56,"dest":33,"values":{"Implement":1.0,"Import":1.0}},{"src":57,"dest":34,"values":{"Implement":1.0,"Import":1.0}},{"src":58,"dest":35,"values":{"Implement":1.0,"Import":1.0}},{"src":59,"dest":36,"values":{"Implement":1.0,"Import":1.0}},{"src":59,"dest":60,"values":{"Parameter":2.0,"Use":2.0}},{"src":60,"dest":62,"values":{"Cast":1.0,"Contain":1.0,"Use":1.0}},{"src":60,"dest":37,"values":{"Implement":1.0,"Import":1.0}},{"src":60,"dest":36,"values":{"Parameter":1.0,"Import":1.0,"Return":1.0}},{"src":60,"dest":39,"values":{"Parameter":1.0,"Import":1.0,"Return":1.0}},{"src":60,"dest":61,"values":{"Cast":1.0,"Contain":1.0,"Use":1.0}},{"src":60,"dest":59,"values":{"Cast":1.0,"Contain":1.0,"Use":1.0}},{"src":60,"dest":38,"values":{"Parameter":1.0,"Import":1.0,"Return":1.0}},{"src":61,"dest":38,"values":{"Implement":1.0,"Import":1.0}},{"src":62,"dest":39,"values":{"Implement":1.0,"Import":1.0}},{"src":63,"dest":40,"values":{"Implement":1.0,"Import":1.0}},{"src":63,"dest":35,"values":{"Parameter":3.0,"Import":1.0,"Contain":1.0,"Use":2.0}},{"src":63,"dest":50,"values":{"Use":1.0}},{"src":63,"dest":25,"values":{"Parameter":2.0,"Import":1.0,"Use":2.0}},{"src":63,"dest":58,"values":{"Use":1.0}},{"src":64,"dest":14,"values":{"Implement":1.0,"Import":1.0}},{"src":65,"dest":15,"values":{"Implement":1.0,"Import":1.0}},{"src":66,"dest":16,"values":{"Implement":1.0,"Import":1.0}}],"relationTypes":["Import","Return","Parameter","Call","Contain","Use","Create","Implement","Cast"]}