{"name":"fg_092.json","variables":["femr/common/IItemModelMapper.java","femr/common/models/CityItem.java","femr/common/models/MedicationAdministrationItem.java","femr/common/models/MedicationItem.java","femr/common/models/MissionItem.java","femr/common/models/MissionTripItem.java","femr/common/models/NoteItem.java","femr/common/models/PatientEncounterItem.java","femr/common/models/PatientItem.java","femr/common/models/PhotoItem.java","femr/common/models/PrescriptionItem.java","femr/common/models/ProblemItem.java","femr/common/models/SettingItem.java","femr/common/models/TabFieldItem.java","femr/common/models/TabItem.java","femr/common/models/TeamItem.java","femr/common/models/TripItem.java","femr/common/models/UserItem.java","femr/common/models/VitalItem.java","femr/data/models/core/IChiefComplaint.java","femr/data/models/core/IConceptMedicationForm.java","femr/data/models/core/IConceptMedicationUnit.java","femr/data/models/core/IConceptPrescriptionAdministration.java","femr/data/models/core/IMedication.java","femr/data/models/core/IMedicationGeneric.java","femr/data/models/core/IMedicationGenericStrength.java","femr/data/models/core/IMedicationInventory.java","femr/data/models/core/IMissionCity.java","femr/data/models/core/IMissionCountry.java","femr/data/models/core/IMissionTeam.java","femr/data/models/core/IMissionTrip.java","femr/data/models/core/IPatient.java","femr/data/models/core/IPatientAgeClassification.java","femr/data/models/core/IPatientEncounter.java","femr/data/models/core/IPhoto.java","femr/data/models/core/IRole.java","femr/data/models/core/IUser.java","femr/data/models/mysql/ChiefComplaint.java","femr/data/models/mysql/Medication.java","femr/data/models/mysql/MedicationGeneric.java","femr/data/models/mysql/MedicationGenericStrength.java","femr/data/models/mysql/MedicationInventory.java","femr/data/models/mysql/MissionCity.java","femr/data/models/mysql/MissionCountry.java","femr/data/models/mysql/MissionTeam.java","femr/data/models/mysql/MissionTrip.java","femr/data/models/mysql/Patient.java","femr/data/models/mysql/PatientAgeClassification.java","femr/data/models/mysql/PatientEncounter.java","femr/data/models/mysql/Photo.java","femr/data/models/mysql/Role.java","femr/data/models/mysql/User.java","femr/data/models/mysql/concepts/ConceptMedicationForm.java","femr/data/models/mysql/concepts/ConceptMedicationUnit.java"],"cells":[{"src":0,"dest":8,"values":{"Return":1.0}},{"src":0,"dest":5,"values":{"Return":1.0}},{"src":0,"dest":1,"values":{"Return":1.0}},{"src":0,"dest":14,"values":{"Return":1.0}},{"src":0,"dest":9,"values":{"Return":1.0}},{"src":0,"dest":23,"values":{"Parameter":1.0}},{"src":0,"dest":3,"values":{"Parameter":2.0,"Return":1.0}},{"src":0,"dest":41,"values":{"Import":1.0}},{"src":0,"dest":7,"values":{"Return":1.0}},{"src":0,"dest":6,"values":{"Return":1.0}},{"src":0,"dest":22,"values":{"Parameter":3.0}},{"src":0,"dest":30,"values":{"Parameter":1.0}},{"src":0,"dest":29,"values":{"Parameter":1.0}},{"src":0,"dest":16,"values":{"Return":1.0}},{"src":0,"dest":10,"values":{"Return":2.0}},{"src":0,"dest":17,"values":{"Return":1.0}},{"src":0,"dest":36,"values":{"Parameter":1.0}},{"src":0,"dest":11,"values":{"Return":1.0}},{"src":0,"dest":4,"values":{"Return":1.0}},{"src":0,"dest":12,"values":{"Return":1.0}},{"src":0,"dest":18,"values":{"Return":1.0}},{"src":0,"dest":2,"values":{"Return":1.0}},{"src":0,"dest":15,"values":{"Return":1.0}},{"src":0,"dest":13,"values":{"Return":2.0}},{"src":0,"dest":33,"values":{"Parameter":1.0}},{"src":4,"dest":5,"values":{"Parameter":3.0,"Use":2.0}},{"src":7,"dest":8,"values":{"Parameter":1.0,"Return":1.0,"Contain":1.0,"Use":1.0}},{"src":10,"dest":3,"values":{"Call":1.0,"Parameter":3.0,"Return":1.0,"Contain":1.0,"Use":3.0}},{"src":14,"dest":13,"values":{"Call":1.0,"Parameter":2.0,"Return":1.0,"Contain":1.0,"Use":2.0}},{"src":19,"dest":33,"values":{"Parameter":1.0,"Return":1.0}},{"src":23,"dest":41,"values":{"Import":1.0}},{"src":23,"dest":20,"values":{"Parameter":1.0,"Return":1.0}},{"src":25,"dest":21,"values":{"Parameter":1.0,"Return":1.0}},{"src":25,"dest":24,"values":{"Parameter":1.0,"Return":1.0}},{"src":26,"dest":23,"values":{"Parameter":1.0,"Return":1.0}},{"src":26,"dest":30,"values":{"Parameter":1.0,"Return":1.0}},{"src":27,"dest":28,"values":{"Parameter":1.0,"Return":1.0}},{"src":29,"dest":45,"values":{"Import":1.0}},{"src":30,"dest":36,"values":{"Parameter":1.0}},{"src":30,"dest":29,"values":{"Parameter":1.0,"Return":1.0}},{"src":30,"dest":27,"values":{"Parameter":1.0,"Return":1.0}},{"src":31,"dest":48,"values":{"Import":1.0}},{"src":31,"dest":34,"values":{"Parameter":1.0,"Return":1.0}},{"src":33,"dest":36,"values":{"Parameter":4.0,"Return":4.0}},{"src":33,"dest":32,"values":{"Parameter":1.0,"Return":1.0}},{"src":33,"dest":31,"values":{"Parameter":1.0,"Return":1.0}},{"src":33,"dest":30,"values":{"Parameter":1.0,"Return":1.0}},{"src":36,"dest":35,"values":{"Parameter":1.0}},{"src":37,"dest":19,"values":{"Implement":1.0,"Import":1.0}},{"src":37,"dest":48,"values":{"Cast":1.0,"Contain":1.0,"Use":1.0}},{"src":37,"dest":33,"values":{"Parameter":1.0,"Import":1.0,"Return":1.0}},{"src":38,"dest":25,"values":{"Parameter":2.0,"Import":1.0,"Use":2.0}},{"src":38,"dest":52,"values":{"Cast":1.0,"Import":1.0,"Contain":1.0,"Use":1.0}},{"src":38,"dest":23,"values":{"Implement":1.0,"Import":1.0}},{"src":38,"dest":40,"values":{"Use":1.0}},{"src":38,"dest":20,"values":{"Parameter":1.0,"Import":1.0,"Return":1.0}},{"src":38,"dest":41,"values":{"Parameter":2.0,"Use":2.0}},{"src":39,"dest":24,"values":{"Implement":1.0,"Import":1.0}},{"src":40,"dest":21,"values":{"Parameter":1.0,"Import":1.0,"Return":1.0}},{"src":40,"dest":25,"values":{"Implement":1.0,"Import":1.0}},{"src":40,"dest":39,"values":{"Cast":1.0,"Contain":1.0,"Use":1.0}},{"src":40,"dest":53,"values":{"Cast":1.0,"Import":1.0,"Contain":1.0,"Use":1.0}},{"src":40,"dest":24,"values":{"Parameter":1.0,"Import":1.0,"Return":1.0}},{"src":41,"dest":26,"values":{"Implement":1.0,"Import":1.0}},{"src":41,"dest":38,"values":{"Cast":1.0,"Contain":1.0,"Use":1.0}},{"src":41,"dest":45,"values":{"Cast":1.0,"Contain":1.0,"Use":1.0}},{"src":41,"dest":23,"values":{"Parameter":1.0,"Import":1.0,"Return":1.0}},{"src":41,"dest":30,"values":{"Parameter":1.0,"Import":1.0,"Return":1.0}},{"src":42,"dest":28,"values":{"Parameter":1.0,"Import":1.0,"Return":1.0}},{"src":42,"dest":43,"values":{"Cast":1.0,"Contain":1.0,"Use":1.0}},{"src":42,"dest":27,"values":{"Implement":1.0,"Import":1.0}},{"src":43,"dest":28,"values":{"Implement":1.0,"Import":1.0}},{"src":44,"dest":29,"values":{"Implement":1.0,"Import":1.0}},{"src":44,"dest":45,"values":{"Parameter":2.0,"Use":2.0}},{"src":45,"dest":36,"values":{"Call":1.0,"Parameter":6.0,"Import":1.0,"Contain":1.0,"Use":5.0}},{"src":45,"dest":44,"values":{"Cast":1.0,"Contain":1.0,"Use":1.0}},{"src":45,"dest":29,"values":{"Parameter":1.0,"Import":1.0,"Return":1.0}},{"src":45,"dest":51,"values":{"Use":1.0}},{"src":45,"dest":42,"values":{"Cast":1.0,"Contain":1.0,"Use":1.0}},{"src":45,"dest":30,"values":{"Implement":1.0,"Import":1.0}},{"src":45,"dest":27,"values":{"Parameter":1.0,"Import":1.0,"Return":1.0}},{"src":46,"dest":49,"values":{"Cast":1.0,"Contain":1.0,"Use":1.0}},{"src":46,"dest":31,"values":{"Implement":1.0,"Import":1.0}},{"src":46,"dest":48,"values":{"Parameter":2.0,"Use":2.0}},{"src":46,"dest":34,"values":{"Parameter":1.0,"Import":1.0,"Return":1.0}},{"src":47,"dest":32,"values":{"Implement":1.0,"Import":1.0}},{"src":48,"dest":19,"values":{"Parameter":3.0,"Contain":1.0,"Use":3.0}},{"src":48,"dest":36,"values":{"Parameter":4.0,"Return":4.0}},{"src":48,"dest":37,"values":{"Cast":1.0,"Parameter":2.0,"Contain":1.0,"Use":2.0}},{"src":48,"dest":32,"values":{"Parameter":1.0,"Return":1.0}},{"src":48,"dest":31,"values":{"Parameter":1.0,"Return":1.0}},{"src":48,"dest":47,"values":{"Cast":1.0,"Contain":1.0,"Use":1.0}},{"src":48,"dest":45,"values":{"Cast":1.0,"Contain":1.0,"Use":1.0}},{"src":48,"dest":46,"values":{"Cast":1.0,"Contain":1.0,"Use":1.0}},{"src":48,"dest":51,"values":{"Cast":4.0,"Contain":4.0,"Use":4.0}},{"src":48,"dest":30,"values":{"Parameter":1.0,"Return":1.0}},{"src":48,"dest":33,"values":{"Implement":1.0}},{"src":49,"dest":34,"values":{"Implement":1.0,"Import":1.0}},{"src":50,"dest":35,"values":{"Implement":1.0,"Import":1.0}},{"src":51,"dest":36,"values":{"Implement":1.0,"Import":1.0}},{"src":51,"dest":35,"values":{"Parameter":3.0,"Import":1.0,"Contain":1.0,"Use":2.0}},{"src":51,"dest":45,"values":{"Use":1.0}},{"src":51,"dest":30,"values":{"Parameter":2.0,"Import":1.0,"Use":2.0}},{"src":51,"dest":50,"values":{"Use":1.0}},{"src":52,"dest":20,"values":{"Implement":1.0,"Import":1.0}},{"src":53,"dest":21,"values":{"Implement":1.0,"Import":1.0}}],"relationTypes":["Return","Parameter","Import","Use","Contain","Call","Implement","Cast"]}