{"name":"fg_029.json","variables":["femr/business/services/core/IResearchService.java","femr/common/dtos/ServiceResponse.java","femr/common/models/MissionTripItem.java","femr/common/models/ResearchFilterItem.java","femr/ui/models/research/json/ResearchGraphDataModel.java","femr/ui/models/research/json/ResearchItemModel.java"],"cells":[{"src":0,"dest":3,"values":{"Parameter":2.0}},{"src":0,"dest":1,"values":{"Import":1.0,"Return":3.0}},{"src":0,"dest":4,"values":{"Import":1.0}},{"src":1,"dest":2,"values":{"Import":1.0}},{"src":4,"dest":5,"values":{"Parameter":2.0,"Use":2.0}}],"relationTypes":["Parameter","Import","Return","Use"]}