{"name":"fg_155.json","variables":["femr/data/models/core/IMissionCity.java","femr/data/models/core/IMissionCountry.java","femr/data/models/core/IMissionTeam.java","femr/data/models/core/IMissionTrip.java","femr/data/models/core/IRole.java","femr/data/models/core/IUser.java","femr/data/models/mysql/MissionCity.java","femr/data/models/mysql/MissionCountry.java","femr/data/models/mysql/MissionTeam.java","femr/data/models/mysql/MissionTrip.java","femr/data/models/mysql/Role.java","femr/data/models/mysql/User.java","femr/util/dependencyinjection/providers/MissionTeamProvider.java"],"cells":[{"src":0,"dest":1,"values":{"Parameter":1.0,"Return":1.0}},{"src":2,"dest":9,"values":{"Import":1.0}},{"src":3,"dest":5,"values":{"Parameter":1.0}},{"src":3,"dest":2,"values":{"Parameter":1.0,"Return":1.0}},{"src":3,"dest":0,"values":{"Parameter":1.0,"Return":1.0}},{"src":5,"dest":4,"values":{"Parameter":1.0}},{"src":6,"dest":1,"values":{"Parameter":1.0,"Import":1.0,"Return":1.0}},{"src":6,"dest":7,"values":{"Cast":1.0,"Contain":1.0,"Use":1.0}},{"src":6,"dest":0,"values":{"Implement":1.0,"Import":1.0}},{"src":7,"dest":1,"values":{"Implement":1.0,"Import":1.0}},{"src":8,"dest":2,"values":{"Implement":1.0,"Import":1.0}},{"src":8,"dest":9,"values":{"Parameter":2.0,"Use":2.0}},{"src":9,"dest":5,"values":{"Call":1.0,"Parameter":6.0,"Import":1.0,"Contain":1.0,"Use":5.0}},{"src":9,"dest":8,"values":{"Cast":1.0,"Contain":1.0,"Use":1.0}},{"src":9,"dest":2,"values":{"Parameter":1.0,"Import":1.0,"Return":1.0}},{"src":9,"dest":11,"values":{"Use":1.0}},{"src":9,"dest":6,"values":{"Cast":1.0,"Contain":1.0,"Use":1.0}},{"src":9,"dest":3,"values":{"Implement":1.0,"Import":1.0}},{"src":9,"dest":0,"values":{"Parameter":1.0,"Import":1.0,"Return":1.0}},{"src":10,"dest":4,"values":{"Implement":1.0,"Import":1.0}},{"src":11,"dest":5,"values":{"Implement":1.0,"Import":1.0}},{"src":11,"dest":4,"values":{"Parameter":3.0,"Import":1.0,"Contain":1.0,"Use":2.0}},{"src":11,"dest":9,"values":{"Use":1.0}},{"src":11,"dest":3,"values":{"Parameter":2.0,"Import":1.0,"Use":2.0}},{"src":11,"dest":10,"values":{"Use":1.0}},{"src":12,"dest":8,"values":{"Call":1.0,"Import":1.0,"Create":1.0}},{"src":12,"dest":2,"values":{"Import":1.0,"Return":1.0}}],"relationTypes":["Parameter","Return","Import","Cast","Contain","Use","Implement","Call","Create"]}