{"name":"fg_131.json","variables":["femr/business/helpers/QueryProvider.java","femr/common/models/PatientEncounterItem.java","femr/common/models/PatientItem.java","femr/data/IDataModelMapper.java","femr/data/daos/core/IPhotoRepository.java","femr/data/daos/system/PhotoRepository.java","femr/data/models/core/IChiefComplaint.java","femr/data/models/core/IConceptMedicationForm.java","femr/data/models/core/IConceptMedicationUnit.java","femr/data/models/core/IConceptPrescriptionAdministration.java","femr/data/models/core/IMedication.java","femr/data/models/core/IMedicationGeneric.java","femr/data/models/core/IMedicationGenericStrength.java","femr/data/models/core/IMedicationInventory.java","femr/data/models/core/IMissionCity.java","femr/data/models/core/IMissionCountry.java","femr/data/models/core/IMissionTeam.java","femr/data/models/core/IMissionTrip.java","femr/data/models/core/IPatient.java","femr/data/models/core/IPatientAgeClassification.java","femr/data/models/core/IPatientEncounter.java","femr/data/models/core/IPatientEncounterPhoto.java","femr/data/models/core/IPatientEncounterTabField.java","femr/data/models/core/IPatientEncounterVital.java","femr/data/models/core/IPatientPrescription.java","femr/data/models/core/IPatientPrescriptionReplacement.java","femr/data/models/core/IPatientPrescriptionReplacementReason.java","femr/data/models/core/IPhoto.java","femr/data/models/core/IRole.java","femr/data/models/core/ISystemSetting.java","femr/data/models/core/ITab.java","femr/data/models/core/ITabField.java","femr/data/models/core/ITabFieldSize.java","femr/data/models/core/ITabFieldType.java","femr/data/models/core/IUser.java","femr/data/models/core/IVital.java","femr/data/models/core/research/IResearchEncounter.java","femr/data/models/core/research/IResearchEncounterVital.java","femr/data/models/mysql/ChiefComplaint.java","femr/data/models/mysql/Medication.java","femr/data/models/mysql/MedicationGeneric.java","femr/data/models/mysql/MedicationGenericStrength.java","femr/data/models/mysql/MedicationInventory.java","femr/data/models/mysql/MissionCity.java","femr/data/models/mysql/MissionCountry.java","femr/data/models/mysql/MissionTeam.java","femr/data/models/mysql/MissionTrip.java","femr/data/models/mysql/Patient.java","femr/data/models/mysql/PatientAgeClassification.java","femr/data/models/mysql/PatientEncounter.java","femr/data/models/mysql/PatientEncounterPhoto.java","femr/data/models/mysql/PatientEncounterTabField.java","femr/data/models/mysql/PatientEncounterVital.java","femr/data/models/mysql/PatientPrescription.java","femr/data/models/mysql/PatientPrescriptionReplacement.java","femr/data/models/mysql/PatientPrescriptionReplacementReason.java","femr/data/models/mysql/Photo.java","femr/data/models/mysql/Role.java","femr/data/models/mysql/SystemSetting.java","femr/data/models/mysql/Tab.java","femr/data/models/mysql/TabField.java","femr/data/models/mysql/TabFieldSize.java","femr/data/models/mysql/TabFieldType.java","femr/data/models/mysql/User.java","femr/data/models/mysql/Vital.java","femr/data/models/mysql/concepts/ConceptMedication.java","femr/data/models/mysql/concepts/ConceptMedicationForm.java","femr/data/models/mysql/concepts/ConceptMedicationGeneric.java","femr/data/models/mysql/concepts/ConceptMedicationGenericStrength.java","femr/data/models/mysql/concepts/ConceptMedicationUnit.java","femr/data/models/mysql/concepts/ConceptPrescriptionAdministration.java","femr/data/models/mysql/research/ResearchEncounter.java","femr/data/models/mysql/research/ResearchEncounterVital.java","femr/util/calculations/dateUtils.java","femr/util/stringhelpers/StringUtils.java"],"cells":[{"src":0,"dest":51,"values":{"Use":1.0}},{"src":0,"dest":58,"values":{"Use":1.0}},{"src":0,"dest":53,"values":{"Use":1.0}},{"src":0,"dest":72,"values":{"Use":1.0,"Import":1.0}},{"src":0,"dest":66,"values":{"Use":1.0,"Import":1.0}},{"src":0,"dest":44,"values":{"Use":1.0}},{"src":0,"dest":63,"values":{"Use":1.0}},{"src":0,"dest":55,"values":{"Use":1.0}},{"src":0,"dest":61,"values":{"Use":1.0}},{"src":0,"dest":60,"values":{"Use":1.0}},{"src":0,"dest":42,"values":{"Use":1.0}},{"src":0,"dest":64,"values":{"Use":1.0}},{"src":0,"dest":56,"values":{"Use":1.0}},{"src":0,"dest":65,"values":{"Use":1.0,"Import":1.0}},{"src":0,"dest":40,"values":{"Use":1.0}},{"src":0,"dest":49,"values":{"Use":1.0}},{"src":0,"dest":71,"values":{"Use":1.0,"Import":1.0}},{"src":0,"dest":59,"values":{"Use":1.0}},{"src":0,"dest":39,"values":{"Use":1.0}},{"src":0,"dest":48,"values":{"Use":1.0}},{"src":0,"dest":45,"values":{"Use":1.0}},{"src":0,"dest":69,"values":{"Use":1.0,"Import":1.0}},{"src":0,"dest":52,"values":{"Use":1.0}},{"src":0,"dest":54,"values":{"Use":1.0}},{"src":0,"dest":47,"values":{"Use":1.0}},{"src":0,"dest":57,"values":{"Use":1.0}},{"src":0,"dest":38,"values":{"Use":1.0}},{"src":0,"dest":62,"values":{"Use":1.0}},{"src":0,"dest":46,"values":{"Use":1.0}},{"src":0,"dest":50,"values":{"Use":1.0}},{"src":0,"dest":43,"values":{"Use":1.0}},{"src":1,"dest":2,"values":{"Parameter":1.0,"Return":1.0,"Contain":1.0,"Use":1.0}},{"src":3,"dest":6,"values":{"Return":1.0}},{"src":3,"dest":25,"values":{"Return":1.0}},{"src":3,"dest":16,"values":{"Parameter":1.0,"Return":1.0}},{"src":3,"dest":27,"values":{"Return":1.0}},{"src":3,"dest":28,"values":{"Return":1.0}},{"src":3,"dest":23,"values":{"Return":1.0}},{"src":3,"dest":11,"values":{"Parameter":1.0,"Return":1.0}},{"src":3,"dest":10,"values":{"Return":2.0}},{"src":3,"dest":14,"values":{"Parameter":1.0,"Return":1.0}},{"src":3,"dest":34,"values":{"Return":2.0}},{"src":3,"dest":13,"values":{"Return":1.0}},{"src":3,"dest":18,"values":{"Return":1.0}},{"src":3,"dest":15,"values":{"Parameter":1.0}},{"src":3,"dest":12,"values":{"Return":1.0}},{"src":3,"dest":24,"values":{"Return":1.0}},{"src":3,"dest":22,"values":{"Return":1.0}},{"src":3,"dest":30,"values":{"Return":1.0}},{"src":3,"dest":31,"values":{"Return":1.0}},{"src":3,"dest":17,"values":{"Return":1.0}},{"src":3,"dest":7,"values":{"Parameter":1.0,"Return":1.0}},{"src":4,"dest":27,"values":{"Import":1.0,"Return":5.0}},{"src":4,"dest":21,"values":{"Import":1.0,"Return":1.0}},{"src":5,"dest":74,"values":{"Call":3.0,"Import":1.0,"Use":3.0}},{"src":5,"dest":56,"values":{"Parameter":3.0,"Import":1.0,"Use":3.0}},{"src":5,"dest":4,"values":{"Implement":1.0,"Import":1.0}},{"src":5,"dest":27,"values":{"Call":3.0,"Import":1.0,"Return":5.0,"Contain":6.0,"Use":4.0}},{"src":5,"dest":3,"values":{"Call":1.0,"Parameter":1.0,"Import":1.0,"Contain":1.0,"Use":1.0}},{"src":5,"dest":21,"values":{"Call":2.0,"Import":1.0,"Return":1.0,"Use":11.0,"Parameter":11.0,"Contain":1.0}},{"src":5,"dest":50,"values":{"Parameter":6.0,"Import":1.0,"Use":6.0}},{"src":5,"dest":0,"values":{"Call":3.0,"Import":1.0,"Use":3.0}},{"src":6,"dest":20,"values":{"Parameter":1.0,"Return":1.0}},{"src":10,"dest":42,"values":{"Import":1.0}},{"src":10,"dest":7,"values":{"Parameter":1.0,"Return":1.0}},{"src":12,"dest":8,"values":{"Parameter":1.0,"Return":1.0}},{"src":12,"dest":11,"values":{"Parameter":1.0,"Return":1.0}},{"src":13,"dest":10,"values":{"Parameter":1.0,"Return":1.0}},{"src":13,"dest":17,"values":{"Parameter":1.0,"Return":1.0}},{"src":14,"dest":15,"values":{"Parameter":1.0,"Return":1.0}},{"src":16,"dest":46,"values":{"Import":1.0}},{"src":17,"dest":34,"values":{"Parameter":1.0}},{"src":17,"dest":16,"values":{"Parameter":1.0,"Return":1.0}},{"src":17,"dest":14,"values":{"Parameter":1.0,"Return":1.0}},{"src":18,"dest":49,"values":{"Import":1.0}},{"src":18,"dest":27,"values":{"Parameter":1.0,"Return":1.0}},{"src":20,"dest":34,"values":{"Parameter":4.0,"Return":4.0}},{"src":20,"dest":19,"values":{"Parameter":1.0,"Return":1.0}},{"src":20,"dest":18,"values":{"Parameter":1.0,"Return":1.0}},{"src":20,"dest":17,"values":{"Parameter":1.0,"Return":1.0}},{"src":22,"dest":6,"values":{"Parameter":1.0}},{"src":22,"dest":38,"values":{"Import":1.0,"Return":1.0}},{"src":22,"dest":31,"values":{"Parameter":1.0,"Return":1.0}},{"src":22,"dest":63,"values":{"Parameter":1.0,"Import":1.0}},{"src":23,"dest":35,"values":{"Parameter":1.0,"Return":1.0}},{"src":24,"dest":34,"values":{"Parameter":1.0,"Return":1.0}},{"src":24,"dest":54,"values":{"Import":1.0}},{"src":24,"dest":9,"values":{"Parameter":1.0,"Return":1.0}},{"src":24,"dest":10,"values":{"Parameter":1.0,"Return":1.0}},{"src":24,"dest":20,"values":{"Parameter":1.0,"Return":1.0}},{"src":25,"dest":24,"values":{"Parameter":2.0,"Return":2.0}},{"src":25,"dest":26,"values":{"Parameter":1.0,"Return":1.0}},{"src":30,"dest":60,"values":{"Import":1.0}},{"src":31,"dest":30,"values":{"Parameter":1.0,"Return":1.0}},{"src":31,"dest":33,"values":{"Parameter":1.0,"Return":1.0}},{"src":31,"dest":32,"values":{"Parameter":1.0,"Return":1.0}},{"src":34,"dest":28,"values":{"Parameter":1.0}},{"src":36,"dest":34,"values":{"Parameter":3.0,"Return":3.0}},{"src":36,"dest":19,"values":{"Parameter":1.0,"Return":1.0}},{"src":36,"dest":18,"values":{"Parameter":1.0,"Return":1.0}},{"src":36,"dest":53,"values":{"Import":1.0}},{"src":36,"dest":72,"values":{"Import":1.0}},{"src":36,"dest":17,"values":{"Parameter":1.0,"Return":1.0}},{"src":37,"dest":49,"values":{"Import":1.0}},{"src":37,"dest":71,"values":{"Parameter":1.0,"Import":1.0,"Return":1.0}},{"src":37,"dest":35,"values":{"Parameter":1.0,"Import":1.0,"Return":1.0}},{"src":38,"dest":6,"values":{"Implement":1.0,"Import":1.0}},{"src":38,"dest":49,"values":{"Cast":1.0,"Contain":1.0,"Use":1.0}},{"src":38,"dest":20,"values":{"Parameter":1.0,"Import":1.0,"Return":1.0}},{"src":39,"dest":12,"values":{"Parameter":2.0,"Import":1.0,"Use":2.0}},{"src":39,"dest":66,"values":{"Cast":1.0,"Import":1.0,"Contain":1.0,"Use":1.0}},{"src":39,"dest":10,"values":{"Implement":1.0,"Import":1.0}},{"src":39,"dest":41,"values":{"Use":1.0}},{"src":39,"dest":7,"values":{"Parameter":1.0,"Import":1.0,"Return":1.0}},{"src":39,"dest":42,"values":{"Parameter":2.0,"Use":2.0}},{"src":40,"dest":11,"values":{"Implement":1.0,"Import":1.0}},{"src":41,"dest":8,"values":{"Parameter":1.0,"Import":1.0,"Return":1.0}},{"src":41,"dest":12,"values":{"Implement":1.0,"Import":1.0}},{"src":41,"dest":40,"values":{"Cast":1.0,"Contain":1.0,"Use":1.0}},{"src":41,"dest":69,"values":{"Cast":1.0,"Import":1.0,"Contain":1.0,"Use":1.0}},{"src":41,"dest":11,"values":{"Parameter":1.0,"Import":1.0,"Return":1.0}},{"src":42,"dest":13,"values":{"Implement":1.0,"Import":1.0}},{"src":42,"dest":39,"values":{"Cast":1.0,"Contain":1.0,"Use":1.0}},{"src":42,"dest":46,"values":{"Cast":1.0,"Contain":1.0,"Use":1.0}},{"src":42,"dest":10,"values":{"Parameter":1.0,"Import":1.0,"Return":1.0}},{"src":42,"dest":17,"values":{"Parameter":1.0,"Import":1.0,"Return":1.0}},{"src":43,"dest":15,"values":{"Parameter":1.0,"Import":1.0,"Return":1.0}},{"src":43,"dest":44,"values":{"Cast":1.0,"Contain":1.0,"Use":1.0}},{"src":43,"dest":14,"values":{"Implement":1.0,"Import":1.0}},{"src":44,"dest":15,"values":{"Implement":1.0,"Import":1.0}},{"src":45,"dest":16,"values":{"Implement":1.0,"Import":1.0}},{"src":45,"dest":46,"values":{"Parameter":2.0,"Use":2.0}},{"src":46,"dest":34,"values":{"Call":1.0,"Parameter":6.0,"Import":1.0,"Contain":1.0,"Use":5.0}},{"src":46,"dest":45,"values":{"Cast":1.0,"Contain":1.0,"Use":1.0}},{"src":46,"dest":16,"values":{"Parameter":1.0,"Import":1.0,"Return":1.0}},{"src":46,"dest":63,"values":{"Use":1.0}},{"src":46,"dest":43,"values":{"Cast":1.0,"Contain":1.0,"Use":1.0}},{"src":46,"dest":17,"values":{"Implement":1.0,"Import":1.0}},{"src":46,"dest":14,"values":{"Parameter":1.0,"Import":1.0,"Return":1.0}},{"src":47,"dest":56,"values":{"Cast":1.0,"Contain":1.0,"Use":1.0}},{"src":47,"dest":18,"values":{"Implement":1.0,"Import":1.0}},{"src":47,"dest":49,"values":{"Parameter":2.0,"Use":2.0}},{"src":47,"dest":27,"values":{"Parameter":1.0,"Import":1.0,"Return":1.0}},{"src":48,"dest":19,"values":{"Implement":1.0,"Import":1.0}},{"src":49,"dest":6,"values":{"Parameter":3.0,"Contain":1.0,"Use":3.0}},{"src":49,"dest":34,"values":{"Parameter":4.0,"Return":4.0}},{"src":49,"dest":38,"values":{"Cast":1.0,"Parameter":2.0,"Contain":1.0,"Use":2.0}},{"src":49,"dest":19,"values":{"Parameter":1.0,"Return":1.0}},{"src":49,"dest":18,"values":{"Parameter":1.0,"Return":1.0}},{"src":49,"dest":48,"values":{"Cast":1.0,"Contain":1.0,"Use":1.0}},{"src":49,"dest":46,"values":{"Cast":1.0,"Contain":1.0,"Use":1.0}},{"src":49,"dest":47,"values":{"Cast":1.0,"Contain":1.0,"Use":1.0}},{"src":49,"dest":63,"values":{"Cast":4.0,"Contain":4.0,"Use":4.0}},{"src":49,"dest":17,"values":{"Parameter":1.0,"Return":1.0}},{"src":49,"dest":20,"values":{"Implement":1.0}},{"src":50,"dest":21,"values":{"Implement":1.0,"Import":1.0}},{"src":51,"dest":6,"values":{"Parameter":1.0,"Import":1.0}},{"src":51,"dest":38,"values":{"Cast":1.0,"Return":1.0,"Contain":1.0,"Use":1.0}},{"src":51,"dest":22,"values":{"Implement":1.0,"Import":1.0}},{"src":51,"dest":31,"values":{"Parameter":1.0,"Import":1.0,"Return":1.0}},{"src":51,"dest":63,"values":{"Call":2.0,"Parameter":1.0,"Contain":1.0,"Use":1.0}},{"src":51,"dest":60,"values":{"Cast":1.0,"Contain":1.0,"Use":1.0}},{"src":52,"dest":23,"values":{"Implement":1.0,"Import":1.0}},{"src":52,"dest":64,"values":{"Cast":1.0,"Contain":1.0,"Use":1.0}},{"src":52,"dest":35,"values":{"Parameter":1.0,"Import":1.0,"Return":1.0}},{"src":53,"dest":34,"values":{"Parameter":1.0,"Return":1.0}},{"src":53,"dest":39,"values":{"Cast":1.0,"Contain":1.0,"Use":1.0}},{"src":53,"dest":24,"values":{"Implement":1.0}},{"src":53,"dest":49,"values":{"Cast":1.0,"Contain":1.0,"Use":1.0}},{"src":53,"dest":70,"values":{"Cast":1.0,"Import":1.0,"Contain":1.0,"Use":1.0}},{"src":53,"dest":54,"values":{"Parameter":2.0,"Use":2.0}},{"src":53,"dest":9,"values":{"Parameter":1.0,"Return":1.0}},{"src":53,"dest":63,"values":{"Cast":1.0,"Contain":1.0,"Use":1.0}},{"src":53,"dest":10,"values":{"Parameter":1.0,"Return":1.0}},{"src":53,"dest":20,"values":{"Parameter":1.0,"Return":1.0}},{"src":54,"dest":25,"values":{"Implement":1.0,"Import":1.0}},{"src":54,"dest":24,"values":{"Parameter":2.0,"Import":1.0,"Return":2.0}},{"src":54,"dest":53,"values":{"Cast":2.0,"Contain":2.0,"Use":2.0}},{"src":54,"dest":55,"values":{"Cast":1.0,"Contain":1.0,"Use":1.0}},{"src":54,"dest":26,"values":{"Parameter":1.0,"Import":1.0,"Return":1.0}},{"src":55,"dest":26,"values":{"Implement":1.0,"Import":1.0}},{"src":56,"dest":27,"values":{"Implement":1.0,"Import":1.0}},{"src":57,"dest":28,"values":{"Implement":1.0,"Import":1.0}},{"src":58,"dest":29,"values":{"Implement":1.0,"Import":1.0}},{"src":59,"dest":30,"values":{"Implement":1.0,"Import":1.0}},{"src":59,"dest":60,"values":{"Parameter":2.0,"Use":2.0}},{"src":60,"dest":62,"values":{"Cast":1.0,"Contain":1.0,"Use":1.0}},{"src":60,"dest":31,"values":{"Implement":1.0,"Import":1.0}},{"src":60,"dest":30,"values":{"Parameter":1.0,"Import":1.0,"Return":1.0}},{"src":60,"dest":33,"values":{"Parameter":1.0,"Import":1.0,"Return":1.0}},{"src":60,"dest":61,"values":{"Cast":1.0,"Contain":1.0,"Use":1.0}},{"src":60,"dest":59,"values":{"Cast":1.0,"Contain":1.0,"Use":1.0}},{"src":60,"dest":32,"values":{"Parameter":1.0,"Import":1.0,"Return":1.0}},{"src":61,"dest":32,"values":{"Implement":1.0,"Import":1.0}},{"src":62,"dest":33,"values":{"Implement":1.0,"Import":1.0}},{"src":63,"dest":34,"values":{"Implement":1.0,"Import":1.0}},{"src":63,"dest":28,"values":{"Parameter":3.0,"Import":1.0,"Contain":1.0,"Use":2.0}},{"src":63,"dest":46,"values":{"Use":1.0}},{"src":63,"dest":17,"values":{"Parameter":2.0,"Import":1.0,"Use":2.0}},{"src":63,"dest":57,"values":{"Use":1.0}},{"src":64,"dest":35,"values":{"Implement":1.0,"Import":1.0}},{"src":65,"dest":12,"values":{"Parameter":2.0,"Import":1.0,"Use":2.0}},{"src":65,"dest":66,"values":{"Cast":1.0,"Contain":1.0,"Use":1.0}},{"src":65,"dest":10,"values":{"Implement":1.0,"Import":1.0}},{"src":65,"dest":42,"values":{"Import":1.0}},{"src":65,"dest":7,"values":{"Parameter":1.0,"Import":1.0,"Return":1.0}},{"src":65,"dest":68,"values":{"Use":1.0}},{"src":66,"dest":7,"values":{"Implement":1.0,"Import":1.0}},{"src":67,"dest":11,"values":{"Implement":1.0,"Import":1.0}},{"src":68,"dest":8,"values":{"Parameter":1.0,"Import":1.0,"Return":1.0}},{"src":68,"dest":12,"values":{"Implement":1.0,"Import":1.0}},{"src":68,"dest":69,"values":{"Cast":1.0,"Contain":1.0,"Use":1.0}},{"src":68,"dest":67,"values":{"Cast":1.0,"Contain":1.0,"Use":1.0}},{"src":68,"dest":11,"values":{"Parameter":1.0,"Import":1.0,"Return":1.0}},{"src":69,"dest":8,"values":{"Implement":1.0,"Import":1.0}},{"src":70,"dest":9,"values":{"Implement":1.0,"Import":1.0}},{"src":71,"dest":6,"values":{"Parameter":3.0,"Contain":1.0,"Use":3.0}},{"src":71,"dest":19,"values":{"Parameter":1.0,"Return":1.0}},{"src":71,"dest":48,"values":{"Cast":1.0,"Contain":1.0,"Use":1.0}},{"src":71,"dest":36,"values":{"Implement":1.0,"Import":1.0}},{"src":71,"dest":53,"values":{"Parameter":2.0,"Use":2.0}},{"src":71,"dest":72,"values":{"Parameter":2.0,"Use":2.0}},{"src":71,"dest":47,"values":{"Cast":1.0,"Contain":1.0,"Use":1.0}},{"src":71,"dest":63,"values":{"Cast":3.0,"Contain":3.0,"Use":3.0}},{"src":71,"dest":34,"values":{"Parameter":3.0,"Return":3.0}},{"src":71,"dest":38,"values":{"Cast":1.0,"Parameter":2.0,"Contain":1.0,"Use":2.0}},{"src":71,"dest":18,"values":{"Parameter":1.0,"Return":1.0}},{"src":71,"dest":46,"values":{"Cast":1.0,"Contain":1.0,"Use":1.0}},{"src":71,"dest":17,"values":{"Parameter":1.0,"Return":1.0}},{"src":72,"dest":49,"values":{"Import":1.0}},{"src":72,"dest":37,"values":{"Implement":1.0,"Import":1.0}},{"src":72,"dest":71,"values":{"Parameter":1.0,"Return":1.0,"Contain":1.0,"Use":1.0}},{"src":72,"dest":64,"values":{"Cast":1.0,"Import":1.0,"Contain":1.0,"Use":1.0}},{"src":72,"dest":35,"values":{"Parameter":1.0,"Import":1.0,"Return":1.0}},{"src":73,"dest":1,"values":{"Call":4.0,"Parameter":1.0,"Import":1.0}},{"src":74,"dest":73,"values":{"Call":2.0,"Import":1.0,"Use":2.0}}],"relationTypes":["Use","Import","Parameter","Return","Contain","Call","Implement","Cast"]}