{"name":"fg_189.json","variables":["femr/common/models/MedicationAdministrationItem.java","femr/common/models/MedicationItem.java","femr/common/models/NoteItem.java","femr/common/models/PatientEncounterItem.java","femr/common/models/PatientItem.java","femr/common/models/PrescriptionItem.java","femr/common/models/ProblemItem.java","femr/common/models/SettingItem.java","femr/ui/models/pharmacy/EditViewModelGet.java"],"cells":[{"src":3,"dest":4,"values":{"Parameter":1.0,"Return":1.0,"Contain":1.0,"Use":1.0}},{"src":5,"dest":1,"values":{"Call":1.0,"Parameter":3.0,"Return":1.0,"Contain":1.0,"Use":3.0}},{"src":8,"dest":4,"values":{"Parameter":1.0,"Return":1.0,"Contain":1.0,"Use":1.0}},{"src":8,"dest":5,"values":{"Parameter":2.0,"Use":2.0}},{"src":8,"dest":6,"values":{"Parameter":2.0,"Use":2.0}},{"src":8,"dest":7,"values":{"Parameter":1.0,"Return":1.0,"Contain":1.0,"Use":1.0}},{"src":8,"dest":2,"values":{"Parameter":2.0,"Use":2.0}},{"src":8,"dest":3,"values":{"Parameter":1.0,"Return":1.0,"Contain":1.0,"Use":1.0}},{"src":8,"dest":0,"values":{"Parameter":2.0,"Use":2.0}}],"relationTypes":["Parameter","Return","Contain","Use","Call"]}