{"name":"fg_183.json","variables":["femr/business/services/core/ISessionService.java","femr/business/services/core/IUserService.java","femr/common/dtos/CurrentUser.java","femr/common/dtos/ServiceResponse.java","femr/common/models/MissionTripItem.java","femr/common/models/PatientEncounterItem.java","femr/common/models/PatientItem.java","femr/common/models/UserItem.java","femr/data/models/core/IRole.java","femr/data/models/core/IUser.java","femr/ui/controllers/SessionsController.java","femr/ui/models/sessions/CreateViewModel.java","femr/util/calculations/dateUtils.java","femr/util/stringhelpers/StringUtils.java"],"cells":[{"src":0,"dest":3,"values":{"Import":1.0,"Return":1.0}},{"src":0,"dest":2,"values":{"Import":1.0,"Return":1.0}},{"src":1,"dest":7,"values":{"Parameter":2.0,"Import":1.0}},{"src":1,"dest":9,"values":{"Parameter":1.0,"Import":1.0,"Return":2.0}},{"src":1,"dest":3,"values":{"Import":1.0,"Return":8.0}},{"src":1,"dest":8,"values":{"Import":1.0}},{"src":2,"dest":8,"values":{"Parameter":2.0,"Import":1.0,"Use":2.0}},{"src":3,"dest":4,"values":{"Import":1.0}},{"src":5,"dest":6,"values":{"Parameter":1.0,"Return":1.0,"Contain":1.0,"Use":1.0}},{"src":9,"dest":8,"values":{"Parameter":1.0}},{"src":10,"dest":13,"values":{"Call":1.0,"Import":1.0,"Use":1.0}},{"src":10,"dest":9,"values":{"Call":12.0,"Parameter":7.0,"Import":1.0,"Contain":2.0,"Use":6.0}},{"src":10,"dest":3,"values":{"Call":4.0,"Import":1.0,"Contain":3.0}},{"src":10,"dest":0,"values":{"Call":4.0,"Parameter":1.0,"Import":1.0,"Contain":1.0,"Use":1.0}},{"src":10,"dest":1,"values":{"Call":6.0,"Parameter":1.0,"Import":1.0,"Contain":1.0,"Use":1.0}},{"src":10,"dest":11,"values":{"Call":11.0,"Parameter":12.0,"Import":1.0,"Contain":2.0,"Use":16.0}},{"src":10,"dest":2,"values":{"Call":2.0,"Parameter":3.0,"Import":1.0,"Contain":2.0,"Use":3.0}},{"src":10,"dest":12,"values":{"Call":1.0,"Import":1.0,"Use":1.0}},{"src":12,"dest":5,"values":{"Call":4.0,"Parameter":1.0,"Import":1.0}},{"src":13,"dest":12,"values":{"Call":2.0,"Import":1.0,"Use":2.0}}],"relationTypes":["Import","Return","Parameter","Use","Contain","Call"]}