{"name":"fg_124.json","variables":["femr/data/daos/IRepository.java","femr/data/models/core/IConceptMedicationForm.java","femr/data/models/core/IConceptMedicationUnit.java","femr/data/models/core/IConceptPrescriptionAdministration.java","femr/data/models/core/IMedication.java","femr/data/models/core/IMedicationGeneric.java","femr/data/models/core/IMedicationGenericStrength.java","femr/data/models/core/IMedicationInventory.java","femr/data/models/core/IMissionCity.java","femr/data/models/core/IMissionCountry.java","femr/data/models/core/IMissionTeam.java","femr/data/models/core/IMissionTrip.java","femr/data/models/core/IRole.java","femr/data/models/core/IUser.java","femr/data/models/mysql/Medication.java","femr/data/models/mysql/MedicationGeneric.java","femr/data/models/mysql/MedicationGenericStrength.java","femr/data/models/mysql/MedicationInventory.java","femr/data/models/mysql/MissionCity.java","femr/data/models/mysql/MissionCountry.java","femr/data/models/mysql/MissionTeam.java","femr/data/models/mysql/MissionTrip.java","femr/data/models/mysql/Role.java","femr/data/models/mysql/User.java","femr/data/models/mysql/concepts/ConceptMedication.java","femr/data/models/mysql/concepts/ConceptMedicationForm.java","femr/data/models/mysql/concepts/ConceptMedicationGeneric.java","femr/data/models/mysql/concepts/ConceptMedicationGenericStrength.java","femr/data/models/mysql/concepts/ConceptMedicationUnit.java","femr/data/models/mysql/concepts/ConceptPrescriptionAdministration.java","femr/util/startup/MedicationDatabaseSeeder.java"],"cells":[{"src":4,"dest":17,"values":{"Import":1.0}},{"src":4,"dest":1,"values":{"Parameter":1.0,"Return":1.0}},{"src":6,"dest":2,"values":{"Parameter":1.0,"Return":1.0}},{"src":6,"dest":5,"values":{"Parameter":1.0,"Return":1.0}},{"src":7,"dest":4,"values":{"Parameter":1.0,"Return":1.0}},{"src":7,"dest":11,"values":{"Parameter":1.0,"Return":1.0}},{"src":8,"dest":9,"values":{"Parameter":1.0,"Return":1.0}},{"src":10,"dest":21,"values":{"Import":1.0}},{"src":11,"dest":13,"values":{"Parameter":1.0}},{"src":11,"dest":10,"values":{"Parameter":1.0,"Return":1.0}},{"src":11,"dest":8,"values":{"Parameter":1.0,"Return":1.0}},{"src":13,"dest":12,"values":{"Parameter":1.0}},{"src":14,"dest":6,"values":{"Parameter":2.0,"Import":1.0,"Use":2.0}},{"src":14,"dest":25,"values":{"Cast":1.0,"Import":1.0,"Contain":1.0,"Use":1.0}},{"src":14,"dest":4,"values":{"Implement":1.0,"Import":1.0}},{"src":14,"dest":16,"values":{"Use":1.0}},{"src":14,"dest":1,"values":{"Parameter":1.0,"Import":1.0,"Return":1.0}},{"src":14,"dest":17,"values":{"Parameter":2.0,"Use":2.0}},{"src":15,"dest":5,"values":{"Implement":1.0,"Import":1.0}},{"src":16,"dest":2,"values":{"Parameter":1.0,"Import":1.0,"Return":1.0}},{"src":16,"dest":6,"values":{"Implement":1.0,"Import":1.0}},{"src":16,"dest":15,"values":{"Cast":1.0,"Contain":1.0,"Use":1.0}},{"src":16,"dest":28,"values":{"Cast":1.0,"Import":1.0,"Contain":1.0,"Use":1.0}},{"src":16,"dest":5,"values":{"Parameter":1.0,"Import":1.0,"Return":1.0}},{"src":17,"dest":7,"values":{"Implement":1.0,"Import":1.0}},{"src":17,"dest":14,"values":{"Cast":1.0,"Contain":1.0,"Use":1.0}},{"src":17,"dest":21,"values":{"Cast":1.0,"Contain":1.0,"Use":1.0}},{"src":17,"dest":4,"values":{"Parameter":1.0,"Import":1.0,"Return":1.0}},{"src":17,"dest":11,"values":{"Parameter":1.0,"Import":1.0,"Return":1.0}},{"src":18,"dest":9,"values":{"Parameter":1.0,"Import":1.0,"Return":1.0}},{"src":18,"dest":19,"values":{"Cast":1.0,"Contain":1.0,"Use":1.0}},{"src":18,"dest":8,"values":{"Implement":1.0,"Import":1.0}},{"src":19,"dest":9,"values":{"Implement":1.0,"Import":1.0}},{"src":20,"dest":10,"values":{"Implement":1.0,"Import":1.0}},{"src":20,"dest":21,"values":{"Parameter":2.0,"Use":2.0}},{"src":21,"dest":13,"values":{"Call":1.0,"Parameter":6.0,"Import":1.0,"Contain":1.0,"Use":5.0}},{"src":21,"dest":20,"values":{"Cast":1.0,"Contain":1.0,"Use":1.0}},{"src":21,"dest":10,"values":{"Parameter":1.0,"Import":1.0,"Return":1.0}},{"src":21,"dest":23,"values":{"Use":1.0}},{"src":21,"dest":18,"values":{"Cast":1.0,"Contain":1.0,"Use":1.0}},{"src":21,"dest":11,"values":{"Implement":1.0,"Import":1.0}},{"src":21,"dest":8,"values":{"Parameter":1.0,"Import":1.0,"Return":1.0}},{"src":22,"dest":12,"values":{"Implement":1.0,"Import":1.0}},{"src":23,"dest":13,"values":{"Implement":1.0,"Import":1.0}},{"src":23,"dest":12,"values":{"Parameter":3.0,"Import":1.0,"Contain":1.0,"Use":2.0}},{"src":23,"dest":21,"values":{"Use":1.0}},{"src":23,"dest":11,"values":{"Parameter":2.0,"Import":1.0,"Use":2.0}},{"src":23,"dest":22,"values":{"Use":1.0}},{"src":24,"dest":6,"values":{"Parameter":2.0,"Import":1.0,"Use":2.0}},{"src":24,"dest":25,"values":{"Cast":1.0,"Contain":1.0,"Use":1.0}},{"src":24,"dest":4,"values":{"Implement":1.0,"Import":1.0}},{"src":24,"dest":17,"values":{"Import":1.0}},{"src":24,"dest":1,"values":{"Parameter":1.0,"Import":1.0,"Return":1.0}},{"src":24,"dest":27,"values":{"Use":1.0}},{"src":25,"dest":1,"values":{"Implement":1.0,"Import":1.0}},{"src":26,"dest":5,"values":{"Implement":1.0,"Import":1.0}},{"src":27,"dest":2,"values":{"Parameter":1.0,"Import":1.0,"Return":1.0}},{"src":27,"dest":6,"values":{"Implement":1.0,"Import":1.0}},{"src":27,"dest":28,"values":{"Cast":1.0,"Contain":1.0,"Use":1.0}},{"src":27,"dest":26,"values":{"Cast":1.0,"Contain":1.0,"Use":1.0}},{"src":27,"dest":5,"values":{"Parameter":1.0,"Import":1.0,"Return":1.0}},{"src":28,"dest":2,"values":{"Implement":1.0,"Import":1.0}},{"src":29,"dest":3,"values":{"Implement":1.0,"Import":1.0}},{"src":30,"dest":2,"values":{"Call":4.0,"Parameter":8.0,"Contain":2.0,"Use":8.0}},{"src":30,"dest":28,"values":{"Call":36.0,"Import":1.0,"Use":15.0,"Create":9.0,"Parameter":3.0,"Contain":1.0}},{"src":30,"dest":26,"values":{"Call":2.0,"Import":1.0,"Return":1.0,"Use":6.0,"Create":1.0,"Parameter":3.0,"Contain":1.0}},{"src":30,"dest":25,"values":{"Call":80.0,"Import":1.0,"Use":26.0,"Create":20.0,"Parameter":3.0,"Contain":1.0}},{"src":30,"dest":5,"values":{"Call":4.0,"Parameter":8.0,"Contain":2.0,"Use":8.0}},{"src":30,"dest":0,"values":{"Call":38.0,"Parameter":6.0,"Import":1.0,"Contain":6.0,"Use":12.0}},{"src":30,"dest":4,"values":{"Call":6.0,"Parameter":5.0,"Contain":1.0,"Use":5.0}},{"src":30,"dest":27,"values":{"Call":6.0,"Import":1.0,"Return":1.0,"Use":6.0,"Create":1.0,"Parameter":3.0,"Contain":1.0}},{"src":30,"dest":24,"values":{"Call":7.0,"Import":1.0,"Return":1.0,"Use":4.0,"Create":1.0,"Parameter":3.0,"Contain":1.0}},{"src":30,"dest":6,"values":{"Call":5.0,"Parameter":17.0,"Return":1.0,"Contain":2.0,"Use":17.0}},{"src":30,"dest":29,"values":{"Cast":21.0,"Call":63.0,"Import":1.0,"Use":25.0,"Create":21.0,"Parameter":3.0,"Contain":1.0}},{"src":30,"dest":3,"values":{"Call":64.0,"Parameter":5.0,"Contain":2.0,"Use":5.0}},{"src":30,"dest":1,"values":{"Call":4.0,"Parameter":8.0,"Contain":2.0,"Use":8.0}}],"relationTypes":["Import","Parameter","Return","Use","Cast","Contain","Implement","Call","Create"]}