{"name":"fg_121.json","variables":["femr/business/services/core/IConfigureService.java","femr/business/services/system/ConfigureService.java","femr/common/dtos/ServiceResponse.java","femr/common/models/MissionTripItem.java","femr/data/daos/IRepository.java","femr/data/models/core/ISystemSetting.java","femr/data/models/mysql/SystemSetting.java"],"cells":[{"src":0,"dest":2,"values":{"Import":1.0,"Return":2.0}},{"src":0,"dest":5,"values":{"Import":1.0}},{"src":1,"dest":2,"values":{"Call":6.0,"Import":1.0,"Return":2.0,"Contain":2.0,"Create":2.0}},{"src":1,"dest":0,"values":{"Implement":1.0,"Import":1.0}},{"src":1,"dest":6,"values":{"Use":2.0,"Import":1.0}},{"src":1,"dest":4,"values":{"Call":5.0,"Parameter":1.0,"Import":1.0,"Contain":1.0,"Use":2.0}},{"src":1,"dest":5,"values":{"Call":4.0,"Parameter":14.0,"Import":1.0,"Contain":2.0,"Use":14.0}},{"src":2,"dest":3,"values":{"Import":1.0}},{"src":6,"dest":5,"values":{"Implement":1.0,"Import":1.0}}],"relationTypes":["Import","Return","Call","Contain","Create","Implement","Use","Parameter"]}