{"name":"fg_176.json","variables":["femr/business/services/core/IEncounterService.java","femr/business/services/core/IPatientService.java","femr/business/services/core/IPhotoService.java","femr/business/services/core/ISearchService.java","femr/business/services/core/ISessionService.java","femr/business/services/core/IUserService.java","femr/business/services/core/IVitalService.java","femr/common/dtos/CurrentUser.java","femr/common/dtos/ServiceResponse.java","femr/common/models/MedicationItem.java","femr/common/models/MissionTripItem.java","femr/common/models/PatientEncounterItem.java","femr/common/models/PatientItem.java","femr/common/models/PhotoItem.java","femr/common/models/PrescriptionItem.java","femr/common/models/ProblemItem.java","femr/common/models/SettingItem.java","femr/common/models/TabFieldItem.java","femr/common/models/UserItem.java","femr/common/models/VitalItem.java","femr/data/models/core/IChiefComplaint.java","femr/data/models/core/IMissionCity.java","femr/data/models/core/IMissionCountry.java","femr/data/models/core/IMissionTeam.java","femr/data/models/core/IMissionTrip.java","femr/data/models/core/IPatient.java","femr/data/models/core/IPatientAgeClassification.java","femr/data/models/core/IPatientEncounter.java","femr/data/models/core/IPatientEncounterTabField.java","femr/data/models/core/IPhoto.java","femr/data/models/core/IRole.java","femr/data/models/core/ITab.java","femr/data/models/core/ITabField.java","femr/data/models/core/ITabFieldSize.java","femr/data/models/core/ITabFieldType.java","femr/data/models/core/IUser.java","femr/data/models/mysql/ChiefComplaint.java","femr/data/models/mysql/MissionCity.java","femr/data/models/mysql/MissionCountry.java","femr/data/models/mysql/MissionTeam.java","femr/data/models/mysql/MissionTrip.java","femr/data/models/mysql/Patient.java","femr/data/models/mysql/PatientAgeClassification.java","femr/data/models/mysql/PatientEncounter.java","femr/data/models/mysql/PatientEncounterTabField.java","femr/data/models/mysql/Photo.java","femr/data/models/mysql/Role.java","femr/data/models/mysql/Roles.java","femr/data/models/mysql/Tab.java","femr/data/models/mysql/TabField.java","femr/data/models/mysql/TabFieldSize.java","femr/data/models/mysql/TabFieldType.java","femr/data/models/mysql/User.java","femr/ui/controllers/TriageController.java","femr/ui/helpers/security/AllowedRoles.java","femr/ui/helpers/security/AllowedRolesAction.java","femr/ui/helpers/security/FEMRAuthenticated.java","femr/ui/models/medical/EditViewModelPost.java","femr/ui/models/triage/DeleteViewModelPost.java","femr/ui/models/triage/IndexViewModelGet.java","femr/ui/models/triage/IndexViewModelPost.java","femr/util/DataStructure/Mapping/AbstractMultiMap.java","femr/util/DataStructure/Mapping/VitalMultiMap.java","femr/util/calculations/dateUtils.java","femr/util/stringhelpers/StringUtils.java"],"cells":[{"src":0,"dest":8,"values":{"Import":1.0,"Return":13.0}},{"src":0,"dest":28,"values":{"Import":1.0}},{"src":0,"dest":44,"values":{"Import":1.0}},{"src":0,"dest":11,"values":{"Import":1.0}},{"src":0,"dest":27,"values":{"Import":1.0}},{"src":1,"dest":12,"values":{"Parameter":1.0,"Import":1.0}},{"src":1,"dest":8,"values":{"Import":1.0,"Return":7.0}},{"src":1,"dest":41,"values":{"Import":1.0}},{"src":2,"dest":8,"values":{"Import":1.0,"Return":5.0}},{"src":2,"dest":57,"values":{"Parameter":1.0,"Import":1.0}},{"src":2,"dest":11,"values":{"Parameter":1.0,"Import":1.0}},{"src":2,"dest":13,"values":{"Import":1.0}},{"src":3,"dest":8,"values":{"Import":1.0,"Return":14.0}},{"src":4,"dest":8,"values":{"Import":1.0,"Return":1.0}},{"src":4,"dest":7,"values":{"Import":1.0,"Return":1.0}},{"src":5,"dest":18,"values":{"Parameter":2.0,"Import":1.0}},{"src":5,"dest":35,"values":{"Parameter":1.0,"Import":1.0,"Return":2.0}},{"src":5,"dest":8,"values":{"Import":1.0,"Return":8.0}},{"src":5,"dest":30,"values":{"Import":1.0}},{"src":6,"dest":62,"values":{"Import":1.0}},{"src":6,"dest":8,"values":{"Import":1.0,"Return":4.0}},{"src":6,"dest":19,"values":{"Import":1.0}},{"src":7,"dest":30,"values":{"Parameter":2.0,"Import":1.0,"Use":2.0}},{"src":8,"dest":10,"values":{"Import":1.0}},{"src":11,"dest":12,"values":{"Parameter":1.0,"Return":1.0,"Contain":1.0,"Use":1.0}},{"src":14,"dest":9,"values":{"Call":1.0,"Parameter":3.0,"Return":1.0,"Contain":1.0,"Use":3.0}},{"src":20,"dest":27,"values":{"Parameter":1.0,"Return":1.0}},{"src":21,"dest":22,"values":{"Parameter":1.0,"Return":1.0}},{"src":23,"dest":40,"values":{"Import":1.0}},{"src":24,"dest":35,"values":{"Parameter":1.0}},{"src":24,"dest":23,"values":{"Parameter":1.0,"Return":1.0}},{"src":24,"dest":21,"values":{"Parameter":1.0,"Return":1.0}},{"src":25,"dest":43,"values":{"Import":1.0}},{"src":25,"dest":29,"values":{"Parameter":1.0,"Return":1.0}},{"src":27,"dest":35,"values":{"Parameter":4.0,"Return":4.0}},{"src":27,"dest":26,"values":{"Parameter":1.0,"Return":1.0}},{"src":27,"dest":25,"values":{"Parameter":1.0,"Return":1.0}},{"src":27,"dest":24,"values":{"Parameter":1.0,"Return":1.0}},{"src":28,"dest":20,"values":{"Parameter":1.0}},{"src":28,"dest":36,"values":{"Import":1.0,"Return":1.0}},{"src":28,"dest":32,"values":{"Parameter":1.0,"Return":1.0}},{"src":28,"dest":52,"values":{"Parameter":1.0,"Import":1.0}},{"src":31,"dest":49,"values":{"Import":1.0}},{"src":32,"dest":31,"values":{"Parameter":1.0,"Return":1.0}},{"src":32,"dest":34,"values":{"Parameter":1.0,"Return":1.0}},{"src":32,"dest":33,"values":{"Parameter":1.0,"Return":1.0}},{"src":35,"dest":30,"values":{"Parameter":1.0}},{"src":36,"dest":20,"values":{"Implement":1.0,"Import":1.0}},{"src":36,"dest":43,"values":{"Cast":1.0,"Contain":1.0,"Use":1.0}},{"src":36,"dest":27,"values":{"Parameter":1.0,"Import":1.0,"Return":1.0}},{"src":37,"dest":22,"values":{"Parameter":1.0,"Import":1.0,"Return":1.0}},{"src":37,"dest":38,"values":{"Cast":1.0,"Contain":1.0,"Use":1.0}},{"src":37,"dest":21,"values":{"Implement":1.0,"Import":1.0}},{"src":38,"dest":22,"values":{"Implement":1.0,"Import":1.0}},{"src":39,"dest":23,"values":{"Implement":1.0,"Import":1.0}},{"src":39,"dest":40,"values":{"Parameter":2.0,"Use":2.0}},{"src":40,"dest":35,"values":{"Call":1.0,"Parameter":6.0,"Import":1.0,"Contain":1.0,"Use":5.0}},{"src":40,"dest":39,"values":{"Cast":1.0,"Contain":1.0,"Use":1.0}},{"src":40,"dest":23,"values":{"Parameter":1.0,"Import":1.0,"Return":1.0}},{"src":40,"dest":52,"values":{"Use":1.0}},{"src":40,"dest":37,"values":{"Cast":1.0,"Contain":1.0,"Use":1.0}},{"src":40,"dest":24,"values":{"Implement":1.0,"Import":1.0}},{"src":40,"dest":21,"values":{"Parameter":1.0,"Import":1.0,"Return":1.0}},{"src":41,"dest":45,"values":{"Cast":1.0,"Contain":1.0,"Use":1.0}},{"src":41,"dest":25,"values":{"Implement":1.0,"Import":1.0}},{"src":41,"dest":43,"values":{"Parameter":2.0,"Use":2.0}},{"src":41,"dest":29,"values":{"Parameter":1.0,"Import":1.0,"Return":1.0}},{"src":42,"dest":26,"values":{"Implement":1.0,"Import":1.0}},{"src":43,"dest":20,"values":{"Parameter":3.0,"Contain":1.0,"Use":3.0}},{"src":43,"dest":35,"values":{"Parameter":4.0,"Return":4.0}},{"src":43,"dest":36,"values":{"Cast":1.0,"Parameter":2.0,"Contain":1.0,"Use":2.0}},{"src":43,"dest":26,"values":{"Parameter":1.0,"Return":1.0}},{"src":43,"dest":25,"values":{"Parameter":1.0,"Return":1.0}},{"src":43,"dest":42,"values":{"Cast":1.0,"Contain":1.0,"Use":1.0}},{"src":43,"dest":40,"values":{"Cast":1.0,"Contain":1.0,"Use":1.0}},{"src":43,"dest":41,"values":{"Cast":1.0,"Contain":1.0,"Use":1.0}},{"src":43,"dest":52,"values":{"Cast":4.0,"Contain":4.0,"Use":4.0}},{"src":43,"dest":24,"values":{"Parameter":1.0,"Return":1.0}},{"src":43,"dest":27,"values":{"Implement":1.0}},{"src":44,"dest":20,"values":{"Parameter":1.0,"Import":1.0}},{"src":44,"dest":36,"values":{"Cast":1.0,"Return":1.0,"Contain":1.0,"Use":1.0}},{"src":44,"dest":28,"values":{"Implement":1.0,"Import":1.0}},{"src":44,"dest":32,"values":{"Parameter":1.0,"Import":1.0,"Return":1.0}},{"src":44,"dest":52,"values":{"Call":2.0,"Parameter":1.0,"Contain":1.0,"Use":1.0}},{"src":44,"dest":49,"values":{"Cast":1.0,"Contain":1.0,"Use":1.0}},{"src":45,"dest":29,"values":{"Implement":1.0,"Import":1.0}},{"src":46,"dest":30,"values":{"Implement":1.0,"Import":1.0}},{"src":48,"dest":31,"values":{"Implement":1.0,"Import":1.0}},{"src":48,"dest":49,"values":{"Parameter":2.0,"Use":2.0}},{"src":49,"dest":51,"values":{"Cast":1.0,"Contain":1.0,"Use":1.0}},{"src":49,"dest":32,"values":{"Implement":1.0,"Import":1.0}},{"src":49,"dest":31,"values":{"Parameter":1.0,"Import":1.0,"Return":1.0}},{"src":49,"dest":34,"values":{"Parameter":1.0,"Import":1.0,"Return":1.0}},{"src":49,"dest":50,"values":{"Cast":1.0,"Contain":1.0,"Use":1.0}},{"src":49,"dest":48,"values":{"Cast":1.0,"Contain":1.0,"Use":1.0}},{"src":49,"dest":33,"values":{"Parameter":1.0,"Import":1.0,"Return":1.0}},{"src":50,"dest":33,"values":{"Implement":1.0,"Import":1.0}},{"src":51,"dest":34,"values":{"Implement":1.0,"Import":1.0}},{"src":52,"dest":35,"values":{"Implement":1.0,"Import":1.0}},{"src":52,"dest":30,"values":{"Parameter":3.0,"Import":1.0,"Contain":1.0,"Use":2.0}},{"src":52,"dest":40,"values":{"Use":1.0}},{"src":52,"dest":24,"values":{"Parameter":2.0,"Import":1.0,"Use":2.0}},{"src":52,"dest":46,"values":{"Use":1.0}},{"src":53,"dest":12,"values":{"Call":12.0,"Return":1.0,"Create":2.0,"Use":10.0,"Parameter":9.0,"Contain":4.0}},{"src":53,"dest":64,"values":{"Call":2.0,"Import":1.0,"Use":2.0}},{"src":53,"dest":56,"values":{"Use":1.0,"Import":1.0}},{"src":53,"dest":58,"values":{"Call":3.0,"Parameter":6.0,"Contain":2.0,"Use":8.0}},{"src":53,"dest":8,"values":{"Call":30.0,"Import":1.0,"Contain":15.0,"Use":5.0}},{"src":53,"dest":4,"values":{"Call":5.0,"Parameter":1.0,"Contain":1.0,"Use":1.0}},{"src":53,"dest":54,"values":{"Annotation":1.0,"Import":1.0}},{"src":53,"dest":6,"values":{"Call":3.0,"Parameter":1.0,"Contain":1.0,"Use":1.0}},{"src":53,"dest":7,"values":{"Call":7.0,"Parameter":1.0,"Import":1.0,"Contain":5.0}},{"src":53,"dest":59,"values":{"Call":13.0,"Contain":2.0,"Create":2.0}},{"src":53,"dest":2,"values":{"Call":1.0,"Parameter":1.0,"Contain":1.0,"Use":1.0}},{"src":53,"dest":16,"values":{"Parameter":9.0,"Use":9.0}},{"src":53,"dest":19,"values":{"Parameter":9.0,"Use":9.0}},{"src":53,"dest":11,"values":{"Call":3.0,"Parameter":12.0,"Contain":2.0,"Use":12.0}},{"src":53,"dest":1,"values":{"Call":8.0,"Parameter":1.0,"Contain":1.0,"Use":1.0}},{"src":53,"dest":60,"values":{"Call":49.0,"Parameter":4.0,"Contain":1.0,"Use":4.0}},{"src":53,"dest":47,"values":{"Use":6.0,"Import":1.0}},{"src":53,"dest":0,"values":{"Call":3.0,"Parameter":1.0,"Contain":1.0,"Use":1.0}},{"src":53,"dest":3,"values":{"Call":5.0,"Parameter":1.0,"Contain":1.0,"Use":1.0}},{"src":54,"dest":55,"values":{"Use":1.0}},{"src":55,"dest":30,"values":{"Call":1.0,"Parameter":3.0,"Import":1.0,"Contain":1.0,"Use":3.0}},{"src":55,"dest":5,"values":{"Call":1.0,"Parameter":1.0,"Import":1.0,"Contain":1.0,"Use":1.0}},{"src":57,"dest":14,"values":{"Parameter":2.0,"Import":1.0,"Use":2.0}},{"src":57,"dest":15,"values":{"Parameter":2.0,"Import":1.0,"Use":2.0}},{"src":57,"dest":17,"values":{"Parameter":2.0,"Import":1.0,"Use":2.0}},{"src":59,"dest":12,"values":{"Parameter":1.0,"Import":1.0,"Return":1.0,"Contain":1.0,"Use":1.0}},{"src":59,"dest":16,"values":{"Parameter":1.0,"Import":1.0,"Return":1.0,"Contain":1.0,"Use":1.0}},{"src":59,"dest":19,"values":{"Parameter":2.0,"Import":1.0,"Use":2.0}},{"src":61,"dest":64,"values":{"Call":1.0,"Import":1.0,"Use":1.0}},{"src":62,"dest":61,"values":{"Extend":1.0,"Use":5.0}},{"src":63,"dest":11,"values":{"Call":4.0,"Parameter":1.0,"Import":1.0}},{"src":64,"dest":63,"values":{"Call":2.0,"Import":1.0,"Use":2.0}}],"relationTypes":["Import","Return","Parameter","Use","Contain","Call","Implement","Cast","Create","Annotation","Extend"]}