{"name":"fg_162.json","variables":["femr/data/models/core/IConceptPrescriptionAdministration.java","femr/data/models/mysql/concepts/ConceptPrescriptionAdministration.java","femr/util/dependencyinjection/providers/ConceptPrescriptionAdministrationProvider.java"],"cells":[{"src":1,"dest":0,"values":{"Implement":1.0,"Import":1.0}},{"src":2,"dest":1,"values":{"Call":1.0,"Import":1.0,"Create":1.0}},{"src":2,"dest":0,"values":{"Import":1.0,"Return":1.0}}],"relationTypes":["Implement","Import","Call","Create","Return"]}