{"name":"fg_170.json","variables":["femr/business/services/core/IEncounterService.java","femr/business/services/core/IMissionTripService.java","femr/business/services/core/ISessionService.java","femr/business/services/core/IUserService.java","femr/business/services/system/SessionService.java","femr/business/wrappers/sessions/ISessionHelper.java","femr/common/dtos/CurrentUser.java","femr/common/dtos/ServiceResponse.java","femr/common/models/MissionTripItem.java","femr/common/models/PatientEncounterItem.java","femr/common/models/PatientItem.java","femr/common/models/TeamItem.java","femr/common/models/TripItem.java","femr/common/models/UserItem.java","femr/data/DataModelMapper.java","femr/data/IDataModelMapper.java","femr/data/daos/core/IUserRepository.java","femr/data/models/core/IChiefComplaint.java","femr/data/models/core/IConceptMedicationForm.java","femr/data/models/core/IConceptMedicationUnit.java","femr/data/models/core/IConceptPrescriptionAdministration.java","femr/data/models/core/ILoginAttempt.java","femr/data/models/core/IMedication.java","femr/data/models/core/IMedicationGeneric.java","femr/data/models/core/IMedicationGenericStrength.java","femr/data/models/core/IMedicationInventory.java","femr/data/models/core/IMissionCity.java","femr/data/models/core/IMissionCountry.java","femr/data/models/core/IMissionTeam.java","femr/data/models/core/IMissionTrip.java","femr/data/models/core/IPatient.java","femr/data/models/core/IPatientAgeClassification.java","femr/data/models/core/IPatientEncounter.java","femr/data/models/core/IPatientEncounterTabField.java","femr/data/models/core/IPatientEncounterVital.java","femr/data/models/core/IPatientPrescription.java","femr/data/models/core/IPatientPrescriptionReplacement.java","femr/data/models/core/IPatientPrescriptionReplacementReason.java","femr/data/models/core/IPhoto.java","femr/data/models/core/IRole.java","femr/data/models/core/ITab.java","femr/data/models/core/ITabField.java","femr/data/models/core/ITabFieldSize.java","femr/data/models/core/ITabFieldType.java","femr/data/models/core/IUser.java","femr/data/models/core/IVital.java","femr/data/models/mysql/ChiefComplaint.java","femr/data/models/mysql/Medication.java","femr/data/models/mysql/MedicationGeneric.java","femr/data/models/mysql/MedicationGenericStrength.java","femr/data/models/mysql/MedicationInventory.java","femr/data/models/mysql/MissionCity.java","femr/data/models/mysql/MissionCountry.java","femr/data/models/mysql/MissionTeam.java","femr/data/models/mysql/MissionTrip.java","femr/data/models/mysql/Patient.java","femr/data/models/mysql/PatientAgeClassification.java","femr/data/models/mysql/PatientEncounter.java","femr/data/models/mysql/PatientEncounterTabField.java","femr/data/models/mysql/PatientPrescription.java","femr/data/models/mysql/PatientPrescriptionReplacement.java","femr/data/models/mysql/PatientPrescriptionReplacementReason.java","femr/data/models/mysql/Photo.java","femr/data/models/mysql/Role.java","femr/data/models/mysql/Tab.java","femr/data/models/mysql/TabField.java","femr/data/models/mysql/TabFieldSize.java","femr/data/models/mysql/TabFieldType.java","femr/data/models/mysql/User.java","femr/data/models/mysql/concepts/ConceptMedicationForm.java","femr/data/models/mysql/concepts/ConceptMedicationUnit.java","femr/data/models/mysql/concepts/ConceptPrescriptionAdministration.java","femr/util/calculations/dateUtils.java","femr/util/encryptions/IPasswordEncryptor.java","femr/util/stringhelpers/StringUtils.java"],"cells":[{"src":0,"dest":7,"values":{"Import":1.0,"Return":13.0}},{"src":0,"dest":33,"values":{"Import":1.0}},{"src":0,"dest":58,"values":{"Import":1.0}},{"src":0,"dest":9,"values":{"Import":1.0}},{"src":0,"dest":32,"values":{"Import":1.0}},{"src":1,"dest":7,"values":{"Import":1.0,"Return":10.0}},{"src":1,"dest":29,"values":{"Import":1.0}},{"src":1,"dest":12,"values":{"Parameter":1.0}},{"src":1,"dest":11,"values":{"Parameter":1.0}},{"src":2,"dest":7,"values":{"Import":1.0,"Return":1.0}},{"src":2,"dest":6,"values":{"Import":1.0,"Return":1.0}},{"src":3,"dest":13,"values":{"Parameter":2.0,"Import":1.0}},{"src":3,"dest":44,"values":{"Parameter":1.0,"Import":1.0,"Return":2.0}},{"src":3,"dest":7,"values":{"Import":1.0,"Return":8.0}},{"src":3,"dest":39,"values":{"Import":1.0}},{"src":4,"dest":1,"values":{"Call":2.0,"Parameter":1.0,"Import":1.0,"Contain":1.0,"Use":1.0}},{"src":4,"dest":44,"values":{"Call":9.0,"Parameter":1.0,"Contain":2.0}},{"src":4,"dest":7,"values":{"Call":4.0,"Import":1.0,"Return":1.0,"Contain":1.0,"Create":1.0}},{"src":4,"dest":2,"values":{"Implement":1.0,"Import":1.0}},{"src":4,"dest":16,"values":{"Call":1.0,"Parameter":1.0,"Import":1.0,"Contain":1.0,"Use":1.0}},{"src":4,"dest":3,"values":{"Call":2.0,"Parameter":1.0,"Import":1.0,"Contain":1.0,"Use":1.0}},{"src":4,"dest":73,"values":{"Call":1.0,"Parameter":1.0,"Import":1.0,"Contain":1.0,"Use":1.0}},{"src":4,"dest":6,"values":{"Call":1.0,"Import":1.0,"Return":2.0,"Use":3.0,"Create":1.0,"Parameter":3.0}},{"src":4,"dest":15,"values":{"Parameter":1.0,"Import":1.0,"Contain":1.0,"Use":1.0}},{"src":4,"dest":29,"values":{"Parameter":6.0,"Use":6.0}},{"src":4,"dest":5,"values":{"Call":3.0,"Parameter":1.0,"Import":1.0,"Contain":1.0,"Use":1.0}},{"src":6,"dest":39,"values":{"Parameter":2.0,"Import":1.0,"Use":2.0}},{"src":7,"dest":8,"values":{"Import":1.0}},{"src":9,"dest":10,"values":{"Parameter":1.0,"Return":1.0,"Contain":1.0,"Use":1.0}},{"src":14,"dest":17,"values":{"Call":3.0,"Parameter":2.0,"Return":1.0,"Contain":1.0,"Use":2.0}},{"src":14,"dest":36,"values":{"Call":3.0,"Parameter":2.0,"Return":1.0,"Contain":1.0,"Use":2.0}},{"src":14,"dest":2,"values":{"Call":1.0,"Parameter":2.0,"Import":1.0,"Contain":1.0,"Use":2.0}},{"src":14,"dest":38,"values":{"Call":4.0,"Parameter":2.0,"Return":1.0,"Contain":1.0,"Use":2.0}},{"src":14,"dest":34,"values":{"Call":5.0,"Parameter":2.0,"Return":1.0,"Contain":1.0,"Use":2.0}},{"src":14,"dest":23,"values":{"Call":1.0,"Parameter":3.0,"Return":1.0,"Contain":1.0,"Use":2.0}},{"src":14,"dest":6,"values":{"Call":1.0,"Import":1.0,"Contain":1.0}},{"src":14,"dest":22,"values":{"Call":6.0,"Parameter":2.0,"Return":2.0,"Contain":2.0,"Use":2.0}},{"src":14,"dest":26,"values":{"Call":2.0,"Parameter":3.0,"Return":1.0,"Contain":1.0,"Use":2.0}},{"src":14,"dest":25,"values":{"Call":6.0,"Parameter":2.0,"Return":1.0,"Contain":1.0,"Use":2.0}},{"src":14,"dest":24,"values":{"Call":4.0,"Parameter":2.0,"Return":1.0,"Contain":1.0,"Use":2.0}},{"src":14,"dest":33,"values":{"Call":6.0,"Parameter":2.0,"Return":1.0,"Contain":1.0,"Use":2.0}},{"src":14,"dest":40,"values":{"Call":7.0,"Parameter":2.0,"Return":1.0,"Contain":1.0,"Use":2.0}},{"src":14,"dest":20,"values":{"Parameter":2.0,"Use":2.0}},{"src":14,"dest":29,"values":{"Call":4.0,"Parameter":2.0,"Return":1.0,"Contain":1.0,"Use":2.0}},{"src":14,"dest":18,"values":{"Call":2.0,"Parameter":3.0,"Return":1.0,"Contain":1.0,"Use":2.0}},{"src":14,"dest":37,"values":{"Parameter":2.0,"Use":2.0}},{"src":14,"dest":19,"values":{"Parameter":2.0,"Use":2.0}},{"src":14,"dest":74,"values":{"Call":19.0,"Import":1.0,"Use":19.0}},{"src":14,"dest":28,"values":{"Call":3.0,"Parameter":3.0,"Return":1.0,"Contain":1.0,"Use":2.0}},{"src":14,"dest":39,"values":{"Call":1.0,"Parameter":2.0,"Return":1.0,"Contain":1.0,"Use":2.0}},{"src":14,"dest":43,"values":{"Parameter":2.0,"Use":2.0}},{"src":14,"dest":42,"values":{"Parameter":2.0,"Use":2.0}},{"src":14,"dest":44,"values":{"Call":12.0,"Parameter":2.0,"Return":2.0,"Contain":1.0,"Use":2.0}},{"src":14,"dest":30,"values":{"Call":9.0,"Parameter":2.0,"Return":1.0,"Contain":1.0,"Use":2.0}},{"src":14,"dest":27,"values":{"Parameter":1.0}},{"src":14,"dest":35,"values":{"Call":8.0,"Parameter":2.0,"Return":1.0,"Contain":1.0,"Use":2.0}},{"src":14,"dest":41,"values":{"Call":7.0,"Parameter":2.0,"Return":1.0,"Contain":1.0,"Use":2.0}},{"src":14,"dest":4,"values":{"Import":1.0}},{"src":14,"dest":15,"values":{"Implement":1.0}},{"src":14,"dest":0,"values":{"Import":1.0}},{"src":14,"dest":72,"values":{"Call":1.0,"Import":1.0,"Use":1.0}},{"src":14,"dest":45,"values":{"Parameter":2.0,"Use":2.0}},{"src":14,"dest":32,"values":{"Parameter":2.0,"Use":2.0}},{"src":15,"dest":17,"values":{"Return":1.0}},{"src":15,"dest":36,"values":{"Return":1.0}},{"src":15,"dest":28,"values":{"Parameter":1.0,"Return":1.0}},{"src":15,"dest":38,"values":{"Return":1.0}},{"src":15,"dest":39,"values":{"Return":1.0}},{"src":15,"dest":34,"values":{"Return":1.0}},{"src":15,"dest":23,"values":{"Parameter":1.0,"Return":1.0}},{"src":15,"dest":22,"values":{"Return":2.0}},{"src":15,"dest":26,"values":{"Parameter":1.0,"Return":1.0}},{"src":15,"dest":44,"values":{"Return":2.0}},{"src":15,"dest":25,"values":{"Return":1.0}},{"src":15,"dest":30,"values":{"Return":1.0}},{"src":15,"dest":27,"values":{"Parameter":1.0}},{"src":15,"dest":24,"values":{"Return":1.0}},{"src":15,"dest":35,"values":{"Return":1.0}},{"src":15,"dest":33,"values":{"Return":1.0}},{"src":15,"dest":40,"values":{"Return":1.0}},{"src":15,"dest":41,"values":{"Return":1.0}},{"src":15,"dest":29,"values":{"Return":1.0}},{"src":15,"dest":18,"values":{"Parameter":1.0,"Return":1.0}},{"src":16,"dest":44,"values":{"Parameter":2.0,"Import":1.0,"Return":4.0}},{"src":16,"dest":39,"values":{"Import":1.0,"Return":2.0}},{"src":16,"dest":21,"values":{"Import":1.0,"Return":1.0}},{"src":17,"dest":32,"values":{"Parameter":1.0,"Return":1.0}},{"src":21,"dest":44,"values":{"Parameter":1.0}},{"src":21,"dest":68,"values":{"Import":1.0,"Return":1.0}},{"src":22,"dest":50,"values":{"Import":1.0}},{"src":22,"dest":18,"values":{"Parameter":1.0,"Return":1.0}},{"src":24,"dest":19,"values":{"Parameter":1.0,"Return":1.0}},{"src":24,"dest":23,"values":{"Parameter":1.0,"Return":1.0}},{"src":25,"dest":22,"values":{"Parameter":1.0,"Return":1.0}},{"src":25,"dest":29,"values":{"Parameter":1.0,"Return":1.0}},{"src":26,"dest":27,"values":{"Parameter":1.0,"Return":1.0}},{"src":28,"dest":54,"values":{"Import":1.0}},{"src":29,"dest":44,"values":{"Parameter":1.0}},{"src":29,"dest":28,"values":{"Parameter":1.0,"Return":1.0}},{"src":29,"dest":26,"values":{"Parameter":1.0,"Return":1.0}},{"src":30,"dest":57,"values":{"Import":1.0}},{"src":30,"dest":38,"values":{"Parameter":1.0,"Return":1.0}},{"src":32,"dest":44,"values":{"Parameter":4.0,"Return":4.0}},{"src":32,"dest":31,"values":{"Parameter":1.0,"Return":1.0}},{"src":32,"dest":30,"values":{"Parameter":1.0,"Return":1.0}},{"src":32,"dest":29,"values":{"Parameter":1.0,"Return":1.0}},{"src":33,"dest":17,"values":{"Parameter":1.0}},{"src":33,"dest":46,"values":{"Import":1.0,"Return":1.0}},{"src":33,"dest":41,"values":{"Parameter":1.0,"Return":1.0}},{"src":33,"dest":68,"values":{"Parameter":1.0,"Import":1.0}},{"src":34,"dest":45,"values":{"Parameter":1.0,"Return":1.0}},{"src":35,"dest":44,"values":{"Parameter":1.0,"Return":1.0}},{"src":35,"dest":60,"values":{"Import":1.0}},{"src":35,"dest":20,"values":{"Parameter":1.0,"Return":1.0}},{"src":35,"dest":22,"values":{"Parameter":1.0,"Return":1.0}},{"src":35,"dest":32,"values":{"Parameter":1.0,"Return":1.0}},{"src":36,"dest":35,"values":{"Parameter":2.0,"Return":2.0}},{"src":36,"dest":37,"values":{"Parameter":1.0,"Return":1.0}},{"src":40,"dest":65,"values":{"Import":1.0}},{"src":41,"dest":40,"values":{"Parameter":1.0,"Return":1.0}},{"src":41,"dest":43,"values":{"Parameter":1.0,"Return":1.0}},{"src":41,"dest":42,"values":{"Parameter":1.0,"Return":1.0}},{"src":44,"dest":39,"values":{"Parameter":1.0}},{"src":46,"dest":17,"values":{"Implement":1.0,"Import":1.0}},{"src":46,"dest":57,"values":{"Cast":1.0,"Contain":1.0,"Use":1.0}},{"src":46,"dest":32,"values":{"Parameter":1.0,"Import":1.0,"Return":1.0}},{"src":47,"dest":24,"values":{"Parameter":2.0,"Import":1.0,"Use":2.0}},{"src":47,"dest":69,"values":{"Cast":1.0,"Import":1.0,"Contain":1.0,"Use":1.0}},{"src":47,"dest":22,"values":{"Implement":1.0,"Import":1.0}},{"src":47,"dest":49,"values":{"Use":1.0}},{"src":47,"dest":18,"values":{"Parameter":1.0,"Import":1.0,"Return":1.0}},{"src":47,"dest":50,"values":{"Parameter":2.0,"Use":2.0}},{"src":48,"dest":23,"values":{"Implement":1.0,"Import":1.0}},{"src":49,"dest":19,"values":{"Parameter":1.0,"Import":1.0,"Return":1.0}},{"src":49,"dest":24,"values":{"Implement":1.0,"Import":1.0}},{"src":49,"dest":48,"values":{"Cast":1.0,"Contain":1.0,"Use":1.0}},{"src":49,"dest":70,"values":{"Cast":1.0,"Import":1.0,"Contain":1.0,"Use":1.0}},{"src":49,"dest":23,"values":{"Parameter":1.0,"Import":1.0,"Return":1.0}},{"src":50,"dest":25,"values":{"Implement":1.0,"Import":1.0}},{"src":50,"dest":47,"values":{"Cast":1.0,"Contain":1.0,"Use":1.0}},{"src":50,"dest":54,"values":{"Cast":1.0,"Contain":1.0,"Use":1.0}},{"src":50,"dest":22,"values":{"Parameter":1.0,"Import":1.0,"Return":1.0}},{"src":50,"dest":29,"values":{"Parameter":1.0,"Import":1.0,"Return":1.0}},{"src":51,"dest":27,"values":{"Parameter":1.0,"Import":1.0,"Return":1.0}},{"src":51,"dest":52,"values":{"Cast":1.0,"Contain":1.0,"Use":1.0}},{"src":51,"dest":26,"values":{"Implement":1.0,"Import":1.0}},{"src":52,"dest":27,"values":{"Implement":1.0,"Import":1.0}},{"src":53,"dest":28,"values":{"Implement":1.0,"Import":1.0}},{"src":53,"dest":54,"values":{"Parameter":2.0,"Use":2.0}},{"src":54,"dest":44,"values":{"Call":1.0,"Parameter":6.0,"Import":1.0,"Contain":1.0,"Use":5.0}},{"src":54,"dest":53,"values":{"Cast":1.0,"Contain":1.0,"Use":1.0}},{"src":54,"dest":28,"values":{"Parameter":1.0,"Import":1.0,"Return":1.0}},{"src":54,"dest":68,"values":{"Use":1.0}},{"src":54,"dest":51,"values":{"Cast":1.0,"Contain":1.0,"Use":1.0}},{"src":54,"dest":29,"values":{"Implement":1.0,"Import":1.0}},{"src":54,"dest":26,"values":{"Parameter":1.0,"Import":1.0,"Return":1.0}},{"src":55,"dest":62,"values":{"Cast":1.0,"Contain":1.0,"Use":1.0}},{"src":55,"dest":30,"values":{"Implement":1.0,"Import":1.0}},{"src":55,"dest":57,"values":{"Parameter":2.0,"Use":2.0}},{"src":55,"dest":38,"values":{"Parameter":1.0,"Import":1.0,"Return":1.0}},{"src":56,"dest":31,"values":{"Implement":1.0,"Import":1.0}},{"src":57,"dest":17,"values":{"Parameter":3.0,"Contain":1.0,"Use":3.0}},{"src":57,"dest":44,"values":{"Parameter":4.0,"Return":4.0}},{"src":57,"dest":46,"values":{"Cast":1.0,"Parameter":2.0,"Contain":1.0,"Use":2.0}},{"src":57,"dest":31,"values":{"Parameter":1.0,"Return":1.0}},{"src":57,"dest":30,"values":{"Parameter":1.0,"Return":1.0}},{"src":57,"dest":56,"values":{"Cast":1.0,"Contain":1.0,"Use":1.0}},{"src":57,"dest":54,"values":{"Cast":1.0,"Contain":1.0,"Use":1.0}},{"src":57,"dest":55,"values":{"Cast":1.0,"Contain":1.0,"Use":1.0}},{"src":57,"dest":68,"values":{"Cast":4.0,"Contain":4.0,"Use":4.0}},{"src":57,"dest":29,"values":{"Parameter":1.0,"Return":1.0}},{"src":57,"dest":32,"values":{"Implement":1.0}},{"src":58,"dest":17,"values":{"Parameter":1.0,"Import":1.0}},{"src":58,"dest":46,"values":{"Cast":1.0,"Return":1.0,"Contain":1.0,"Use":1.0}},{"src":58,"dest":33,"values":{"Implement":1.0,"Import":1.0}},{"src":58,"dest":41,"values":{"Parameter":1.0,"Import":1.0,"Return":1.0}},{"src":58,"dest":68,"values":{"Call":2.0,"Parameter":1.0,"Contain":1.0,"Use":1.0}},{"src":58,"dest":65,"values":{"Cast":1.0,"Contain":1.0,"Use":1.0}},{"src":59,"dest":44,"values":{"Parameter":1.0,"Return":1.0}},{"src":59,"dest":47,"values":{"Cast":1.0,"Contain":1.0,"Use":1.0}},{"src":59,"dest":35,"values":{"Implement":1.0}},{"src":59,"dest":57,"values":{"Cast":1.0,"Contain":1.0,"Use":1.0}},{"src":59,"dest":71,"values":{"Cast":1.0,"Import":1.0,"Contain":1.0,"Use":1.0}},{"src":59,"dest":60,"values":{"Parameter":2.0,"Use":2.0}},{"src":59,"dest":20,"values":{"Parameter":1.0,"Return":1.0}},{"src":59,"dest":68,"values":{"Cast":1.0,"Contain":1.0,"Use":1.0}},{"src":59,"dest":22,"values":{"Parameter":1.0,"Return":1.0}},{"src":59,"dest":32,"values":{"Parameter":1.0,"Return":1.0}},{"src":60,"dest":36,"values":{"Implement":1.0,"Import":1.0}},{"src":60,"dest":35,"values":{"Parameter":2.0,"Import":1.0,"Return":2.0}},{"src":60,"dest":59,"values":{"Cast":2.0,"Contain":2.0,"Use":2.0}},{"src":60,"dest":61,"values":{"Cast":1.0,"Contain":1.0,"Use":1.0}},{"src":60,"dest":37,"values":{"Parameter":1.0,"Import":1.0,"Return":1.0}},{"src":61,"dest":37,"values":{"Implement":1.0,"Import":1.0}},{"src":62,"dest":38,"values":{"Implement":1.0,"Import":1.0}},{"src":63,"dest":39,"values":{"Implement":1.0,"Import":1.0}},{"src":64,"dest":40,"values":{"Implement":1.0,"Import":1.0}},{"src":64,"dest":65,"values":{"Parameter":2.0,"Use":2.0}},{"src":65,"dest":67,"values":{"Cast":1.0,"Contain":1.0,"Use":1.0}},{"src":65,"dest":41,"values":{"Implement":1.0,"Import":1.0}},{"src":65,"dest":40,"values":{"Parameter":1.0,"Import":1.0,"Return":1.0}},{"src":65,"dest":43,"values":{"Parameter":1.0,"Import":1.0,"Return":1.0}},{"src":65,"dest":66,"values":{"Cast":1.0,"Contain":1.0,"Use":1.0}},{"src":65,"dest":64,"values":{"Cast":1.0,"Contain":1.0,"Use":1.0}},{"src":65,"dest":42,"values":{"Parameter":1.0,"Import":1.0,"Return":1.0}},{"src":66,"dest":42,"values":{"Implement":1.0,"Import":1.0}},{"src":67,"dest":43,"values":{"Implement":1.0,"Import":1.0}},{"src":68,"dest":44,"values":{"Implement":1.0,"Import":1.0}},{"src":68,"dest":39,"values":{"Parameter":3.0,"Import":1.0,"Contain":1.0,"Use":2.0}},{"src":68,"dest":54,"values":{"Use":1.0}},{"src":68,"dest":29,"values":{"Parameter":2.0,"Import":1.0,"Use":2.0}},{"src":68,"dest":63,"values":{"Use":1.0}},{"src":69,"dest":18,"values":{"Implement":1.0,"Import":1.0}},{"src":70,"dest":19,"values":{"Implement":1.0,"Import":1.0}},{"src":71,"dest":20,"values":{"Implement":1.0,"Import":1.0}},{"src":72,"dest":9,"values":{"Call":4.0,"Parameter":1.0,"Import":1.0}},{"src":74,"dest":72,"values":{"Call":2.0,"Import":1.0,"Use":2.0}}],"relationTypes":["Import","Return","Parameter","Call","Contain","Use","Create","Implement","Cast"]}