{"name":"fg_171.json","variables":["femr/business/helpers/LogicDoer.java","femr/common/IItemModelMapper.java","femr/common/ItemModelMapper.java","femr/common/models/CityItem.java","femr/common/models/MedicationAdministrationItem.java","femr/common/models/MedicationItem.java","femr/common/models/MissionItem.java","femr/common/models/MissionTripItem.java","femr/common/models/NoteItem.java","femr/common/models/PatientEncounterItem.java","femr/common/models/PatientItem.java","femr/common/models/PhotoItem.java","femr/common/models/PrescriptionItem.java","femr/common/models/ProblemItem.java","femr/common/models/SettingItem.java","femr/common/models/TabFieldItem.java","femr/common/models/TabItem.java","femr/common/models/TeamItem.java","femr/common/models/TripItem.java","femr/common/models/UserItem.java","femr/common/models/VitalItem.java","femr/data/models/core/IChiefComplaint.java","femr/data/models/core/IConceptMedicationForm.java","femr/data/models/core/IConceptMedicationUnit.java","femr/data/models/core/IConceptPrescriptionAdministration.java","femr/data/models/core/IMedication.java","femr/data/models/core/IMedicationGeneric.java","femr/data/models/core/IMedicationGenericStrength.java","femr/data/models/core/IMedicationInventory.java","femr/data/models/core/IMissionCity.java","femr/data/models/core/IMissionCountry.java","femr/data/models/core/IMissionTeam.java","femr/data/models/core/IMissionTrip.java","femr/data/models/core/IPatient.java","femr/data/models/core/IPatientAgeClassification.java","femr/data/models/core/IPatientEncounter.java","femr/data/models/core/IPhoto.java","femr/data/models/core/IRole.java","femr/data/models/core/ISystemSetting.java","femr/data/models/core/IUser.java","femr/data/models/mysql/ChiefComplaint.java","femr/data/models/mysql/Medication.java","femr/data/models/mysql/MedicationGeneric.java","femr/data/models/mysql/MedicationGenericStrength.java","femr/data/models/mysql/MedicationInventory.java","femr/data/models/mysql/MissionCity.java","femr/data/models/mysql/MissionCountry.java","femr/data/models/mysql/MissionTeam.java","femr/data/models/mysql/MissionTrip.java","femr/data/models/mysql/Patient.java","femr/data/models/mysql/PatientAgeClassification.java","femr/data/models/mysql/PatientEncounter.java","femr/data/models/mysql/Photo.java","femr/data/models/mysql/Role.java","femr/data/models/mysql/User.java","femr/data/models/mysql/concepts/ConceptMedicationForm.java","femr/data/models/mysql/concepts/ConceptMedicationUnit.java","femr/util/calculations/dateUtils.java","femr/util/stringhelpers/StringUtils.java"],"cells":[{"src":0,"dest":57,"values":{"Call":1.0,"Import":1.0,"Use":1.0}},{"src":0,"dest":35,"values":{"Call":3.0,"Parameter":1.0,"Import":1.0}},{"src":1,"dest":10,"values":{"Return":1.0}},{"src":1,"dest":7,"values":{"Return":1.0}},{"src":1,"dest":3,"values":{"Return":1.0}},{"src":1,"dest":16,"values":{"Return":1.0}},{"src":1,"dest":11,"values":{"Return":1.0}},{"src":1,"dest":25,"values":{"Parameter":1.0}},{"src":1,"dest":5,"values":{"Parameter":2.0,"Return":1.0}},{"src":1,"dest":44,"values":{"Import":1.0}},{"src":1,"dest":9,"values":{"Return":1.0}},{"src":1,"dest":8,"values":{"Return":1.0}},{"src":1,"dest":24,"values":{"Parameter":3.0}},{"src":1,"dest":32,"values":{"Parameter":1.0}},{"src":1,"dest":31,"values":{"Parameter":1.0}},{"src":1,"dest":18,"values":{"Return":1.0}},{"src":1,"dest":12,"values":{"Return":2.0}},{"src":1,"dest":19,"values":{"Return":1.0}},{"src":1,"dest":39,"values":{"Parameter":1.0}},{"src":1,"dest":13,"values":{"Return":1.0}},{"src":1,"dest":6,"values":{"Return":1.0}},{"src":1,"dest":14,"values":{"Return":1.0}},{"src":1,"dest":20,"values":{"Return":1.0}},{"src":1,"dest":4,"values":{"Return":1.0}},{"src":1,"dest":17,"values":{"Return":1.0}},{"src":1,"dest":15,"values":{"Return":2.0}},{"src":1,"dest":35,"values":{"Parameter":1.0}},{"src":2,"dest":7,"values":{"Call":14.0,"Return":1.0,"Contain":1.0,"Create":1.0}},{"src":2,"dest":10,"values":{"Call":25.0,"Return":1.0,"Contain":1.0,"Create":1.0}},{"src":2,"dest":21,"values":{"Call":1.0,"Contain":1.0}},{"src":2,"dest":3,"values":{"Call":3.0,"Return":1.0,"Contain":1.0,"Create":1.0}},{"src":2,"dest":16,"values":{"Call":5.0,"Return":1.0,"Contain":1.0,"Create":1.0}},{"src":2,"dest":26,"values":{"Call":3.0}},{"src":2,"dest":11,"values":{"Call":5.0,"Return":1.0,"Contain":1.0,"Create":1.0}},{"src":2,"dest":25,"values":{"Call":5.0,"Parameter":1.0}},{"src":2,"dest":5,"values":{"Call":19.0,"Parameter":2.0,"Return":1.0,"Contain":1.0,"Create":1.0}},{"src":2,"dest":29,"values":{"Call":2.0}},{"src":2,"dest":0,"values":{"Call":1.0,"Import":1.0,"Use":1.0}},{"src":2,"dest":27,"values":{"Call":10.0,"Contain":1.0}},{"src":2,"dest":9,"values":{"Call":18.0,"Return":1.0,"Contain":1.0,"Create":1.0}},{"src":2,"dest":8,"values":{"Call":4.0,"Return":1.0,"Contain":1.0,"Create":1.0}},{"src":2,"dest":24,"values":{"Call":6.0,"Parameter":3.0}},{"src":2,"dest":32,"values":{"Call":11.0,"Parameter":1.0}},{"src":2,"dest":22,"values":{"Call":1.0}},{"src":2,"dest":1,"values":{"Implement":1.0}},{"src":2,"dest":23,"values":{"Call":3.0}},{"src":2,"dest":58,"values":{"Call":31.0,"Import":1.0,"Use":31.0}},{"src":2,"dest":31,"values":{"Call":4.0,"Parameter":1.0}},{"src":2,"dest":37,"values":{"Call":2.0,"Contain":1.0}},{"src":2,"dest":38,"values":{"Call":7.0,"Contain":1.0}},{"src":2,"dest":18,"values":{"Call":6.0,"Return":1.0,"Contain":1.0,"Create":1.0}},{"src":2,"dest":12,"values":{"Call":17.0,"Return":2.0,"Contain":2.0,"Create":1.0}},{"src":2,"dest":39,"values":{"Call":21.0,"Parameter":1.0}},{"src":2,"dest":19,"values":{"Call":13.0,"Return":1.0,"Contain":1.0,"Create":1.0}},{"src":2,"dest":33,"values":{"Call":9.0}},{"src":2,"dest":30,"values":{"Call":1.0}},{"src":2,"dest":13,"values":{"Call":2.0,"Return":1.0,"Contain":1.0,"Create":1.0}},{"src":2,"dest":6,"values":{"Call":5.0,"Return":1.0,"Contain":1.0,"Create":1.0}},{"src":2,"dest":14,"values":{"Call":7.0,"Return":1.0,"Contain":1.0,"Create":1.0}},{"src":2,"dest":20,"values":{"Call":3.0,"Return":1.0,"Contain":1.0,"Create":1.0}},{"src":2,"dest":4,"values":{"Call":1.0,"Return":1.0,"Contain":1.0,"Create":1.0}},{"src":2,"dest":57,"values":{"Call":13.0,"Import":1.0,"Use":13.0}},{"src":2,"dest":17,"values":{"Call":4.0,"Return":1.0,"Contain":1.0,"Create":1.0}},{"src":2,"dest":35,"values":{"Call":33.0,"Parameter":1.0}},{"src":2,"dest":15,"values":{"Call":10.0,"Return":2.0,"Contain":2.0,"Create":1.0}},{"src":6,"dest":7,"values":{"Parameter":3.0,"Use":2.0}},{"src":9,"dest":10,"values":{"Parameter":1.0,"Return":1.0,"Contain":1.0,"Use":1.0}},{"src":12,"dest":5,"values":{"Call":1.0,"Parameter":3.0,"Return":1.0,"Contain":1.0,"Use":3.0}},{"src":16,"dest":15,"values":{"Call":1.0,"Parameter":2.0,"Return":1.0,"Contain":1.0,"Use":2.0}},{"src":21,"dest":35,"values":{"Parameter":1.0,"Return":1.0}},{"src":25,"dest":44,"values":{"Import":1.0}},{"src":25,"dest":22,"values":{"Parameter":1.0,"Return":1.0}},{"src":27,"dest":23,"values":{"Parameter":1.0,"Return":1.0}},{"src":27,"dest":26,"values":{"Parameter":1.0,"Return":1.0}},{"src":28,"dest":25,"values":{"Parameter":1.0,"Return":1.0}},{"src":28,"dest":32,"values":{"Parameter":1.0,"Return":1.0}},{"src":29,"dest":30,"values":{"Parameter":1.0,"Return":1.0}},{"src":31,"dest":48,"values":{"Import":1.0}},{"src":32,"dest":39,"values":{"Parameter":1.0}},{"src":32,"dest":31,"values":{"Parameter":1.0,"Return":1.0}},{"src":32,"dest":29,"values":{"Parameter":1.0,"Return":1.0}},{"src":33,"dest":51,"values":{"Import":1.0}},{"src":33,"dest":36,"values":{"Parameter":1.0,"Return":1.0}},{"src":35,"dest":39,"values":{"Parameter":4.0,"Return":4.0}},{"src":35,"dest":34,"values":{"Parameter":1.0,"Return":1.0}},{"src":35,"dest":33,"values":{"Parameter":1.0,"Return":1.0}},{"src":35,"dest":32,"values":{"Parameter":1.0,"Return":1.0}},{"src":39,"dest":37,"values":{"Parameter":1.0}},{"src":40,"dest":21,"values":{"Implement":1.0,"Import":1.0}},{"src":40,"dest":51,"values":{"Cast":1.0,"Contain":1.0,"Use":1.0}},{"src":40,"dest":35,"values":{"Parameter":1.0,"Import":1.0,"Return":1.0}},{"src":41,"dest":27,"values":{"Parameter":2.0,"Import":1.0,"Use":2.0}},{"src":41,"dest":55,"values":{"Cast":1.0,"Import":1.0,"Contain":1.0,"Use":1.0}},{"src":41,"dest":25,"values":{"Implement":1.0,"Import":1.0}},{"src":41,"dest":43,"values":{"Use":1.0}},{"src":41,"dest":22,"values":{"Parameter":1.0,"Import":1.0,"Return":1.0}},{"src":41,"dest":44,"values":{"Parameter":2.0,"Use":2.0}},{"src":42,"dest":26,"values":{"Implement":1.0,"Import":1.0}},{"src":43,"dest":23,"values":{"Parameter":1.0,"Import":1.0,"Return":1.0}},{"src":43,"dest":27,"values":{"Implement":1.0,"Import":1.0}},{"src":43,"dest":42,"values":{"Cast":1.0,"Contain":1.0,"Use":1.0}},{"src":43,"dest":56,"values":{"Cast":1.0,"Import":1.0,"Contain":1.0,"Use":1.0}},{"src":43,"dest":26,"values":{"Parameter":1.0,"Import":1.0,"Return":1.0}},{"src":44,"dest":28,"values":{"Implement":1.0,"Import":1.0}},{"src":44,"dest":41,"values":{"Cast":1.0,"Contain":1.0,"Use":1.0}},{"src":44,"dest":48,"values":{"Cast":1.0,"Contain":1.0,"Use":1.0}},{"src":44,"dest":25,"values":{"Parameter":1.0,"Import":1.0,"Return":1.0}},{"src":44,"dest":32,"values":{"Parameter":1.0,"Import":1.0,"Return":1.0}},{"src":45,"dest":30,"values":{"Parameter":1.0,"Import":1.0,"Return":1.0}},{"src":45,"dest":46,"values":{"Cast":1.0,"Contain":1.0,"Use":1.0}},{"src":45,"dest":29,"values":{"Implement":1.0,"Import":1.0}},{"src":46,"dest":30,"values":{"Implement":1.0,"Import":1.0}},{"src":47,"dest":31,"values":{"Implement":1.0,"Import":1.0}},{"src":47,"dest":48,"values":{"Parameter":2.0,"Use":2.0}},{"src":48,"dest":39,"values":{"Call":1.0,"Parameter":6.0,"Import":1.0,"Contain":1.0,"Use":5.0}},{"src":48,"dest":47,"values":{"Cast":1.0,"Contain":1.0,"Use":1.0}},{"src":48,"dest":31,"values":{"Parameter":1.0,"Import":1.0,"Return":1.0}},{"src":48,"dest":54,"values":{"Use":1.0}},{"src":48,"dest":45,"values":{"Cast":1.0,"Contain":1.0,"Use":1.0}},{"src":48,"dest":32,"values":{"Implement":1.0,"Import":1.0}},{"src":48,"dest":29,"values":{"Parameter":1.0,"Import":1.0,"Return":1.0}},{"src":49,"dest":52,"values":{"Cast":1.0,"Contain":1.0,"Use":1.0}},{"src":49,"dest":33,"values":{"Implement":1.0,"Import":1.0}},{"src":49,"dest":51,"values":{"Parameter":2.0,"Use":2.0}},{"src":49,"dest":36,"values":{"Parameter":1.0,"Import":1.0,"Return":1.0}},{"src":50,"dest":34,"values":{"Implement":1.0,"Import":1.0}},{"src":51,"dest":21,"values":{"Parameter":3.0,"Contain":1.0,"Use":3.0}},{"src":51,"dest":39,"values":{"Parameter":4.0,"Return":4.0}},{"src":51,"dest":40,"values":{"Cast":1.0,"Parameter":2.0,"Contain":1.0,"Use":2.0}},{"src":51,"dest":34,"values":{"Parameter":1.0,"Return":1.0}},{"src":51,"dest":33,"values":{"Parameter":1.0,"Return":1.0}},{"src":51,"dest":50,"values":{"Cast":1.0,"Contain":1.0,"Use":1.0}},{"src":51,"dest":48,"values":{"Cast":1.0,"Contain":1.0,"Use":1.0}},{"src":51,"dest":49,"values":{"Cast":1.0,"Contain":1.0,"Use":1.0}},{"src":51,"dest":54,"values":{"Cast":4.0,"Contain":4.0,"Use":4.0}},{"src":51,"dest":32,"values":{"Parameter":1.0,"Return":1.0}},{"src":51,"dest":35,"values":{"Implement":1.0}},{"src":52,"dest":36,"values":{"Implement":1.0,"Import":1.0}},{"src":53,"dest":37,"values":{"Implement":1.0,"Import":1.0}},{"src":54,"dest":39,"values":{"Implement":1.0,"Import":1.0}},{"src":54,"dest":37,"values":{"Parameter":3.0,"Import":1.0,"Contain":1.0,"Use":2.0}},{"src":54,"dest":48,"values":{"Use":1.0}},{"src":54,"dest":32,"values":{"Parameter":2.0,"Import":1.0,"Use":2.0}},{"src":54,"dest":53,"values":{"Use":1.0}},{"src":55,"dest":22,"values":{"Implement":1.0,"Import":1.0}},{"src":56,"dest":23,"values":{"Implement":1.0,"Import":1.0}},{"src":57,"dest":9,"values":{"Call":4.0,"Parameter":1.0,"Import":1.0}},{"src":58,"dest":57,"values":{"Call":2.0,"Import":1.0,"Use":2.0}}],"relationTypes":["Call","Import","Use","Parameter","Return","Contain","Create","Implement","Cast"]}