{"name":"fg_119.json","variables":["femr/business/services/core/IMedicationService.java","femr/business/services/system/MedicationService.java","femr/common/IItemModelMapper.java","femr/common/dtos/ServiceResponse.java","femr/common/models/CityItem.java","femr/common/models/MedicationAdministrationItem.java","femr/common/models/MedicationItem.java","femr/common/models/MissionItem.java","femr/common/models/MissionTripItem.java","femr/common/models/NoteItem.java","femr/common/models/PatientEncounterItem.java","femr/common/models/PatientItem.java","femr/common/models/PhotoItem.java","femr/common/models/PrescriptionItem.java","femr/common/models/ProblemItem.java","femr/common/models/SettingItem.java","femr/common/models/TabFieldItem.java","femr/common/models/TabItem.java","femr/common/models/TeamItem.java","femr/common/models/TripItem.java","femr/common/models/UserItem.java","femr/common/models/VitalItem.java","femr/data/IDataModelMapper.java","femr/data/daos/core/IMedicationRepository.java","femr/data/daos/core/IPrescriptionRepository.java","femr/data/models/core/IChiefComplaint.java","femr/data/models/core/IConceptMedicationForm.java","femr/data/models/core/IConceptMedicationUnit.java","femr/data/models/core/IConceptPrescriptionAdministration.java","femr/data/models/core/IMedication.java","femr/data/models/core/IMedicationGeneric.java","femr/data/models/core/IMedicationGenericStrength.java","femr/data/models/core/IMedicationInventory.java","femr/data/models/core/IMissionCity.java","femr/data/models/core/IMissionCountry.java","femr/data/models/core/IMissionTeam.java","femr/data/models/core/IMissionTrip.java","femr/data/models/core/IPatient.java","femr/data/models/core/IPatientAgeClassification.java","femr/data/models/core/IPatientEncounter.java","femr/data/models/core/IPatientEncounterTabField.java","femr/data/models/core/IPatientEncounterVital.java","femr/data/models/core/IPatientPrescription.java","femr/data/models/core/IPatientPrescriptionReplacement.java","femr/data/models/core/IPatientPrescriptionReplacementReason.java","femr/data/models/core/IPhoto.java","femr/data/models/core/IRole.java","femr/data/models/core/ITab.java","femr/data/models/core/ITabField.java","femr/data/models/core/ITabFieldSize.java","femr/data/models/core/ITabFieldType.java","femr/data/models/core/IUser.java","femr/data/models/core/IVital.java","femr/data/models/mysql/ChiefComplaint.java","femr/data/models/mysql/Medication.java","femr/data/models/mysql/MedicationGeneric.java","femr/data/models/mysql/MedicationGenericStrength.java","femr/data/models/mysql/MedicationInventory.java","femr/data/models/mysql/MissionCity.java","femr/data/models/mysql/MissionCountry.java","femr/data/models/mysql/MissionTeam.java","femr/data/models/mysql/MissionTrip.java","femr/data/models/mysql/Patient.java","femr/data/models/mysql/PatientAgeClassification.java","femr/data/models/mysql/PatientEncounter.java","femr/data/models/mysql/PatientPrescription.java","femr/data/models/mysql/PatientPrescriptionReplacement.java","femr/data/models/mysql/PatientPrescriptionReplacementReason.java","femr/data/models/mysql/Photo.java","femr/data/models/mysql/Role.java","femr/data/models/mysql/Tab.java","femr/data/models/mysql/TabField.java","femr/data/models/mysql/TabFieldSize.java","femr/data/models/mysql/TabFieldType.java","femr/data/models/mysql/User.java","femr/data/models/mysql/concepts/ConceptMedicationForm.java","femr/data/models/mysql/concepts/ConceptMedicationUnit.java","femr/data/models/mysql/concepts/ConceptPrescriptionAdministration.java","femr/util/calculations/dateUtils.java","femr/util/stringhelpers/StringUtils.java"],"cells":[{"src":0,"dest":13,"values":{"Import":1.0}},{"src":0,"dest":3,"values":{"Import":1.0,"Return":9.0}},{"src":0,"dest":5,"values":{"Import":1.0}},{"src":0,"dest":6,"values":{"Import":1.0}},{"src":1,"dest":43,"values":{"Call":8.0,"Parameter":6.0,"Contain":1.0,"Use":6.0}},{"src":1,"dest":24,"values":{"Call":9.0,"Parameter":1.0,"Contain":1.0,"Use":1.0}},{"src":1,"dest":27,"values":{"Call":4.0,"Parameter":3.0,"Contain":2.0,"Use":3.0}},{"src":1,"dest":79,"values":{"Call":1.0,"Import":1.0,"Use":1.0}},{"src":1,"dest":2,"values":{"Call":12.0,"Parameter":1.0,"Import":1.0,"Contain":1.0,"Use":1.0}},{"src":1,"dest":0,"values":{"Implement":1.0,"Import":1.0}},{"src":1,"dest":23,"values":{"Call":10.0,"Parameter":1.0,"Contain":1.0,"Use":1.0}},{"src":1,"dest":3,"values":{"Call":32.0,"Import":1.0,"Return":9.0,"Contain":9.0,"Create":9.0}},{"src":1,"dest":30,"values":{"Call":2.0,"Contain":1.0,"Use":1.0}},{"src":1,"dest":29,"values":{"Call":10.0,"Parameter":6.0,"Contain":5.0,"Use":7.0}},{"src":1,"dest":6,"values":{"Call":5.0,"Parameter":3.0,"Import":1.0,"Contain":6.0,"Use":4.0}},{"src":1,"dest":13,"values":{"Parameter":18.0,"Import":1.0,"Contain":2.0,"Use":18.0}},{"src":1,"dest":51,"values":{"Call":8.0}},{"src":1,"dest":31,"values":{"Call":6.0,"Parameter":3.0,"Contain":3.0,"Use":3.0}},{"src":1,"dest":42,"values":{"Call":36.0,"Contain":5.0,"Use":3.0}},{"src":1,"dest":28,"values":{"Parameter":3.0,"Contain":1.0,"Use":3.0}},{"src":1,"dest":22,"values":{"Call":4.0,"Parameter":1.0,"Import":1.0,"Contain":1.0,"Use":1.0}},{"src":1,"dest":78,"values":{"Call":1.0,"Import":1.0,"Use":1.0}},{"src":1,"dest":5,"values":{"Parameter":6.0,"Import":1.0,"Use":6.0}},{"src":1,"dest":26,"values":{"Call":3.0,"Parameter":3.0,"Contain":2.0,"Use":4.0}},{"src":1,"dest":44,"values":{"Call":1.0,"Contain":1.0}},{"src":2,"dest":11,"values":{"Return":1.0}},{"src":2,"dest":8,"values":{"Return":1.0}},{"src":2,"dest":4,"values":{"Return":1.0}},{"src":2,"dest":17,"values":{"Return":1.0}},{"src":2,"dest":12,"values":{"Return":1.0}},{"src":2,"dest":29,"values":{"Parameter":1.0}},{"src":2,"dest":6,"values":{"Parameter":2.0,"Return":1.0}},{"src":2,"dest":57,"values":{"Import":1.0}},{"src":2,"dest":10,"values":{"Return":1.0}},{"src":2,"dest":9,"values":{"Return":1.0}},{"src":2,"dest":28,"values":{"Parameter":3.0}},{"src":2,"dest":36,"values":{"Parameter":1.0}},{"src":2,"dest":35,"values":{"Parameter":1.0}},{"src":2,"dest":19,"values":{"Return":1.0}},{"src":2,"dest":13,"values":{"Return":2.0}},{"src":2,"dest":20,"values":{"Return":1.0}},{"src":2,"dest":51,"values":{"Parameter":1.0}},{"src":2,"dest":14,"values":{"Return":1.0}},{"src":2,"dest":7,"values":{"Return":1.0}},{"src":2,"dest":15,"values":{"Return":1.0}},{"src":2,"dest":21,"values":{"Return":1.0}},{"src":2,"dest":5,"values":{"Return":1.0}},{"src":2,"dest":18,"values":{"Return":1.0}},{"src":2,"dest":16,"values":{"Return":2.0}},{"src":2,"dest":39,"values":{"Parameter":1.0}},{"src":3,"dest":8,"values":{"Import":1.0}},{"src":7,"dest":8,"values":{"Parameter":3.0,"Use":2.0}},{"src":10,"dest":11,"values":{"Parameter":1.0,"Return":1.0,"Contain":1.0,"Use":1.0}},{"src":13,"dest":6,"values":{"Call":1.0,"Parameter":3.0,"Return":1.0,"Contain":1.0,"Use":3.0}},{"src":17,"dest":16,"values":{"Call":1.0,"Parameter":2.0,"Return":1.0,"Contain":1.0,"Use":2.0}},{"src":22,"dest":25,"values":{"Return":1.0}},{"src":22,"dest":43,"values":{"Return":1.0}},{"src":22,"dest":35,"values":{"Parameter":1.0,"Return":1.0}},{"src":22,"dest":45,"values":{"Return":1.0}},{"src":22,"dest":46,"values":{"Return":1.0}},{"src":22,"dest":41,"values":{"Return":1.0}},{"src":22,"dest":30,"values":{"Parameter":1.0,"Return":1.0}},{"src":22,"dest":29,"values":{"Return":2.0}},{"src":22,"dest":33,"values":{"Parameter":1.0,"Return":1.0}},{"src":22,"dest":51,"values":{"Return":2.0}},{"src":22,"dest":32,"values":{"Return":1.0}},{"src":22,"dest":37,"values":{"Return":1.0}},{"src":22,"dest":34,"values":{"Parameter":1.0}},{"src":22,"dest":31,"values":{"Return":1.0}},{"src":22,"dest":42,"values":{"Return":1.0}},{"src":22,"dest":40,"values":{"Return":1.0}},{"src":22,"dest":47,"values":{"Return":1.0}},{"src":22,"dest":48,"values":{"Return":1.0}},{"src":22,"dest":36,"values":{"Return":1.0}},{"src":22,"dest":26,"values":{"Parameter":1.0,"Return":1.0}},{"src":23,"dest":32,"values":{"Parameter":1.0,"Return":2.0}},{"src":23,"dest":27,"values":{"Return":1.0}},{"src":23,"dest":30,"values":{"Return":1.0}},{"src":23,"dest":29,"values":{"Return":4.0}},{"src":23,"dest":26,"values":{"Parameter":1.0,"Return":1.0}},{"src":24,"dest":43,"values":{"Import":1.0}},{"src":24,"dest":42,"values":{"Parameter":1.0,"Import":1.0,"Return":3.0}},{"src":24,"dest":28,"values":{"Import":1.0}},{"src":24,"dest":44,"values":{"Import":1.0,"Return":1.0}},{"src":25,"dest":39,"values":{"Parameter":1.0,"Return":1.0}},{"src":29,"dest":57,"values":{"Import":1.0}},{"src":29,"dest":26,"values":{"Parameter":1.0,"Return":1.0}},{"src":31,"dest":27,"values":{"Parameter":1.0,"Return":1.0}},{"src":31,"dest":30,"values":{"Parameter":1.0,"Return":1.0}},{"src":32,"dest":29,"values":{"Parameter":1.0,"Return":1.0}},{"src":32,"dest":36,"values":{"Parameter":1.0,"Return":1.0}},{"src":33,"dest":34,"values":{"Parameter":1.0,"Return":1.0}},{"src":35,"dest":61,"values":{"Import":1.0}},{"src":36,"dest":51,"values":{"Parameter":1.0}},{"src":36,"dest":35,"values":{"Parameter":1.0,"Return":1.0}},{"src":36,"dest":33,"values":{"Parameter":1.0,"Return":1.0}},{"src":37,"dest":64,"values":{"Import":1.0}},{"src":37,"dest":45,"values":{"Parameter":1.0,"Return":1.0}},{"src":39,"dest":51,"values":{"Parameter":4.0,"Return":4.0}},{"src":39,"dest":38,"values":{"Parameter":1.0,"Return":1.0}},{"src":39,"dest":37,"values":{"Parameter":1.0,"Return":1.0}},{"src":39,"dest":36,"values":{"Parameter":1.0,"Return":1.0}},{"src":40,"dest":25,"values":{"Parameter":1.0}},{"src":40,"dest":53,"values":{"Import":1.0,"Return":1.0}},{"src":40,"dest":48,"values":{"Parameter":1.0,"Return":1.0}},{"src":40,"dest":74,"values":{"Parameter":1.0,"Import":1.0}},{"src":41,"dest":52,"values":{"Parameter":1.0,"Return":1.0}},{"src":42,"dest":51,"values":{"Parameter":1.0,"Return":1.0}},{"src":42,"dest":66,"values":{"Import":1.0}},{"src":42,"dest":28,"values":{"Parameter":1.0,"Return":1.0}},{"src":42,"dest":29,"values":{"Parameter":1.0,"Return":1.0}},{"src":42,"dest":39,"values":{"Parameter":1.0,"Return":1.0}},{"src":43,"dest":42,"values":{"Parameter":2.0,"Return":2.0}},{"src":43,"dest":44,"values":{"Parameter":1.0,"Return":1.0}},{"src":47,"dest":71,"values":{"Import":1.0}},{"src":48,"dest":47,"values":{"Parameter":1.0,"Return":1.0}},{"src":48,"dest":50,"values":{"Parameter":1.0,"Return":1.0}},{"src":48,"dest":49,"values":{"Parameter":1.0,"Return":1.0}},{"src":51,"dest":46,"values":{"Parameter":1.0}},{"src":53,"dest":25,"values":{"Implement":1.0,"Import":1.0}},{"src":53,"dest":64,"values":{"Cast":1.0,"Contain":1.0,"Use":1.0}},{"src":53,"dest":39,"values":{"Parameter":1.0,"Import":1.0,"Return":1.0}},{"src":54,"dest":31,"values":{"Parameter":2.0,"Import":1.0,"Use":2.0}},{"src":54,"dest":75,"values":{"Cast":1.0,"Import":1.0,"Contain":1.0,"Use":1.0}},{"src":54,"dest":29,"values":{"Implement":1.0,"Import":1.0}},{"src":54,"dest":56,"values":{"Use":1.0}},{"src":54,"dest":26,"values":{"Parameter":1.0,"Import":1.0,"Return":1.0}},{"src":54,"dest":57,"values":{"Parameter":2.0,"Use":2.0}},{"src":55,"dest":30,"values":{"Implement":1.0,"Import":1.0}},{"src":56,"dest":27,"values":{"Parameter":1.0,"Import":1.0,"Return":1.0}},{"src":56,"dest":31,"values":{"Implement":1.0,"Import":1.0}},{"src":56,"dest":55,"values":{"Cast":1.0,"Contain":1.0,"Use":1.0}},{"src":56,"dest":76,"values":{"Cast":1.0,"Import":1.0,"Contain":1.0,"Use":1.0}},{"src":56,"dest":30,"values":{"Parameter":1.0,"Import":1.0,"Return":1.0}},{"src":57,"dest":32,"values":{"Implement":1.0,"Import":1.0}},{"src":57,"dest":54,"values":{"Cast":1.0,"Contain":1.0,"Use":1.0}},{"src":57,"dest":61,"values":{"Cast":1.0,"Contain":1.0,"Use":1.0}},{"src":57,"dest":29,"values":{"Parameter":1.0,"Import":1.0,"Return":1.0}},{"src":57,"dest":36,"values":{"Parameter":1.0,"Import":1.0,"Return":1.0}},{"src":58,"dest":34,"values":{"Parameter":1.0,"Import":1.0,"Return":1.0}},{"src":58,"dest":59,"values":{"Cast":1.0,"Contain":1.0,"Use":1.0}},{"src":58,"dest":33,"values":{"Implement":1.0,"Import":1.0}},{"src":59,"dest":34,"values":{"Implement":1.0,"Import":1.0}},{"src":60,"dest":35,"values":{"Implement":1.0,"Import":1.0}},{"src":60,"dest":61,"values":{"Parameter":2.0,"Use":2.0}},{"src":61,"dest":51,"values":{"Call":1.0,"Parameter":6.0,"Import":1.0,"Contain":1.0,"Use":5.0}},{"src":61,"dest":60,"values":{"Cast":1.0,"Contain":1.0,"Use":1.0}},{"src":61,"dest":35,"values":{"Parameter":1.0,"Import":1.0,"Return":1.0}},{"src":61,"dest":74,"values":{"Use":1.0}},{"src":61,"dest":58,"values":{"Cast":1.0,"Contain":1.0,"Use":1.0}},{"src":61,"dest":36,"values":{"Implement":1.0,"Import":1.0}},{"src":61,"dest":33,"values":{"Parameter":1.0,"Import":1.0,"Return":1.0}},{"src":62,"dest":68,"values":{"Cast":1.0,"Contain":1.0,"Use":1.0}},{"src":62,"dest":37,"values":{"Implement":1.0,"Import":1.0}},{"src":62,"dest":64,"values":{"Parameter":2.0,"Use":2.0}},{"src":62,"dest":45,"values":{"Parameter":1.0,"Import":1.0,"Return":1.0}},{"src":63,"dest":38,"values":{"Implement":1.0,"Import":1.0}},{"src":64,"dest":25,"values":{"Parameter":3.0,"Contain":1.0,"Use":3.0}},{"src":64,"dest":51,"values":{"Parameter":4.0,"Return":4.0}},{"src":64,"dest":53,"values":{"Cast":1.0,"Parameter":2.0,"Contain":1.0,"Use":2.0}},{"src":64,"dest":38,"values":{"Parameter":1.0,"Return":1.0}},{"src":64,"dest":37,"values":{"Parameter":1.0,"Return":1.0}},{"src":64,"dest":63,"values":{"Cast":1.0,"Contain":1.0,"Use":1.0}},{"src":64,"dest":61,"values":{"Cast":1.0,"Contain":1.0,"Use":1.0}},{"src":64,"dest":62,"values":{"Cast":1.0,"Contain":1.0,"Use":1.0}},{"src":64,"dest":74,"values":{"Cast":4.0,"Contain":4.0,"Use":4.0}},{"src":64,"dest":36,"values":{"Parameter":1.0,"Return":1.0}},{"src":64,"dest":39,"values":{"Implement":1.0}},{"src":65,"dest":51,"values":{"Parameter":1.0,"Return":1.0}},{"src":65,"dest":54,"values":{"Cast":1.0,"Contain":1.0,"Use":1.0}},{"src":65,"dest":42,"values":{"Implement":1.0}},{"src":65,"dest":64,"values":{"Cast":1.0,"Contain":1.0,"Use":1.0}},{"src":65,"dest":77,"values":{"Cast":1.0,"Import":1.0,"Contain":1.0,"Use":1.0}},{"src":65,"dest":66,"values":{"Parameter":2.0,"Use":2.0}},{"src":65,"dest":28,"values":{"Parameter":1.0,"Return":1.0}},{"src":65,"dest":74,"values":{"Cast":1.0,"Contain":1.0,"Use":1.0}},{"src":65,"dest":29,"values":{"Parameter":1.0,"Return":1.0}},{"src":65,"dest":39,"values":{"Parameter":1.0,"Return":1.0}},{"src":66,"dest":43,"values":{"Implement":1.0,"Import":1.0}},{"src":66,"dest":42,"values":{"Parameter":2.0,"Import":1.0,"Return":2.0}},{"src":66,"dest":65,"values":{"Cast":2.0,"Contain":2.0,"Use":2.0}},{"src":66,"dest":67,"values":{"Cast":1.0,"Contain":1.0,"Use":1.0}},{"src":66,"dest":44,"values":{"Parameter":1.0,"Import":1.0,"Return":1.0}},{"src":67,"dest":44,"values":{"Implement":1.0,"Import":1.0}},{"src":68,"dest":45,"values":{"Implement":1.0,"Import":1.0}},{"src":69,"dest":46,"values":{"Implement":1.0,"Import":1.0}},{"src":70,"dest":47,"values":{"Implement":1.0,"Import":1.0}},{"src":70,"dest":71,"values":{"Parameter":2.0,"Use":2.0}},{"src":71,"dest":73,"values":{"Cast":1.0,"Contain":1.0,"Use":1.0}},{"src":71,"dest":48,"values":{"Implement":1.0,"Import":1.0}},{"src":71,"dest":47,"values":{"Parameter":1.0,"Import":1.0,"Return":1.0}},{"src":71,"dest":50,"values":{"Parameter":1.0,"Import":1.0,"Return":1.0}},{"src":71,"dest":72,"values":{"Cast":1.0,"Contain":1.0,"Use":1.0}},{"src":71,"dest":70,"values":{"Cast":1.0,"Contain":1.0,"Use":1.0}},{"src":71,"dest":49,"values":{"Parameter":1.0,"Import":1.0,"Return":1.0}},{"src":72,"dest":49,"values":{"Implement":1.0,"Import":1.0}},{"src":73,"dest":50,"values":{"Implement":1.0,"Import":1.0}},{"src":74,"dest":51,"values":{"Implement":1.0,"Import":1.0}},{"src":74,"dest":46,"values":{"Parameter":3.0,"Import":1.0,"Contain":1.0,"Use":2.0}},{"src":74,"dest":61,"values":{"Use":1.0}},{"src":74,"dest":36,"values":{"Parameter":2.0,"Import":1.0,"Use":2.0}},{"src":74,"dest":69,"values":{"Use":1.0}},{"src":75,"dest":26,"values":{"Implement":1.0,"Import":1.0}},{"src":76,"dest":27,"values":{"Implement":1.0,"Import":1.0}},{"src":77,"dest":28,"values":{"Implement":1.0,"Import":1.0}},{"src":78,"dest":10,"values":{"Call":4.0,"Parameter":1.0,"Import":1.0}},{"src":79,"dest":78,"values":{"Call":2.0,"Import":1.0,"Use":2.0}}],"relationTypes":["Import","Return","Call","Parameter","Contain","Use","Implement","Create","Cast"]}