{"name":"fg_172.json","variables":["femr/business/helpers/LogicDoer.java","femr/business/services/core/IEncounterService.java","femr/business/services/core/IMissionTripService.java","femr/business/services/core/ISessionService.java","femr/business/services/core/IUserService.java","femr/business/services/system/SessionService.java","femr/business/wrappers/sessions/ISessionHelper.java","femr/common/IItemModelMapper.java","femr/common/ItemModelMapper.java","femr/common/dtos/CurrentUser.java","femr/common/dtos/ServiceResponse.java","femr/common/models/CityItem.java","femr/common/models/MedicationAdministrationItem.java","femr/common/models/MedicationItem.java","femr/common/models/MissionItem.java","femr/common/models/MissionTripItem.java","femr/common/models/NoteItem.java","femr/common/models/PatientEncounterItem.java","femr/common/models/PatientItem.java","femr/common/models/PhotoItem.java","femr/common/models/PrescriptionItem.java","femr/common/models/ProblemItem.java","femr/common/models/SettingItem.java","femr/common/models/TabFieldItem.java","femr/common/models/TabItem.java","femr/common/models/TeamItem.java","femr/common/models/TripItem.java","femr/common/models/UserItem.java","femr/common/models/VitalItem.java","femr/data/DataModelMapper.java","femr/data/IDataModelMapper.java","femr/data/daos/core/IUserRepository.java","femr/data/models/core/IChiefComplaint.java","femr/data/models/core/IConceptMedicationForm.java","femr/data/models/core/IConceptMedicationUnit.java","femr/data/models/core/IConceptPrescriptionAdministration.java","femr/data/models/core/ILoginAttempt.java","femr/data/models/core/IMedication.java","femr/data/models/core/IMedicationGeneric.java","femr/data/models/core/IMedicationGenericStrength.java","femr/data/models/core/IMedicationInventory.java","femr/data/models/core/IMissionCity.java","femr/data/models/core/IMissionCountry.java","femr/data/models/core/IMissionTeam.java","femr/data/models/core/IMissionTrip.java","femr/data/models/core/IPatient.java","femr/data/models/core/IPatientAgeClassification.java","femr/data/models/core/IPatientEncounter.java","femr/data/models/core/IPatientEncounterTabField.java","femr/data/models/core/IPatientEncounterVital.java","femr/data/models/core/IPatientPrescription.java","femr/data/models/core/IPatientPrescriptionReplacement.java","femr/data/models/core/IPatientPrescriptionReplacementReason.java","femr/data/models/core/IPhoto.java","femr/data/models/core/IRole.java","femr/data/models/core/ISystemSetting.java","femr/data/models/core/ITab.java","femr/data/models/core/ITabField.java","femr/data/models/core/ITabFieldSize.java","femr/data/models/core/ITabFieldType.java","femr/data/models/core/IUser.java","femr/data/models/core/IVital.java","femr/data/models/mysql/ChiefComplaint.java","femr/data/models/mysql/Medication.java","femr/data/models/mysql/MedicationGeneric.java","femr/data/models/mysql/MedicationGenericStrength.java","femr/data/models/mysql/MedicationInventory.java","femr/data/models/mysql/MissionCity.java","femr/data/models/mysql/MissionCountry.java","femr/data/models/mysql/MissionTeam.java","femr/data/models/mysql/MissionTrip.java","femr/data/models/mysql/Patient.java","femr/data/models/mysql/PatientAgeClassification.java","femr/data/models/mysql/PatientEncounter.java","femr/data/models/mysql/PatientEncounterTabField.java","femr/data/models/mysql/PatientPrescription.java","femr/data/models/mysql/PatientPrescriptionReplacement.java","femr/data/models/mysql/PatientPrescriptionReplacementReason.java","femr/data/models/mysql/Photo.java","femr/data/models/mysql/Role.java","femr/data/models/mysql/Tab.java","femr/data/models/mysql/TabField.java","femr/data/models/mysql/TabFieldSize.java","femr/data/models/mysql/TabFieldType.java","femr/data/models/mysql/User.java","femr/data/models/mysql/concepts/ConceptMedicationForm.java","femr/data/models/mysql/concepts/ConceptMedicationUnit.java","femr/data/models/mysql/concepts/ConceptPrescriptionAdministration.java","femr/util/calculations/dateUtils.java","femr/util/dependencyinjection/modules/MapperModule.java","femr/util/encryptions/IPasswordEncryptor.java","femr/util/stringhelpers/StringUtils.java"],"cells":[{"src":0,"dest":88,"values":{"Call":1.0,"Import":1.0,"Use":1.0}},{"src":0,"dest":47,"values":{"Call":3.0,"Parameter":1.0,"Import":1.0}},{"src":1,"dest":10,"values":{"Import":1.0,"Return":13.0}},{"src":1,"dest":48,"values":{"Import":1.0}},{"src":1,"dest":74,"values":{"Import":1.0}},{"src":1,"dest":17,"values":{"Import":1.0}},{"src":1,"dest":47,"values":{"Import":1.0}},{"src":2,"dest":10,"values":{"Import":1.0,"Return":10.0}},{"src":2,"dest":44,"values":{"Import":1.0}},{"src":2,"dest":26,"values":{"Parameter":1.0}},{"src":2,"dest":25,"values":{"Parameter":1.0}},{"src":3,"dest":10,"values":{"Import":1.0,"Return":1.0}},{"src":3,"dest":9,"values":{"Import":1.0,"Return":1.0}},{"src":4,"dest":27,"values":{"Parameter":2.0,"Import":1.0}},{"src":4,"dest":60,"values":{"Parameter":1.0,"Import":1.0,"Return":2.0}},{"src":4,"dest":10,"values":{"Import":1.0,"Return":8.0}},{"src":4,"dest":54,"values":{"Import":1.0}},{"src":5,"dest":2,"values":{"Call":2.0,"Parameter":1.0,"Import":1.0,"Contain":1.0,"Use":1.0}},{"src":5,"dest":60,"values":{"Call":9.0,"Parameter":1.0,"Contain":2.0}},{"src":5,"dest":10,"values":{"Call":4.0,"Import":1.0,"Return":1.0,"Contain":1.0,"Create":1.0}},{"src":5,"dest":3,"values":{"Implement":1.0,"Import":1.0}},{"src":5,"dest":31,"values":{"Call":1.0,"Parameter":1.0,"Import":1.0,"Contain":1.0,"Use":1.0}},{"src":5,"dest":4,"values":{"Call":2.0,"Parameter":1.0,"Import":1.0,"Contain":1.0,"Use":1.0}},{"src":5,"dest":90,"values":{"Call":1.0,"Parameter":1.0,"Import":1.0,"Contain":1.0,"Use":1.0}},{"src":5,"dest":9,"values":{"Call":1.0,"Import":1.0,"Return":2.0,"Use":3.0,"Create":1.0,"Parameter":3.0}},{"src":5,"dest":30,"values":{"Parameter":1.0,"Import":1.0,"Contain":1.0,"Use":1.0}},{"src":5,"dest":44,"values":{"Parameter":6.0,"Use":6.0}},{"src":5,"dest":6,"values":{"Call":3.0,"Parameter":1.0,"Import":1.0,"Contain":1.0,"Use":1.0}},{"src":7,"dest":18,"values":{"Return":1.0}},{"src":7,"dest":15,"values":{"Return":1.0}},{"src":7,"dest":11,"values":{"Return":1.0}},{"src":7,"dest":24,"values":{"Return":1.0}},{"src":7,"dest":19,"values":{"Return":1.0}},{"src":7,"dest":37,"values":{"Parameter":1.0}},{"src":7,"dest":13,"values":{"Parameter":2.0,"Return":1.0}},{"src":7,"dest":66,"values":{"Import":1.0}},{"src":7,"dest":17,"values":{"Return":1.0}},{"src":7,"dest":16,"values":{"Return":1.0}},{"src":7,"dest":35,"values":{"Parameter":3.0}},{"src":7,"dest":44,"values":{"Parameter":1.0}},{"src":7,"dest":43,"values":{"Parameter":1.0}},{"src":7,"dest":26,"values":{"Return":1.0}},{"src":7,"dest":20,"values":{"Return":2.0}},{"src":7,"dest":27,"values":{"Return":1.0}},{"src":7,"dest":60,"values":{"Parameter":1.0}},{"src":7,"dest":21,"values":{"Return":1.0}},{"src":7,"dest":14,"values":{"Return":1.0}},{"src":7,"dest":22,"values":{"Return":1.0}},{"src":7,"dest":28,"values":{"Return":1.0}},{"src":7,"dest":12,"values":{"Return":1.0}},{"src":7,"dest":25,"values":{"Return":1.0}},{"src":7,"dest":23,"values":{"Return":2.0}},{"src":7,"dest":47,"values":{"Parameter":1.0}},{"src":8,"dest":15,"values":{"Call":14.0,"Return":1.0,"Contain":1.0,"Create":1.0}},{"src":8,"dest":18,"values":{"Call":25.0,"Return":1.0,"Contain":1.0,"Create":1.0}},{"src":8,"dest":32,"values":{"Call":1.0,"Contain":1.0}},{"src":8,"dest":11,"values":{"Call":3.0,"Return":1.0,"Contain":1.0,"Create":1.0}},{"src":8,"dest":24,"values":{"Call":5.0,"Return":1.0,"Contain":1.0,"Create":1.0}},{"src":8,"dest":38,"values":{"Call":3.0}},{"src":8,"dest":19,"values":{"Call":5.0,"Return":1.0,"Contain":1.0,"Create":1.0}},{"src":8,"dest":37,"values":{"Call":5.0,"Parameter":1.0}},{"src":8,"dest":13,"values":{"Call":19.0,"Parameter":2.0,"Return":1.0,"Contain":1.0,"Create":1.0}},{"src":8,"dest":41,"values":{"Call":2.0}},{"src":8,"dest":0,"values":{"Call":1.0,"Import":1.0,"Use":1.0}},{"src":8,"dest":39,"values":{"Call":10.0,"Contain":1.0}},{"src":8,"dest":17,"values":{"Call":18.0,"Return":1.0,"Contain":1.0,"Create":1.0}},{"src":8,"dest":16,"values":{"Call":4.0,"Return":1.0,"Contain":1.0,"Create":1.0}},{"src":8,"dest":35,"values":{"Call":6.0,"Parameter":3.0}},{"src":8,"dest":44,"values":{"Call":11.0,"Parameter":1.0}},{"src":8,"dest":33,"values":{"Call":1.0}},{"src":8,"dest":7,"values":{"Implement":1.0}},{"src":8,"dest":34,"values":{"Call":3.0}},{"src":8,"dest":91,"values":{"Call":31.0,"Import":1.0,"Use":31.0}},{"src":8,"dest":43,"values":{"Call":4.0,"Parameter":1.0}},{"src":8,"dest":54,"values":{"Call":2.0,"Contain":1.0}},{"src":8,"dest":55,"values":{"Call":7.0,"Contain":1.0}},{"src":8,"dest":26,"values":{"Call":6.0,"Return":1.0,"Contain":1.0,"Create":1.0}},{"src":8,"dest":20,"values":{"Call":17.0,"Return":2.0,"Contain":2.0,"Create":1.0}},{"src":8,"dest":60,"values":{"Call":21.0,"Parameter":1.0}},{"src":8,"dest":27,"values":{"Call":13.0,"Return":1.0,"Contain":1.0,"Create":1.0}},{"src":8,"dest":45,"values":{"Call":9.0}},{"src":8,"dest":42,"values":{"Call":1.0}},{"src":8,"dest":21,"values":{"Call":2.0,"Return":1.0,"Contain":1.0,"Create":1.0}},{"src":8,"dest":14,"values":{"Call":5.0,"Return":1.0,"Contain":1.0,"Create":1.0}},{"src":8,"dest":22,"values":{"Call":7.0,"Return":1.0,"Contain":1.0,"Create":1.0}},{"src":8,"dest":28,"values":{"Call":3.0,"Return":1.0,"Contain":1.0,"Create":1.0}},{"src":8,"dest":12,"values":{"Call":1.0,"Return":1.0,"Contain":1.0,"Create":1.0}},{"src":8,"dest":88,"values":{"Call":13.0,"Import":1.0,"Use":13.0}},{"src":8,"dest":25,"values":{"Call":4.0,"Return":1.0,"Contain":1.0,"Create":1.0}},{"src":8,"dest":47,"values":{"Call":33.0,"Parameter":1.0}},{"src":8,"dest":23,"values":{"Call":10.0,"Return":2.0,"Contain":2.0,"Create":1.0}},{"src":9,"dest":54,"values":{"Parameter":2.0,"Import":1.0,"Use":2.0}},{"src":10,"dest":15,"values":{"Import":1.0}},{"src":14,"dest":15,"values":{"Parameter":3.0,"Use":2.0}},{"src":17,"dest":18,"values":{"Parameter":1.0,"Return":1.0,"Contain":1.0,"Use":1.0}},{"src":20,"dest":13,"values":{"Call":1.0,"Parameter":3.0,"Return":1.0,"Contain":1.0,"Use":3.0}},{"src":24,"dest":23,"values":{"Call":1.0,"Parameter":2.0,"Return":1.0,"Contain":1.0,"Use":2.0}},{"src":29,"dest":32,"values":{"Call":3.0,"Parameter":2.0,"Return":1.0,"Contain":1.0,"Use":2.0}},{"src":29,"dest":51,"values":{"Call":3.0,"Parameter":2.0,"Return":1.0,"Contain":1.0,"Use":2.0}},{"src":29,"dest":3,"values":{"Call":1.0,"Parameter":2.0,"Import":1.0,"Contain":1.0,"Use":2.0}},{"src":29,"dest":53,"values":{"Call":4.0,"Parameter":2.0,"Return":1.0,"Contain":1.0,"Use":2.0}},{"src":29,"dest":49,"values":{"Call":5.0,"Parameter":2.0,"Return":1.0,"Contain":1.0,"Use":2.0}},{"src":29,"dest":38,"values":{"Call":1.0,"Parameter":3.0,"Return":1.0,"Contain":1.0,"Use":2.0}},{"src":29,"dest":9,"values":{"Call":1.0,"Import":1.0,"Contain":1.0}},{"src":29,"dest":37,"values":{"Call":6.0,"Parameter":2.0,"Return":2.0,"Contain":2.0,"Use":2.0}},{"src":29,"dest":41,"values":{"Call":2.0,"Parameter":3.0,"Return":1.0,"Contain":1.0,"Use":2.0}},{"src":29,"dest":40,"values":{"Call":6.0,"Parameter":2.0,"Return":1.0,"Contain":1.0,"Use":2.0}},{"src":29,"dest":39,"values":{"Call":4.0,"Parameter":2.0,"Return":1.0,"Contain":1.0,"Use":2.0}},{"src":29,"dest":48,"values":{"Call":6.0,"Parameter":2.0,"Return":1.0,"Contain":1.0,"Use":2.0}},{"src":29,"dest":56,"values":{"Call":7.0,"Parameter":2.0,"Return":1.0,"Contain":1.0,"Use":2.0}},{"src":29,"dest":35,"values":{"Parameter":2.0,"Use":2.0}},{"src":29,"dest":44,"values":{"Call":4.0,"Parameter":2.0,"Return":1.0,"Contain":1.0,"Use":2.0}},{"src":29,"dest":33,"values":{"Call":2.0,"Parameter":3.0,"Return":1.0,"Contain":1.0,"Use":2.0}},{"src":29,"dest":52,"values":{"Parameter":2.0,"Use":2.0}},{"src":29,"dest":34,"values":{"Parameter":2.0,"Use":2.0}},{"src":29,"dest":91,"values":{"Call":19.0,"Import":1.0,"Use":19.0}},{"src":29,"dest":43,"values":{"Call":3.0,"Parameter":3.0,"Return":1.0,"Contain":1.0,"Use":2.0}},{"src":29,"dest":54,"values":{"Call":1.0,"Parameter":2.0,"Return":1.0,"Contain":1.0,"Use":2.0}},{"src":29,"dest":59,"values":{"Parameter":2.0,"Use":2.0}},{"src":29,"dest":58,"values":{"Parameter":2.0,"Use":2.0}},{"src":29,"dest":60,"values":{"Call":12.0,"Parameter":2.0,"Return":2.0,"Contain":1.0,"Use":2.0}},{"src":29,"dest":45,"values":{"Call":9.0,"Parameter":2.0,"Return":1.0,"Contain":1.0,"Use":2.0}},{"src":29,"dest":42,"values":{"Parameter":1.0}},{"src":29,"dest":50,"values":{"Call":8.0,"Parameter":2.0,"Return":1.0,"Contain":1.0,"Use":2.0}},{"src":29,"dest":57,"values":{"Call":7.0,"Parameter":2.0,"Return":1.0,"Contain":1.0,"Use":2.0}},{"src":29,"dest":5,"values":{"Import":1.0}},{"src":29,"dest":30,"values":{"Implement":1.0}},{"src":29,"dest":1,"values":{"Import":1.0}},{"src":29,"dest":88,"values":{"Call":1.0,"Import":1.0,"Use":1.0}},{"src":29,"dest":61,"values":{"Parameter":2.0,"Use":2.0}},{"src":29,"dest":47,"values":{"Parameter":2.0,"Use":2.0}},{"src":30,"dest":32,"values":{"Return":1.0}},{"src":30,"dest":51,"values":{"Return":1.0}},{"src":30,"dest":43,"values":{"Parameter":1.0,"Return":1.0}},{"src":30,"dest":53,"values":{"Return":1.0}},{"src":30,"dest":54,"values":{"Return":1.0}},{"src":30,"dest":49,"values":{"Return":1.0}},{"src":30,"dest":38,"values":{"Parameter":1.0,"Return":1.0}},{"src":30,"dest":37,"values":{"Return":2.0}},{"src":30,"dest":41,"values":{"Parameter":1.0,"Return":1.0}},{"src":30,"dest":60,"values":{"Return":2.0}},{"src":30,"dest":40,"values":{"Return":1.0}},{"src":30,"dest":45,"values":{"Return":1.0}},{"src":30,"dest":42,"values":{"Parameter":1.0}},{"src":30,"dest":39,"values":{"Return":1.0}},{"src":30,"dest":50,"values":{"Return":1.0}},{"src":30,"dest":48,"values":{"Return":1.0}},{"src":30,"dest":56,"values":{"Return":1.0}},{"src":30,"dest":57,"values":{"Return":1.0}},{"src":30,"dest":44,"values":{"Return":1.0}},{"src":30,"dest":33,"values":{"Parameter":1.0,"Return":1.0}},{"src":31,"dest":60,"values":{"Parameter":2.0,"Import":1.0,"Return":4.0}},{"src":31,"dest":54,"values":{"Import":1.0,"Return":2.0}},{"src":31,"dest":36,"values":{"Import":1.0,"Return":1.0}},{"src":32,"dest":47,"values":{"Parameter":1.0,"Return":1.0}},{"src":36,"dest":60,"values":{"Parameter":1.0}},{"src":36,"dest":84,"values":{"Import":1.0,"Return":1.0}},{"src":37,"dest":66,"values":{"Import":1.0}},{"src":37,"dest":33,"values":{"Parameter":1.0,"Return":1.0}},{"src":39,"dest":34,"values":{"Parameter":1.0,"Return":1.0}},{"src":39,"dest":38,"values":{"Parameter":1.0,"Return":1.0}},{"src":40,"dest":37,"values":{"Parameter":1.0,"Return":1.0}},{"src":40,"dest":44,"values":{"Parameter":1.0,"Return":1.0}},{"src":41,"dest":42,"values":{"Parameter":1.0,"Return":1.0}},{"src":43,"dest":70,"values":{"Import":1.0}},{"src":44,"dest":60,"values":{"Parameter":1.0}},{"src":44,"dest":43,"values":{"Parameter":1.0,"Return":1.0}},{"src":44,"dest":41,"values":{"Parameter":1.0,"Return":1.0}},{"src":45,"dest":73,"values":{"Import":1.0}},{"src":45,"dest":53,"values":{"Parameter":1.0,"Return":1.0}},{"src":47,"dest":60,"values":{"Parameter":4.0,"Return":4.0}},{"src":47,"dest":46,"values":{"Parameter":1.0,"Return":1.0}},{"src":47,"dest":45,"values":{"Parameter":1.0,"Return":1.0}},{"src":47,"dest":44,"values":{"Parameter":1.0,"Return":1.0}},{"src":48,"dest":32,"values":{"Parameter":1.0}},{"src":48,"dest":62,"values":{"Import":1.0,"Return":1.0}},{"src":48,"dest":57,"values":{"Parameter":1.0,"Return":1.0}},{"src":48,"dest":84,"values":{"Parameter":1.0,"Import":1.0}},{"src":49,"dest":61,"values":{"Parameter":1.0,"Return":1.0}},{"src":50,"dest":60,"values":{"Parameter":1.0,"Return":1.0}},{"src":50,"dest":76,"values":{"Import":1.0}},{"src":50,"dest":35,"values":{"Parameter":1.0,"Return":1.0}},{"src":50,"dest":37,"values":{"Parameter":1.0,"Return":1.0}},{"src":50,"dest":47,"values":{"Parameter":1.0,"Return":1.0}},{"src":51,"dest":50,"values":{"Parameter":2.0,"Return":2.0}},{"src":51,"dest":52,"values":{"Parameter":1.0,"Return":1.0}},{"src":56,"dest":81,"values":{"Import":1.0}},{"src":57,"dest":56,"values":{"Parameter":1.0,"Return":1.0}},{"src":57,"dest":59,"values":{"Parameter":1.0,"Return":1.0}},{"src":57,"dest":58,"values":{"Parameter":1.0,"Return":1.0}},{"src":60,"dest":54,"values":{"Parameter":1.0}},{"src":62,"dest":32,"values":{"Implement":1.0,"Import":1.0}},{"src":62,"dest":73,"values":{"Cast":1.0,"Contain":1.0,"Use":1.0}},{"src":62,"dest":47,"values":{"Parameter":1.0,"Import":1.0,"Return":1.0}},{"src":63,"dest":39,"values":{"Parameter":2.0,"Import":1.0,"Use":2.0}},{"src":63,"dest":85,"values":{"Cast":1.0,"Import":1.0,"Contain":1.0,"Use":1.0}},{"src":63,"dest":37,"values":{"Implement":1.0,"Import":1.0}},{"src":63,"dest":65,"values":{"Use":1.0}},{"src":63,"dest":33,"values":{"Parameter":1.0,"Import":1.0,"Return":1.0}},{"src":63,"dest":66,"values":{"Parameter":2.0,"Use":2.0}},{"src":64,"dest":38,"values":{"Implement":1.0,"Import":1.0}},{"src":65,"dest":34,"values":{"Parameter":1.0,"Import":1.0,"Return":1.0}},{"src":65,"dest":39,"values":{"Implement":1.0,"Import":1.0}},{"src":65,"dest":64,"values":{"Cast":1.0,"Contain":1.0,"Use":1.0}},{"src":65,"dest":86,"values":{"Cast":1.0,"Import":1.0,"Contain":1.0,"Use":1.0}},{"src":65,"dest":38,"values":{"Parameter":1.0,"Import":1.0,"Return":1.0}},{"src":66,"dest":40,"values":{"Implement":1.0,"Import":1.0}},{"src":66,"dest":63,"values":{"Cast":1.0,"Contain":1.0,"Use":1.0}},{"src":66,"dest":70,"values":{"Cast":1.0,"Contain":1.0,"Use":1.0}},{"src":66,"dest":37,"values":{"Parameter":1.0,"Import":1.0,"Return":1.0}},{"src":66,"dest":44,"values":{"Parameter":1.0,"Import":1.0,"Return":1.0}},{"src":67,"dest":42,"values":{"Parameter":1.0,"Import":1.0,"Return":1.0}},{"src":67,"dest":68,"values":{"Cast":1.0,"Contain":1.0,"Use":1.0}},{"src":67,"dest":41,"values":{"Implement":1.0,"Import":1.0}},{"src":68,"dest":42,"values":{"Implement":1.0,"Import":1.0}},{"src":69,"dest":43,"values":{"Implement":1.0,"Import":1.0}},{"src":69,"dest":70,"values":{"Parameter":2.0,"Use":2.0}},{"src":70,"dest":60,"values":{"Call":1.0,"Parameter":6.0,"Import":1.0,"Contain":1.0,"Use":5.0}},{"src":70,"dest":69,"values":{"Cast":1.0,"Contain":1.0,"Use":1.0}},{"src":70,"dest":43,"values":{"Parameter":1.0,"Import":1.0,"Return":1.0}},{"src":70,"dest":84,"values":{"Use":1.0}},{"src":70,"dest":67,"values":{"Cast":1.0,"Contain":1.0,"Use":1.0}},{"src":70,"dest":44,"values":{"Implement":1.0,"Import":1.0}},{"src":70,"dest":41,"values":{"Parameter":1.0,"Import":1.0,"Return":1.0}},{"src":71,"dest":78,"values":{"Cast":1.0,"Contain":1.0,"Use":1.0}},{"src":71,"dest":45,"values":{"Implement":1.0,"Import":1.0}},{"src":71,"dest":73,"values":{"Parameter":2.0,"Use":2.0}},{"src":71,"dest":53,"values":{"Parameter":1.0,"Import":1.0,"Return":1.0}},{"src":72,"dest":46,"values":{"Implement":1.0,"Import":1.0}},{"src":73,"dest":32,"values":{"Parameter":3.0,"Contain":1.0,"Use":3.0}},{"src":73,"dest":60,"values":{"Parameter":4.0,"Return":4.0}},{"src":73,"dest":62,"values":{"Cast":1.0,"Parameter":2.0,"Contain":1.0,"Use":2.0}},{"src":73,"dest":46,"values":{"Parameter":1.0,"Return":1.0}},{"src":73,"dest":45,"values":{"Parameter":1.0,"Return":1.0}},{"src":73,"dest":72,"values":{"Cast":1.0,"Contain":1.0,"Use":1.0}},{"src":73,"dest":70,"values":{"Cast":1.0,"Contain":1.0,"Use":1.0}},{"src":73,"dest":71,"values":{"Cast":1.0,"Contain":1.0,"Use":1.0}},{"src":73,"dest":84,"values":{"Cast":4.0,"Contain":4.0,"Use":4.0}},{"src":73,"dest":44,"values":{"Parameter":1.0,"Return":1.0}},{"src":73,"dest":47,"values":{"Implement":1.0}},{"src":74,"dest":32,"values":{"Parameter":1.0,"Import":1.0}},{"src":74,"dest":62,"values":{"Cast":1.0,"Return":1.0,"Contain":1.0,"Use":1.0}},{"src":74,"dest":48,"values":{"Implement":1.0,"Import":1.0}},{"src":74,"dest":57,"values":{"Parameter":1.0,"Import":1.0,"Return":1.0}},{"src":74,"dest":84,"values":{"Call":2.0,"Parameter":1.0,"Contain":1.0,"Use":1.0}},{"src":74,"dest":81,"values":{"Cast":1.0,"Contain":1.0,"Use":1.0}},{"src":75,"dest":60,"values":{"Parameter":1.0,"Return":1.0}},{"src":75,"dest":63,"values":{"Cast":1.0,"Contain":1.0,"Use":1.0}},{"src":75,"dest":50,"values":{"Implement":1.0}},{"src":75,"dest":73,"values":{"Cast":1.0,"Contain":1.0,"Use":1.0}},{"src":75,"dest":87,"values":{"Cast":1.0,"Import":1.0,"Contain":1.0,"Use":1.0}},{"src":75,"dest":76,"values":{"Parameter":2.0,"Use":2.0}},{"src":75,"dest":35,"values":{"Parameter":1.0,"Return":1.0}},{"src":75,"dest":84,"values":{"Cast":1.0,"Contain":1.0,"Use":1.0}},{"src":75,"dest":37,"values":{"Parameter":1.0,"Return":1.0}},{"src":75,"dest":47,"values":{"Parameter":1.0,"Return":1.0}},{"src":76,"dest":51,"values":{"Implement":1.0,"Import":1.0}},{"src":76,"dest":50,"values":{"Parameter":2.0,"Import":1.0,"Return":2.0}},{"src":76,"dest":75,"values":{"Cast":2.0,"Contain":2.0,"Use":2.0}},{"src":76,"dest":77,"values":{"Cast":1.0,"Contain":1.0,"Use":1.0}},{"src":76,"dest":52,"values":{"Parameter":1.0,"Import":1.0,"Return":1.0}},{"src":77,"dest":52,"values":{"Implement":1.0,"Import":1.0}},{"src":78,"dest":53,"values":{"Implement":1.0,"Import":1.0}},{"src":79,"dest":54,"values":{"Implement":1.0,"Import":1.0}},{"src":80,"dest":56,"values":{"Implement":1.0,"Import":1.0}},{"src":80,"dest":81,"values":{"Parameter":2.0,"Use":2.0}},{"src":81,"dest":83,"values":{"Cast":1.0,"Contain":1.0,"Use":1.0}},{"src":81,"dest":57,"values":{"Implement":1.0,"Import":1.0}},{"src":81,"dest":56,"values":{"Parameter":1.0,"Import":1.0,"Return":1.0}},{"src":81,"dest":59,"values":{"Parameter":1.0,"Import":1.0,"Return":1.0}},{"src":81,"dest":82,"values":{"Cast":1.0,"Contain":1.0,"Use":1.0}},{"src":81,"dest":80,"values":{"Cast":1.0,"Contain":1.0,"Use":1.0}},{"src":81,"dest":58,"values":{"Parameter":1.0,"Import":1.0,"Return":1.0}},{"src":82,"dest":58,"values":{"Implement":1.0,"Import":1.0}},{"src":83,"dest":59,"values":{"Implement":1.0,"Import":1.0}},{"src":84,"dest":60,"values":{"Implement":1.0,"Import":1.0}},{"src":84,"dest":54,"values":{"Parameter":3.0,"Import":1.0,"Contain":1.0,"Use":2.0}},{"src":84,"dest":70,"values":{"Use":1.0}},{"src":84,"dest":44,"values":{"Parameter":2.0,"Import":1.0,"Use":2.0}},{"src":84,"dest":79,"values":{"Use":1.0}},{"src":85,"dest":33,"values":{"Implement":1.0,"Import":1.0}},{"src":86,"dest":34,"values":{"Implement":1.0,"Import":1.0}},{"src":87,"dest":35,"values":{"Implement":1.0,"Import":1.0}},{"src":88,"dest":17,"values":{"Call":4.0,"Parameter":1.0,"Import":1.0}},{"src":89,"dest":7,"values":{"Use":1.0,"Import":1.0}},{"src":89,"dest":8,"values":{"Use":1.0,"Import":1.0}},{"src":89,"dest":29,"values":{"Use":1.0,"Import":1.0}},{"src":89,"dest":30,"values":{"Use":1.0,"Import":1.0}},{"src":91,"dest":88,"values":{"Call":2.0,"Import":1.0,"Use":2.0}}],"relationTypes":["Call","Import","Use","Parameter","Return","Contain","Create","Implement","Cast"]}