{"name":"fg_125.json","variables":["femr/business/helpers/QueryProvider.java","femr/common/models/PatientEncounterItem.java","femr/common/models/PatientItem.java","femr/data/daos/IRepository.java","femr/data/daos/core/IPatientRepository.java","femr/data/daos/core/IUserRepository.java","femr/data/models/core/IChiefComplaint.java","femr/data/models/core/IConceptDiagnosis.java","femr/data/models/core/IConceptMedicationForm.java","femr/data/models/core/IConceptMedicationUnit.java","femr/data/models/core/IConceptPrescriptionAdministration.java","femr/data/models/core/ILoginAttempt.java","femr/data/models/core/IMedication.java","femr/data/models/core/IMedicationGeneric.java","femr/data/models/core/IMedicationGenericStrength.java","femr/data/models/core/IMedicationInventory.java","femr/data/models/core/IMissionCity.java","femr/data/models/core/IMissionCountry.java","femr/data/models/core/IMissionTeam.java","femr/data/models/core/IMissionTrip.java","femr/data/models/core/IPatient.java","femr/data/models/core/IPatientAgeClassification.java","femr/data/models/core/IPatientEncounter.java","femr/data/models/core/IPatientEncounterPhoto.java","femr/data/models/core/IPatientEncounterTabField.java","femr/data/models/core/IPatientEncounterVital.java","femr/data/models/core/IPatientPrescription.java","femr/data/models/core/IPatientPrescriptionReplacement.java","femr/data/models/core/IPatientPrescriptionReplacementReason.java","femr/data/models/core/IPhoto.java","femr/data/models/core/IRole.java","femr/data/models/core/ISystemSetting.java","femr/data/models/core/ITab.java","femr/data/models/core/ITabField.java","femr/data/models/core/ITabFieldSize.java","femr/data/models/core/ITabFieldType.java","femr/data/models/core/IUser.java","femr/data/models/core/IVital.java","femr/data/models/core/research/IResearchEncounter.java","femr/data/models/core/research/IResearchEncounterVital.java","femr/data/models/mysql/ChiefComplaint.java","femr/data/models/mysql/Medication.java","femr/data/models/mysql/MedicationGeneric.java","femr/data/models/mysql/MedicationGenericStrength.java","femr/data/models/mysql/MedicationInventory.java","femr/data/models/mysql/MissionCity.java","femr/data/models/mysql/MissionCountry.java","femr/data/models/mysql/MissionTeam.java","femr/data/models/mysql/MissionTrip.java","femr/data/models/mysql/Patient.java","femr/data/models/mysql/PatientAgeClassification.java","femr/data/models/mysql/PatientEncounter.java","femr/data/models/mysql/PatientEncounterPhoto.java","femr/data/models/mysql/PatientEncounterTabField.java","femr/data/models/mysql/PatientEncounterVital.java","femr/data/models/mysql/PatientPrescription.java","femr/data/models/mysql/PatientPrescriptionReplacement.java","femr/data/models/mysql/PatientPrescriptionReplacementReason.java","femr/data/models/mysql/Photo.java","femr/data/models/mysql/Role.java","femr/data/models/mysql/Roles.java","femr/data/models/mysql/SystemSetting.java","femr/data/models/mysql/Tab.java","femr/data/models/mysql/TabField.java","femr/data/models/mysql/TabFieldSize.java","femr/data/models/mysql/TabFieldType.java","femr/data/models/mysql/User.java","femr/data/models/mysql/Vital.java","femr/data/models/mysql/concepts/ConceptDiagnosis.java","femr/data/models/mysql/concepts/ConceptMedication.java","femr/data/models/mysql/concepts/ConceptMedicationForm.java","femr/data/models/mysql/concepts/ConceptMedicationGeneric.java","femr/data/models/mysql/concepts/ConceptMedicationGenericStrength.java","femr/data/models/mysql/concepts/ConceptMedicationUnit.java","femr/data/models/mysql/concepts/ConceptPrescriptionAdministration.java","femr/data/models/mysql/research/ResearchEncounter.java","femr/data/models/mysql/research/ResearchEncounterVital.java","femr/util/calculations/dateUtils.java","femr/util/encryptions/IPasswordEncryptor.java","femr/util/startup/DatabaseSeeder.java","femr/util/stringhelpers/StringUtils.java"],"cells":[{"src":0,"dest":53,"values":{"Use":1.0}},{"src":0,"dest":61,"values":{"Use":1.0}},{"src":0,"dest":55,"values":{"Use":1.0}},{"src":0,"dest":76,"values":{"Use":1.0,"Import":1.0}},{"src":0,"dest":70,"values":{"Use":1.0,"Import":1.0}},{"src":0,"dest":46,"values":{"Use":1.0}},{"src":0,"dest":66,"values":{"Use":1.0}},{"src":0,"dest":57,"values":{"Use":1.0}},{"src":0,"dest":64,"values":{"Use":1.0}},{"src":0,"dest":63,"values":{"Use":1.0}},{"src":0,"dest":44,"values":{"Use":1.0}},{"src":0,"dest":67,"values":{"Use":1.0}},{"src":0,"dest":58,"values":{"Use":1.0}},{"src":0,"dest":69,"values":{"Use":1.0,"Import":1.0}},{"src":0,"dest":42,"values":{"Use":1.0}},{"src":0,"dest":51,"values":{"Use":1.0}},{"src":0,"dest":75,"values":{"Use":1.0,"Import":1.0}},{"src":0,"dest":62,"values":{"Use":1.0}},{"src":0,"dest":41,"values":{"Use":1.0}},{"src":0,"dest":50,"values":{"Use":1.0}},{"src":0,"dest":47,"values":{"Use":1.0}},{"src":0,"dest":73,"values":{"Use":1.0,"Import":1.0}},{"src":0,"dest":54,"values":{"Use":1.0}},{"src":0,"dest":56,"values":{"Use":1.0}},{"src":0,"dest":49,"values":{"Use":1.0}},{"src":0,"dest":59,"values":{"Use":1.0}},{"src":0,"dest":40,"values":{"Use":1.0}},{"src":0,"dest":65,"values":{"Use":1.0}},{"src":0,"dest":48,"values":{"Use":1.0}},{"src":0,"dest":52,"values":{"Use":1.0}},{"src":0,"dest":45,"values":{"Use":1.0}},{"src":1,"dest":2,"values":{"Parameter":1.0,"Return":1.0,"Contain":1.0,"Use":1.0}},{"src":4,"dest":21,"values":{"Return":2.0}},{"src":4,"dest":20,"values":{"Parameter":1.0,"Return":2.0}},{"src":5,"dest":36,"values":{"Parameter":2.0,"Import":1.0,"Return":4.0}},{"src":5,"dest":30,"values":{"Import":1.0,"Return":2.0}},{"src":5,"dest":11,"values":{"Import":1.0,"Return":1.0}},{"src":6,"dest":22,"values":{"Parameter":1.0,"Return":1.0}},{"src":11,"dest":36,"values":{"Parameter":1.0}},{"src":11,"dest":66,"values":{"Import":1.0,"Return":1.0}},{"src":12,"dest":44,"values":{"Import":1.0}},{"src":12,"dest":8,"values":{"Parameter":1.0,"Return":1.0}},{"src":14,"dest":9,"values":{"Parameter":1.0,"Return":1.0}},{"src":14,"dest":13,"values":{"Parameter":1.0,"Return":1.0}},{"src":15,"dest":12,"values":{"Parameter":1.0,"Return":1.0}},{"src":15,"dest":19,"values":{"Parameter":1.0,"Return":1.0}},{"src":16,"dest":17,"values":{"Parameter":1.0,"Return":1.0}},{"src":18,"dest":48,"values":{"Import":1.0}},{"src":19,"dest":36,"values":{"Parameter":1.0}},{"src":19,"dest":18,"values":{"Parameter":1.0,"Return":1.0}},{"src":19,"dest":16,"values":{"Parameter":1.0,"Return":1.0}},{"src":20,"dest":51,"values":{"Import":1.0}},{"src":20,"dest":29,"values":{"Parameter":1.0,"Return":1.0}},{"src":22,"dest":36,"values":{"Parameter":4.0,"Return":4.0}},{"src":22,"dest":21,"values":{"Parameter":1.0,"Return":1.0}},{"src":22,"dest":20,"values":{"Parameter":1.0,"Return":1.0}},{"src":22,"dest":19,"values":{"Parameter":1.0,"Return":1.0}},{"src":24,"dest":6,"values":{"Parameter":1.0}},{"src":24,"dest":40,"values":{"Import":1.0,"Return":1.0}},{"src":24,"dest":33,"values":{"Parameter":1.0,"Return":1.0}},{"src":24,"dest":66,"values":{"Parameter":1.0,"Import":1.0}},{"src":25,"dest":37,"values":{"Parameter":1.0,"Return":1.0}},{"src":26,"dest":36,"values":{"Parameter":1.0,"Return":1.0}},{"src":26,"dest":56,"values":{"Import":1.0}},{"src":26,"dest":10,"values":{"Parameter":1.0,"Return":1.0}},{"src":26,"dest":12,"values":{"Parameter":1.0,"Return":1.0}},{"src":26,"dest":22,"values":{"Parameter":1.0,"Return":1.0}},{"src":27,"dest":26,"values":{"Parameter":2.0,"Return":2.0}},{"src":27,"dest":28,"values":{"Parameter":1.0,"Return":1.0}},{"src":32,"dest":63,"values":{"Import":1.0}},{"src":33,"dest":32,"values":{"Parameter":1.0,"Return":1.0}},{"src":33,"dest":35,"values":{"Parameter":1.0,"Return":1.0}},{"src":33,"dest":34,"values":{"Parameter":1.0,"Return":1.0}},{"src":36,"dest":30,"values":{"Parameter":1.0}},{"src":38,"dest":36,"values":{"Parameter":3.0,"Return":3.0}},{"src":38,"dest":21,"values":{"Parameter":1.0,"Return":1.0}},{"src":38,"dest":20,"values":{"Parameter":1.0,"Return":1.0}},{"src":38,"dest":55,"values":{"Import":1.0}},{"src":38,"dest":76,"values":{"Import":1.0}},{"src":38,"dest":19,"values":{"Parameter":1.0,"Return":1.0}},{"src":39,"dest":51,"values":{"Import":1.0}},{"src":39,"dest":75,"values":{"Parameter":1.0,"Import":1.0,"Return":1.0}},{"src":39,"dest":37,"values":{"Parameter":1.0,"Import":1.0,"Return":1.0}},{"src":40,"dest":6,"values":{"Implement":1.0,"Import":1.0}},{"src":40,"dest":51,"values":{"Cast":1.0,"Contain":1.0,"Use":1.0}},{"src":40,"dest":22,"values":{"Parameter":1.0,"Import":1.0,"Return":1.0}},{"src":41,"dest":14,"values":{"Parameter":2.0,"Import":1.0,"Use":2.0}},{"src":41,"dest":70,"values":{"Cast":1.0,"Import":1.0,"Contain":1.0,"Use":1.0}},{"src":41,"dest":12,"values":{"Implement":1.0,"Import":1.0}},{"src":41,"dest":43,"values":{"Use":1.0}},{"src":41,"dest":8,"values":{"Parameter":1.0,"Import":1.0,"Return":1.0}},{"src":41,"dest":44,"values":{"Parameter":2.0,"Use":2.0}},{"src":42,"dest":13,"values":{"Implement":1.0,"Import":1.0}},{"src":43,"dest":9,"values":{"Parameter":1.0,"Import":1.0,"Return":1.0}},{"src":43,"dest":14,"values":{"Implement":1.0,"Import":1.0}},{"src":43,"dest":42,"values":{"Cast":1.0,"Contain":1.0,"Use":1.0}},{"src":43,"dest":73,"values":{"Cast":1.0,"Import":1.0,"Contain":1.0,"Use":1.0}},{"src":43,"dest":13,"values":{"Parameter":1.0,"Import":1.0,"Return":1.0}},{"src":44,"dest":15,"values":{"Implement":1.0,"Import":1.0}},{"src":44,"dest":41,"values":{"Cast":1.0,"Contain":1.0,"Use":1.0}},{"src":44,"dest":48,"values":{"Cast":1.0,"Contain":1.0,"Use":1.0}},{"src":44,"dest":12,"values":{"Parameter":1.0,"Import":1.0,"Return":1.0}},{"src":44,"dest":19,"values":{"Parameter":1.0,"Import":1.0,"Return":1.0}},{"src":45,"dest":17,"values":{"Parameter":1.0,"Import":1.0,"Return":1.0}},{"src":45,"dest":46,"values":{"Cast":1.0,"Contain":1.0,"Use":1.0}},{"src":45,"dest":16,"values":{"Implement":1.0,"Import":1.0}},{"src":46,"dest":17,"values":{"Implement":1.0,"Import":1.0}},{"src":47,"dest":18,"values":{"Implement":1.0,"Import":1.0}},{"src":47,"dest":48,"values":{"Parameter":2.0,"Use":2.0}},{"src":48,"dest":36,"values":{"Call":1.0,"Parameter":6.0,"Import":1.0,"Contain":1.0,"Use":5.0}},{"src":48,"dest":47,"values":{"Cast":1.0,"Contain":1.0,"Use":1.0}},{"src":48,"dest":18,"values":{"Parameter":1.0,"Import":1.0,"Return":1.0}},{"src":48,"dest":66,"values":{"Use":1.0}},{"src":48,"dest":45,"values":{"Cast":1.0,"Contain":1.0,"Use":1.0}},{"src":48,"dest":19,"values":{"Implement":1.0,"Import":1.0}},{"src":48,"dest":16,"values":{"Parameter":1.0,"Import":1.0,"Return":1.0}},{"src":49,"dest":58,"values":{"Cast":1.0,"Contain":1.0,"Use":1.0}},{"src":49,"dest":20,"values":{"Implement":1.0,"Import":1.0}},{"src":49,"dest":51,"values":{"Parameter":2.0,"Use":2.0}},{"src":49,"dest":29,"values":{"Parameter":1.0,"Import":1.0,"Return":1.0}},{"src":50,"dest":21,"values":{"Implement":1.0,"Import":1.0}},{"src":51,"dest":6,"values":{"Parameter":3.0,"Contain":1.0,"Use":3.0}},{"src":51,"dest":36,"values":{"Parameter":4.0,"Return":4.0}},{"src":51,"dest":40,"values":{"Cast":1.0,"Parameter":2.0,"Contain":1.0,"Use":2.0}},{"src":51,"dest":21,"values":{"Parameter":1.0,"Return":1.0}},{"src":51,"dest":20,"values":{"Parameter":1.0,"Return":1.0}},{"src":51,"dest":50,"values":{"Cast":1.0,"Contain":1.0,"Use":1.0}},{"src":51,"dest":48,"values":{"Cast":1.0,"Contain":1.0,"Use":1.0}},{"src":51,"dest":49,"values":{"Cast":1.0,"Contain":1.0,"Use":1.0}},{"src":51,"dest":66,"values":{"Cast":4.0,"Contain":4.0,"Use":4.0}},{"src":51,"dest":19,"values":{"Parameter":1.0,"Return":1.0}},{"src":51,"dest":22,"values":{"Implement":1.0}},{"src":52,"dest":23,"values":{"Implement":1.0,"Import":1.0}},{"src":53,"dest":6,"values":{"Parameter":1.0,"Import":1.0}},{"src":53,"dest":40,"values":{"Cast":1.0,"Return":1.0,"Contain":1.0,"Use":1.0}},{"src":53,"dest":24,"values":{"Implement":1.0,"Import":1.0}},{"src":53,"dest":33,"values":{"Parameter":1.0,"Import":1.0,"Return":1.0}},{"src":53,"dest":66,"values":{"Call":2.0,"Parameter":1.0,"Contain":1.0,"Use":1.0}},{"src":53,"dest":63,"values":{"Cast":1.0,"Contain":1.0,"Use":1.0}},{"src":54,"dest":25,"values":{"Implement":1.0,"Import":1.0}},{"src":54,"dest":67,"values":{"Cast":1.0,"Contain":1.0,"Use":1.0}},{"src":54,"dest":37,"values":{"Parameter":1.0,"Import":1.0,"Return":1.0}},{"src":55,"dest":36,"values":{"Parameter":1.0,"Return":1.0}},{"src":55,"dest":41,"values":{"Cast":1.0,"Contain":1.0,"Use":1.0}},{"src":55,"dest":26,"values":{"Implement":1.0}},{"src":55,"dest":51,"values":{"Cast":1.0,"Contain":1.0,"Use":1.0}},{"src":55,"dest":74,"values":{"Cast":1.0,"Import":1.0,"Contain":1.0,"Use":1.0}},{"src":55,"dest":56,"values":{"Parameter":2.0,"Use":2.0}},{"src":55,"dest":10,"values":{"Parameter":1.0,"Return":1.0}},{"src":55,"dest":66,"values":{"Cast":1.0,"Contain":1.0,"Use":1.0}},{"src":55,"dest":12,"values":{"Parameter":1.0,"Return":1.0}},{"src":55,"dest":22,"values":{"Parameter":1.0,"Return":1.0}},{"src":56,"dest":27,"values":{"Implement":1.0,"Import":1.0}},{"src":56,"dest":26,"values":{"Parameter":2.0,"Import":1.0,"Return":2.0}},{"src":56,"dest":55,"values":{"Cast":2.0,"Contain":2.0,"Use":2.0}},{"src":56,"dest":57,"values":{"Cast":1.0,"Contain":1.0,"Use":1.0}},{"src":56,"dest":28,"values":{"Parameter":1.0,"Import":1.0,"Return":1.0}},{"src":57,"dest":28,"values":{"Implement":1.0,"Import":1.0}},{"src":58,"dest":29,"values":{"Implement":1.0,"Import":1.0}},{"src":59,"dest":30,"values":{"Implement":1.0,"Import":1.0}},{"src":61,"dest":31,"values":{"Implement":1.0,"Import":1.0}},{"src":62,"dest":32,"values":{"Implement":1.0,"Import":1.0}},{"src":62,"dest":63,"values":{"Parameter":2.0,"Use":2.0}},{"src":63,"dest":65,"values":{"Cast":1.0,"Contain":1.0,"Use":1.0}},{"src":63,"dest":33,"values":{"Implement":1.0,"Import":1.0}},{"src":63,"dest":32,"values":{"Parameter":1.0,"Import":1.0,"Return":1.0}},{"src":63,"dest":35,"values":{"Parameter":1.0,"Import":1.0,"Return":1.0}},{"src":63,"dest":64,"values":{"Cast":1.0,"Contain":1.0,"Use":1.0}},{"src":63,"dest":62,"values":{"Cast":1.0,"Contain":1.0,"Use":1.0}},{"src":63,"dest":34,"values":{"Parameter":1.0,"Import":1.0,"Return":1.0}},{"src":64,"dest":34,"values":{"Implement":1.0,"Import":1.0}},{"src":65,"dest":35,"values":{"Implement":1.0,"Import":1.0}},{"src":66,"dest":36,"values":{"Implement":1.0,"Import":1.0}},{"src":66,"dest":30,"values":{"Parameter":3.0,"Import":1.0,"Contain":1.0,"Use":2.0}},{"src":66,"dest":48,"values":{"Use":1.0}},{"src":66,"dest":19,"values":{"Parameter":2.0,"Import":1.0,"Use":2.0}},{"src":66,"dest":59,"values":{"Use":1.0}},{"src":67,"dest":37,"values":{"Implement":1.0,"Import":1.0}},{"src":68,"dest":7,"values":{"Implement":1.0,"Import":1.0}},{"src":69,"dest":14,"values":{"Parameter":2.0,"Import":1.0,"Use":2.0}},{"src":69,"dest":70,"values":{"Cast":1.0,"Contain":1.0,"Use":1.0}},{"src":69,"dest":12,"values":{"Implement":1.0,"Import":1.0}},{"src":69,"dest":44,"values":{"Import":1.0}},{"src":69,"dest":8,"values":{"Parameter":1.0,"Import":1.0,"Return":1.0}},{"src":69,"dest":72,"values":{"Use":1.0}},{"src":70,"dest":8,"values":{"Implement":1.0,"Import":1.0}},{"src":71,"dest":13,"values":{"Implement":1.0,"Import":1.0}},{"src":72,"dest":9,"values":{"Parameter":1.0,"Import":1.0,"Return":1.0}},{"src":72,"dest":14,"values":{"Implement":1.0,"Import":1.0}},{"src":72,"dest":73,"values":{"Cast":1.0,"Contain":1.0,"Use":1.0}},{"src":72,"dest":71,"values":{"Cast":1.0,"Contain":1.0,"Use":1.0}},{"src":72,"dest":13,"values":{"Parameter":1.0,"Import":1.0,"Return":1.0}},{"src":73,"dest":9,"values":{"Implement":1.0,"Import":1.0}},{"src":74,"dest":10,"values":{"Implement":1.0,"Import":1.0}},{"src":75,"dest":6,"values":{"Parameter":3.0,"Contain":1.0,"Use":3.0}},{"src":75,"dest":21,"values":{"Parameter":1.0,"Return":1.0}},{"src":75,"dest":50,"values":{"Cast":1.0,"Contain":1.0,"Use":1.0}},{"src":75,"dest":38,"values":{"Implement":1.0,"Import":1.0}},{"src":75,"dest":55,"values":{"Parameter":2.0,"Use":2.0}},{"src":75,"dest":76,"values":{"Parameter":2.0,"Use":2.0}},{"src":75,"dest":49,"values":{"Cast":1.0,"Contain":1.0,"Use":1.0}},{"src":75,"dest":66,"values":{"Cast":3.0,"Contain":3.0,"Use":3.0}},{"src":75,"dest":36,"values":{"Parameter":3.0,"Return":3.0}},{"src":75,"dest":40,"values":{"Cast":1.0,"Parameter":2.0,"Contain":1.0,"Use":2.0}},{"src":75,"dest":20,"values":{"Parameter":1.0,"Return":1.0}},{"src":75,"dest":48,"values":{"Cast":1.0,"Contain":1.0,"Use":1.0}},{"src":75,"dest":19,"values":{"Parameter":1.0,"Return":1.0}},{"src":76,"dest":51,"values":{"Import":1.0}},{"src":76,"dest":39,"values":{"Implement":1.0,"Import":1.0}},{"src":76,"dest":75,"values":{"Parameter":1.0,"Return":1.0,"Contain":1.0,"Use":1.0}},{"src":76,"dest":67,"values":{"Cast":1.0,"Import":1.0,"Contain":1.0,"Use":1.0}},{"src":76,"dest":37,"values":{"Parameter":1.0,"Import":1.0,"Return":1.0}},{"src":77,"dest":1,"values":{"Call":4.0,"Parameter":1.0,"Import":1.0}},{"src":79,"dest":21,"values":{"Call":1.0,"Parameter":3.0,"Contain":1.0,"Use":3.0}},{"src":79,"dest":61,"values":{"Cast":8.0,"Call":29.0,"Use":14.0,"Create":8.0,"Parameter":3.0,"Contain":1.0}},{"src":79,"dest":46,"values":{"Call":2.0,"Parameter":3.0,"Contain":1.0,"Use":6.0,"Create":1.0}},{"src":79,"dest":66,"values":{"Call":22.0,"Contain":2.0,"Create":2.0}},{"src":79,"dest":64,"values":{"Call":4.0,"Parameter":3.0,"Contain":1.0,"Use":6.0,"Create":2.0}},{"src":79,"dest":3,"values":{"Call":41.0,"Parameter":10.0,"Import":1.0,"Contain":10.0,"Use":20.0}},{"src":79,"dest":7,"values":{"Call":1.0,"Parameter":5.0,"Contain":1.0,"Use":5.0}},{"src":79,"dest":63,"values":{"Call":85.0,"Parameter":3.0,"Contain":1.0,"Use":21.0,"Create":17.0}},{"src":79,"dest":67,"values":{"Call":15.0,"Contain":1.0,"Use":4.0,"Create":3.0}},{"src":79,"dest":16,"values":{"Call":2.0,"Parameter":5.0,"Contain":1.0,"Use":5.0}},{"src":79,"dest":32,"values":{"Call":5.0,"Parameter":8.0,"Contain":2.0,"Use":8.0}},{"src":79,"dest":62,"values":{"Call":32.0,"Parameter":3.0,"Contain":1.0,"Use":26.0,"Create":4.0}},{"src":79,"dest":80,"values":{"Call":7.0,"Import":1.0,"Use":7.0}},{"src":79,"dest":47,"values":{"Call":12.0,"Parameter":3.0,"Contain":1.0,"Use":7.0,"Create":3.0}},{"src":79,"dest":18,"values":{"Call":1.0,"Parameter":5.0,"Contain":1.0,"Use":5.0}},{"src":79,"dest":30,"values":{"Call":1.0,"Parameter":3.0,"Contain":3.0,"Use":3.0}},{"src":79,"dest":4,"values":{"Call":6.0,"Parameter":1.0,"Import":1.0,"Contain":1.0,"Use":1.0}},{"src":79,"dest":5,"values":{"Call":7.0,"Parameter":1.0,"Import":1.0,"Contain":1.0,"Use":1.0}},{"src":79,"dest":35,"values":{"Call":4.0,"Parameter":8.0,"Contain":2.0,"Use":8.0}},{"src":79,"dest":78,"values":{"Call":2.0,"Parameter":1.0,"Import":1.0,"Contain":1.0,"Use":1.0}},{"src":79,"dest":34,"values":{"Call":1.0,"Parameter":5.0,"Contain":1.0,"Use":5.0}},{"src":79,"dest":31,"values":{"Call":22.0,"Parameter":8.0,"Contain":2.0,"Use":8.0}},{"src":79,"dest":17,"values":{"Call":3.0,"Parameter":5.0,"Return":1.0,"Contain":2.0,"Use":5.0}},{"src":79,"dest":65,"values":{"Call":6.0,"Parameter":3.0,"Contain":1.0,"Use":25.0,"Create":3.0}},{"src":79,"dest":33,"values":{"Call":1.0,"Parameter":5.0,"Contain":1.0,"Use":5.0}},{"src":79,"dest":68,"values":{"Call":2.0,"Import":1.0,"Use":5.0,"Create":1.0,"Parameter":3.0,"Contain":1.0}},{"src":79,"dest":60,"values":{"Use":2.0}},{"src":79,"dest":45,"values":{"Call":6.0,"Parameter":3.0,"Contain":1.0,"Use":6.0,"Create":2.0}},{"src":79,"dest":77,"values":{"Call":10.0,"Import":1.0,"Use":10.0}},{"src":79,"dest":0,"values":{"Call":1.0,"Import":1.0,"Use":1.0}},{"src":79,"dest":37,"values":{"Call":1.0,"Parameter":5.0,"Contain":1.0,"Use":5.0}},{"src":80,"dest":77,"values":{"Call":2.0,"Import":1.0,"Use":2.0}}],"relationTypes":["Use","Import","Parameter","Return","Contain","Implement","Cast","Call","Create"]}