{"name":"fg_122.json","variables":["femr/business/services/core/IConceptService.java","femr/business/services/system/ConceptService.java","femr/common/IItemModelMapper.java","femr/common/dtos/ServiceResponse.java","femr/common/models/CityItem.java","femr/common/models/MedicationAdministrationItem.java","femr/common/models/MedicationItem.java","femr/common/models/MissionItem.java","femr/common/models/MissionTripItem.java","femr/common/models/NoteItem.java","femr/common/models/PatientEncounterItem.java","femr/common/models/PatientItem.java","femr/common/models/PhotoItem.java","femr/common/models/PrescriptionItem.java","femr/common/models/ProblemItem.java","femr/common/models/SettingItem.java","femr/common/models/TabFieldItem.java","femr/common/models/TabItem.java","femr/common/models/TeamItem.java","femr/common/models/TripItem.java","femr/common/models/UserItem.java","femr/common/models/VitalItem.java","femr/data/daos/core/IMedicationRepository.java","femr/data/models/core/IChiefComplaint.java","femr/data/models/core/IConceptMedicationForm.java","femr/data/models/core/IConceptMedicationUnit.java","femr/data/models/core/IConceptPrescriptionAdministration.java","femr/data/models/core/IMedication.java","femr/data/models/core/IMedicationGeneric.java","femr/data/models/core/IMedicationGenericStrength.java","femr/data/models/core/IMedicationInventory.java","femr/data/models/core/IMissionCity.java","femr/data/models/core/IMissionCountry.java","femr/data/models/core/IMissionTeam.java","femr/data/models/core/IMissionTrip.java","femr/data/models/core/IPatient.java","femr/data/models/core/IPatientAgeClassification.java","femr/data/models/core/IPatientEncounter.java","femr/data/models/core/IPhoto.java","femr/data/models/core/IRole.java","femr/data/models/core/IUser.java","femr/data/models/mysql/ChiefComplaint.java","femr/data/models/mysql/Medication.java","femr/data/models/mysql/MedicationGeneric.java","femr/data/models/mysql/MedicationGenericStrength.java","femr/data/models/mysql/MedicationInventory.java","femr/data/models/mysql/MissionCity.java","femr/data/models/mysql/MissionCountry.java","femr/data/models/mysql/MissionTeam.java","femr/data/models/mysql/MissionTrip.java","femr/data/models/mysql/Patient.java","femr/data/models/mysql/PatientAgeClassification.java","femr/data/models/mysql/PatientEncounter.java","femr/data/models/mysql/Photo.java","femr/data/models/mysql/Role.java","femr/data/models/mysql/User.java","femr/data/models/mysql/concepts/ConceptMedicationForm.java","femr/data/models/mysql/concepts/ConceptMedicationUnit.java"],"cells":[{"src":0,"dest":3,"values":{"Import":1.0,"Return":2.0}},{"src":0,"dest":6,"values":{"Import":1.0}},{"src":1,"dest":2,"values":{"Call":2.0,"Parameter":1.0,"Import":1.0,"Contain":1.0,"Use":1.0}},{"src":1,"dest":22,"values":{"Call":2.0,"Parameter":1.0,"Import":1.0,"Contain":1.0,"Use":1.0}},{"src":1,"dest":3,"values":{"Call":6.0,"Import":1.0,"Return":2.0,"Contain":2.0,"Create":2.0}},{"src":1,"dest":0,"values":{"Implement":1.0,"Import":1.0}},{"src":1,"dest":27,"values":{"Parameter":3.0,"Import":1.0,"Contain":2.0,"Use":3.0}},{"src":1,"dest":6,"values":{"Parameter":9.0,"Import":1.0,"Contain":1.0,"Use":10.0}},{"src":2,"dest":11,"values":{"Return":1.0}},{"src":2,"dest":8,"values":{"Return":1.0}},{"src":2,"dest":4,"values":{"Return":1.0}},{"src":2,"dest":17,"values":{"Return":1.0}},{"src":2,"dest":12,"values":{"Return":1.0}},{"src":2,"dest":27,"values":{"Parameter":1.0}},{"src":2,"dest":6,"values":{"Parameter":2.0,"Return":1.0}},{"src":2,"dest":45,"values":{"Import":1.0}},{"src":2,"dest":10,"values":{"Return":1.0}},{"src":2,"dest":9,"values":{"Return":1.0}},{"src":2,"dest":26,"values":{"Parameter":3.0}},{"src":2,"dest":34,"values":{"Parameter":1.0}},{"src":2,"dest":33,"values":{"Parameter":1.0}},{"src":2,"dest":19,"values":{"Return":1.0}},{"src":2,"dest":13,"values":{"Return":2.0}},{"src":2,"dest":20,"values":{"Return":1.0}},{"src":2,"dest":40,"values":{"Parameter":1.0}},{"src":2,"dest":14,"values":{"Return":1.0}},{"src":2,"dest":7,"values":{"Return":1.0}},{"src":2,"dest":15,"values":{"Return":1.0}},{"src":2,"dest":21,"values":{"Return":1.0}},{"src":2,"dest":5,"values":{"Return":1.0}},{"src":2,"dest":18,"values":{"Return":1.0}},{"src":2,"dest":16,"values":{"Return":2.0}},{"src":2,"dest":37,"values":{"Parameter":1.0}},{"src":3,"dest":8,"values":{"Import":1.0}},{"src":7,"dest":8,"values":{"Parameter":3.0,"Use":2.0}},{"src":10,"dest":11,"values":{"Parameter":1.0,"Return":1.0,"Contain":1.0,"Use":1.0}},{"src":13,"dest":6,"values":{"Call":1.0,"Parameter":3.0,"Return":1.0,"Contain":1.0,"Use":3.0}},{"src":17,"dest":16,"values":{"Call":1.0,"Parameter":2.0,"Return":1.0,"Contain":1.0,"Use":2.0}},{"src":22,"dest":30,"values":{"Parameter":1.0,"Return":2.0}},{"src":22,"dest":25,"values":{"Return":1.0}},{"src":22,"dest":28,"values":{"Return":1.0}},{"src":22,"dest":27,"values":{"Return":4.0}},{"src":22,"dest":24,"values":{"Parameter":1.0,"Return":1.0}},{"src":23,"dest":37,"values":{"Parameter":1.0,"Return":1.0}},{"src":27,"dest":45,"values":{"Import":1.0}},{"src":27,"dest":24,"values":{"Parameter":1.0,"Return":1.0}},{"src":29,"dest":25,"values":{"Parameter":1.0,"Return":1.0}},{"src":29,"dest":28,"values":{"Parameter":1.0,"Return":1.0}},{"src":30,"dest":27,"values":{"Parameter":1.0,"Return":1.0}},{"src":30,"dest":34,"values":{"Parameter":1.0,"Return":1.0}},{"src":31,"dest":32,"values":{"Parameter":1.0,"Return":1.0}},{"src":33,"dest":49,"values":{"Import":1.0}},{"src":34,"dest":40,"values":{"Parameter":1.0}},{"src":34,"dest":33,"values":{"Parameter":1.0,"Return":1.0}},{"src":34,"dest":31,"values":{"Parameter":1.0,"Return":1.0}},{"src":35,"dest":52,"values":{"Import":1.0}},{"src":35,"dest":38,"values":{"Parameter":1.0,"Return":1.0}},{"src":37,"dest":40,"values":{"Parameter":4.0,"Return":4.0}},{"src":37,"dest":36,"values":{"Parameter":1.0,"Return":1.0}},{"src":37,"dest":35,"values":{"Parameter":1.0,"Return":1.0}},{"src":37,"dest":34,"values":{"Parameter":1.0,"Return":1.0}},{"src":40,"dest":39,"values":{"Parameter":1.0}},{"src":41,"dest":23,"values":{"Implement":1.0,"Import":1.0}},{"src":41,"dest":52,"values":{"Cast":1.0,"Contain":1.0,"Use":1.0}},{"src":41,"dest":37,"values":{"Parameter":1.0,"Import":1.0,"Return":1.0}},{"src":42,"dest":29,"values":{"Parameter":2.0,"Import":1.0,"Use":2.0}},{"src":42,"dest":56,"values":{"Cast":1.0,"Import":1.0,"Contain":1.0,"Use":1.0}},{"src":42,"dest":27,"values":{"Implement":1.0,"Import":1.0}},{"src":42,"dest":44,"values":{"Use":1.0}},{"src":42,"dest":24,"values":{"Parameter":1.0,"Import":1.0,"Return":1.0}},{"src":42,"dest":45,"values":{"Parameter":2.0,"Use":2.0}},{"src":43,"dest":28,"values":{"Implement":1.0,"Import":1.0}},{"src":44,"dest":25,"values":{"Parameter":1.0,"Import":1.0,"Return":1.0}},{"src":44,"dest":29,"values":{"Implement":1.0,"Import":1.0}},{"src":44,"dest":43,"values":{"Cast":1.0,"Contain":1.0,"Use":1.0}},{"src":44,"dest":57,"values":{"Cast":1.0,"Import":1.0,"Contain":1.0,"Use":1.0}},{"src":44,"dest":28,"values":{"Parameter":1.0,"Import":1.0,"Return":1.0}},{"src":45,"dest":30,"values":{"Implement":1.0,"Import":1.0}},{"src":45,"dest":42,"values":{"Cast":1.0,"Contain":1.0,"Use":1.0}},{"src":45,"dest":49,"values":{"Cast":1.0,"Contain":1.0,"Use":1.0}},{"src":45,"dest":27,"values":{"Parameter":1.0,"Import":1.0,"Return":1.0}},{"src":45,"dest":34,"values":{"Parameter":1.0,"Import":1.0,"Return":1.0}},{"src":46,"dest":32,"values":{"Parameter":1.0,"Import":1.0,"Return":1.0}},{"src":46,"dest":47,"values":{"Cast":1.0,"Contain":1.0,"Use":1.0}},{"src":46,"dest":31,"values":{"Implement":1.0,"Import":1.0}},{"src":47,"dest":32,"values":{"Implement":1.0,"Import":1.0}},{"src":48,"dest":33,"values":{"Implement":1.0,"Import":1.0}},{"src":48,"dest":49,"values":{"Parameter":2.0,"Use":2.0}},{"src":49,"dest":40,"values":{"Call":1.0,"Parameter":6.0,"Import":1.0,"Contain":1.0,"Use":5.0}},{"src":49,"dest":48,"values":{"Cast":1.0,"Contain":1.0,"Use":1.0}},{"src":49,"dest":33,"values":{"Parameter":1.0,"Import":1.0,"Return":1.0}},{"src":49,"dest":55,"values":{"Use":1.0}},{"src":49,"dest":46,"values":{"Cast":1.0,"Contain":1.0,"Use":1.0}},{"src":49,"dest":34,"values":{"Implement":1.0,"Import":1.0}},{"src":49,"dest":31,"values":{"Parameter":1.0,"Import":1.0,"Return":1.0}},{"src":50,"dest":53,"values":{"Cast":1.0,"Contain":1.0,"Use":1.0}},{"src":50,"dest":35,"values":{"Implement":1.0,"Import":1.0}},{"src":50,"dest":52,"values":{"Parameter":2.0,"Use":2.0}},{"src":50,"dest":38,"values":{"Parameter":1.0,"Import":1.0,"Return":1.0}},{"src":51,"dest":36,"values":{"Implement":1.0,"Import":1.0}},{"src":52,"dest":23,"values":{"Parameter":3.0,"Contain":1.0,"Use":3.0}},{"src":52,"dest":40,"values":{"Parameter":4.0,"Return":4.0}},{"src":52,"dest":41,"values":{"Cast":1.0,"Parameter":2.0,"Contain":1.0,"Use":2.0}},{"src":52,"dest":36,"values":{"Parameter":1.0,"Return":1.0}},{"src":52,"dest":35,"values":{"Parameter":1.0,"Return":1.0}},{"src":52,"dest":51,"values":{"Cast":1.0,"Contain":1.0,"Use":1.0}},{"src":52,"dest":49,"values":{"Cast":1.0,"Contain":1.0,"Use":1.0}},{"src":52,"dest":50,"values":{"Cast":1.0,"Contain":1.0,"Use":1.0}},{"src":52,"dest":55,"values":{"Cast":4.0,"Contain":4.0,"Use":4.0}},{"src":52,"dest":34,"values":{"Parameter":1.0,"Return":1.0}},{"src":52,"dest":37,"values":{"Implement":1.0}},{"src":53,"dest":38,"values":{"Implement":1.0,"Import":1.0}},{"src":54,"dest":39,"values":{"Implement":1.0,"Import":1.0}},{"src":55,"dest":40,"values":{"Implement":1.0,"Import":1.0}},{"src":55,"dest":39,"values":{"Parameter":3.0,"Import":1.0,"Contain":1.0,"Use":2.0}},{"src":55,"dest":49,"values":{"Use":1.0}},{"src":55,"dest":34,"values":{"Parameter":2.0,"Import":1.0,"Use":2.0}},{"src":55,"dest":54,"values":{"Use":1.0}},{"src":56,"dest":24,"values":{"Implement":1.0,"Import":1.0}},{"src":57,"dest":25,"values":{"Implement":1.0,"Import":1.0}}],"relationTypes":["Import","Return","Call","Parameter","Contain","Use","Create","Implement","Cast"]}