{"name":"fg_187.json","variables":["femr/business/services/core/IMissionTripService.java","femr/business/services/core/IResearchService.java","femr/business/services/core/ISessionService.java","femr/business/services/core/IUserService.java","femr/common/dtos/CurrentUser.java","femr/common/dtos/ServiceResponse.java","femr/common/models/MissionItem.java","femr/common/models/MissionTripItem.java","femr/common/models/PatientEncounterItem.java","femr/common/models/PatientItem.java","femr/common/models/ResearchFilterItem.java","femr/common/models/ResearchResultItem.java","femr/common/models/ResearchResultSetItem.java","femr/common/models/TeamItem.java","femr/common/models/TripItem.java","femr/common/models/UserItem.java","femr/data/models/core/IMissionCity.java","femr/data/models/core/IMissionCountry.java","femr/data/models/core/IMissionTeam.java","femr/data/models/core/IMissionTrip.java","femr/data/models/core/IRole.java","femr/data/models/core/IUser.java","femr/data/models/mysql/MissionCity.java","femr/data/models/mysql/MissionCountry.java","femr/data/models/mysql/MissionTeam.java","femr/data/models/mysql/MissionTrip.java","femr/data/models/mysql/Role.java","femr/data/models/mysql/Roles.java","femr/data/models/mysql/User.java","femr/ui/controllers/ResearchController.java","femr/ui/helpers/security/AllowedRoles.java","femr/ui/helpers/security/AllowedRolesAction.java","femr/ui/helpers/security/FEMRAuthenticated.java","femr/ui/models/research/FilterViewModel.java","femr/ui/models/research/json/ResearchGraphDataModel.java","femr/ui/models/research/json/ResearchItemModel.java","femr/util/calculations/dateUtils.java","femr/util/stringhelpers/StringUtils.java"],"cells":[{"src":0,"dest":5,"values":{"Import":1.0,"Return":10.0}},{"src":0,"dest":19,"values":{"Import":1.0}},{"src":0,"dest":14,"values":{"Parameter":1.0}},{"src":0,"dest":13,"values":{"Parameter":1.0}},{"src":1,"dest":10,"values":{"Parameter":2.0}},{"src":1,"dest":5,"values":{"Import":1.0,"Return":3.0}},{"src":1,"dest":34,"values":{"Import":1.0}},{"src":2,"dest":5,"values":{"Import":1.0,"Return":1.0}},{"src":2,"dest":4,"values":{"Import":1.0,"Return":1.0}},{"src":3,"dest":15,"values":{"Parameter":2.0,"Import":1.0}},{"src":3,"dest":21,"values":{"Parameter":1.0,"Import":1.0,"Return":2.0}},{"src":3,"dest":5,"values":{"Import":1.0,"Return":8.0}},{"src":3,"dest":20,"values":{"Import":1.0}},{"src":4,"dest":20,"values":{"Parameter":2.0,"Import":1.0,"Use":2.0}},{"src":5,"dest":7,"values":{"Import":1.0}},{"src":6,"dest":7,"values":{"Parameter":3.0,"Use":2.0}},{"src":8,"dest":9,"values":{"Parameter":1.0,"Return":1.0,"Contain":1.0,"Use":1.0}},{"src":12,"dest":11,"values":{"Parameter":2.0,"Use":2.0}},{"src":16,"dest":17,"values":{"Parameter":1.0,"Return":1.0}},{"src":18,"dest":25,"values":{"Import":1.0}},{"src":19,"dest":21,"values":{"Parameter":1.0}},{"src":19,"dest":18,"values":{"Parameter":1.0,"Return":1.0}},{"src":19,"dest":16,"values":{"Parameter":1.0,"Return":1.0}},{"src":21,"dest":20,"values":{"Parameter":1.0}},{"src":22,"dest":17,"values":{"Parameter":1.0,"Import":1.0,"Return":1.0}},{"src":22,"dest":23,"values":{"Cast":1.0,"Contain":1.0,"Use":1.0}},{"src":22,"dest":16,"values":{"Implement":1.0,"Import":1.0}},{"src":23,"dest":17,"values":{"Implement":1.0,"Import":1.0}},{"src":24,"dest":18,"values":{"Implement":1.0,"Import":1.0}},{"src":24,"dest":25,"values":{"Parameter":2.0,"Use":2.0}},{"src":25,"dest":21,"values":{"Call":1.0,"Parameter":6.0,"Import":1.0,"Contain":1.0,"Use":5.0}},{"src":25,"dest":24,"values":{"Cast":1.0,"Contain":1.0,"Use":1.0}},{"src":25,"dest":18,"values":{"Parameter":1.0,"Import":1.0,"Return":1.0}},{"src":25,"dest":28,"values":{"Use":1.0}},{"src":25,"dest":22,"values":{"Cast":1.0,"Contain":1.0,"Use":1.0}},{"src":25,"dest":19,"values":{"Implement":1.0,"Import":1.0}},{"src":25,"dest":16,"values":{"Parameter":1.0,"Import":1.0,"Return":1.0}},{"src":26,"dest":20,"values":{"Implement":1.0,"Import":1.0}},{"src":28,"dest":21,"values":{"Implement":1.0,"Import":1.0}},{"src":28,"dest":20,"values":{"Parameter":3.0,"Import":1.0,"Contain":1.0,"Use":2.0}},{"src":28,"dest":25,"values":{"Use":1.0}},{"src":28,"dest":19,"values":{"Parameter":2.0,"Import":1.0,"Use":2.0}},{"src":28,"dest":26,"values":{"Use":1.0}},{"src":29,"dest":10,"values":{"Call":14.0,"Return":1.0,"Contain":3.0,"Create":1.0}},{"src":29,"dest":37,"values":{"Call":1.0,"Import":1.0,"Use":1.0}},{"src":29,"dest":32,"values":{"Use":1.0,"Import":1.0}},{"src":29,"dest":5,"values":{"Call":5.0,"Import":1.0,"Contain":3.0}},{"src":29,"dest":2,"values":{"Call":1.0,"Parameter":1.0,"Import":1.0,"Contain":1.0,"Use":1.0}},{"src":29,"dest":33,"values":{"Call":15.0,"Import":1.0,"Create":1.0,"Use":8.0,"Parameter":7.0,"Contain":3.0}},{"src":29,"dest":35,"values":{"Call":4.0,"Import":1.0,"Create":1.0,"Use":3.0,"Parameter":3.0,"Contain":1.0}},{"src":29,"dest":30,"values":{"Annotation":1.0,"Import":1.0}},{"src":29,"dest":4,"values":{"Import":1.0,"Contain":1.0}},{"src":29,"dest":34,"values":{"Call":15.0,"Import":1.0,"Return":1.0,"Create":2.0,"Use":1.0,"Contain":2.0}},{"src":29,"dest":1,"values":{"Call":2.0,"Parameter":1.0,"Import":1.0,"Contain":1.0,"Use":1.0}},{"src":29,"dest":0,"values":{"Call":1.0,"Parameter":1.0,"Import":1.0,"Contain":1.0,"Use":1.0}},{"src":29,"dest":11,"values":{"Call":3.0,"Contain":1.0}},{"src":29,"dest":6,"values":{"Parameter":3.0,"Use":3.0}},{"src":29,"dest":12,"values":{"Call":12.0,"Parameter":4.0,"Contain":1.0,"Use":3.0}},{"src":29,"dest":27,"values":{"Use":2.0}},{"src":30,"dest":31,"values":{"Use":1.0}},{"src":31,"dest":20,"values":{"Call":1.0,"Parameter":3.0,"Import":1.0,"Contain":1.0,"Use":3.0}},{"src":31,"dest":3,"values":{"Call":1.0,"Parameter":1.0,"Import":1.0,"Contain":1.0,"Use":1.0}},{"src":33,"dest":6,"values":{"Parameter":4.0,"Import":1.0,"Use":4.0}},{"src":34,"dest":35,"values":{"Parameter":2.0,"Use":2.0}},{"src":36,"dest":8,"values":{"Call":4.0,"Parameter":1.0,"Import":1.0}},{"src":37,"dest":36,"values":{"Call":2.0,"Import":1.0,"Use":2.0}}],"relationTypes":["Import","Return","Parameter","Use","Contain","Cast","Implement","Call","Create","Annotation"]}