{"name":"fg_114.json","variables":["femr/business/services/core/IRoleService.java","femr/business/services/system/RoleService.java","femr/common/dtos/ServiceResponse.java","femr/common/models/MissionTripItem.java","femr/data/daos/core/IUserRepository.java","femr/data/models/core/ILoginAttempt.java","femr/data/models/core/IMissionCity.java","femr/data/models/core/IMissionCountry.java","femr/data/models/core/IMissionTeam.java","femr/data/models/core/IMissionTrip.java","femr/data/models/core/IRole.java","femr/data/models/core/IUser.java","femr/data/models/mysql/MissionCity.java","femr/data/models/mysql/MissionCountry.java","femr/data/models/mysql/MissionTeam.java","femr/data/models/mysql/MissionTrip.java","femr/data/models/mysql/Role.java","femr/data/models/mysql/User.java"],"cells":[{"src":0,"dest":2,"values":{"Import":1.0,"Return":1.0}},{"src":0,"dest":10,"values":{"Import":1.0}},{"src":1,"dest":2,"values":{"Call":3.0,"Import":1.0,"Return":1.0,"Contain":1.0,"Create":1.0}},{"src":1,"dest":10,"values":{"Call":1.0,"Parameter":3.0,"Import":1.0,"Contain":1.0,"Use":3.0}},{"src":1,"dest":4,"values":{"Call":1.0,"Parameter":1.0,"Import":1.0,"Contain":1.0,"Use":1.0}},{"src":1,"dest":0,"values":{"Implement":1.0,"Import":1.0}},{"src":2,"dest":3,"values":{"Import":1.0}},{"src":4,"dest":11,"values":{"Parameter":2.0,"Import":1.0,"Return":4.0}},{"src":4,"dest":10,"values":{"Import":1.0,"Return":2.0}},{"src":4,"dest":5,"values":{"Import":1.0,"Return":1.0}},{"src":5,"dest":11,"values":{"Parameter":1.0}},{"src":5,"dest":17,"values":{"Import":1.0,"Return":1.0}},{"src":6,"dest":7,"values":{"Parameter":1.0,"Return":1.0}},{"src":8,"dest":15,"values":{"Import":1.0}},{"src":9,"dest":11,"values":{"Parameter":1.0}},{"src":9,"dest":8,"values":{"Parameter":1.0,"Return":1.0}},{"src":9,"dest":6,"values":{"Parameter":1.0,"Return":1.0}},{"src":11,"dest":10,"values":{"Parameter":1.0}},{"src":12,"dest":7,"values":{"Parameter":1.0,"Import":1.0,"Return":1.0}},{"src":12,"dest":13,"values":{"Cast":1.0,"Contain":1.0,"Use":1.0}},{"src":12,"dest":6,"values":{"Implement":1.0,"Import":1.0}},{"src":13,"dest":7,"values":{"Implement":1.0,"Import":1.0}},{"src":14,"dest":8,"values":{"Implement":1.0,"Import":1.0}},{"src":14,"dest":15,"values":{"Parameter":2.0,"Use":2.0}},{"src":15,"dest":11,"values":{"Call":1.0,"Parameter":6.0,"Import":1.0,"Contain":1.0,"Use":5.0}},{"src":15,"dest":14,"values":{"Cast":1.0,"Contain":1.0,"Use":1.0}},{"src":15,"dest":8,"values":{"Parameter":1.0,"Import":1.0,"Return":1.0}},{"src":15,"dest":17,"values":{"Use":1.0}},{"src":15,"dest":12,"values":{"Cast":1.0,"Contain":1.0,"Use":1.0}},{"src":15,"dest":9,"values":{"Implement":1.0,"Import":1.0}},{"src":15,"dest":6,"values":{"Parameter":1.0,"Import":1.0,"Return":1.0}},{"src":16,"dest":10,"values":{"Implement":1.0,"Import":1.0}},{"src":17,"dest":11,"values":{"Implement":1.0,"Import":1.0}},{"src":17,"dest":10,"values":{"Parameter":3.0,"Import":1.0,"Contain":1.0,"Use":2.0}},{"src":17,"dest":15,"values":{"Use":1.0}},{"src":17,"dest":9,"values":{"Parameter":2.0,"Import":1.0,"Use":2.0}},{"src":17,"dest":16,"values":{"Use":1.0}}],"relationTypes":["Import","Return","Call","Contain","Create","Parameter","Use","Implement","Cast"]}