{"name":"fg_186.json","variables":["femr/business/services/core/IInventoryService.java","femr/business/services/core/IMedicationService.java","femr/business/services/core/ISearchService.java","femr/business/services/core/ISessionService.java","femr/business/services/core/IUserService.java","femr/common/dtos/CurrentUser.java","femr/common/dtos/ServiceResponse.java","femr/common/models/CityItem.java","femr/common/models/MedicationAdministrationItem.java","femr/common/models/MedicationItem.java","femr/common/models/MissionTripItem.java","femr/common/models/PatientItem.java","femr/common/models/PrescriptionItem.java","femr/common/models/UserItem.java","femr/data/models/core/IRole.java","femr/data/models/core/IUser.java","femr/data/models/mysql/Roles.java","femr/ui/controllers/SearchController.java","femr/ui/helpers/security/AllowedRoles.java","femr/ui/helpers/security/AllowedRolesAction.java","femr/ui/helpers/security/FEMRAuthenticated.java","femr/ui/models/search/json/CitySearch.java","femr/ui/models/search/json/PatientSearch.java"],"cells":[{"src":0,"dest":6,"values":{"Import":1.0,"Return":10.0}},{"src":0,"dest":9,"values":{"Import":1.0}},{"src":1,"dest":12,"values":{"Import":1.0}},{"src":1,"dest":6,"values":{"Import":1.0,"Return":9.0}},{"src":1,"dest":8,"values":{"Import":1.0}},{"src":1,"dest":9,"values":{"Import":1.0}},{"src":2,"dest":6,"values":{"Import":1.0,"Return":14.0}},{"src":3,"dest":6,"values":{"Import":1.0,"Return":1.0}},{"src":3,"dest":5,"values":{"Import":1.0,"Return":1.0}},{"src":4,"dest":13,"values":{"Parameter":2.0,"Import":1.0}},{"src":4,"dest":15,"values":{"Parameter":1.0,"Import":1.0,"Return":2.0}},{"src":4,"dest":6,"values":{"Import":1.0,"Return":8.0}},{"src":4,"dest":14,"values":{"Import":1.0}},{"src":5,"dest":14,"values":{"Parameter":2.0,"Import":1.0,"Use":2.0}},{"src":6,"dest":10,"values":{"Import":1.0}},{"src":12,"dest":9,"values":{"Call":1.0,"Parameter":3.0,"Return":1.0,"Contain":1.0,"Use":3.0}},{"src":15,"dest":14,"values":{"Parameter":1.0}},{"src":17,"dest":11,"values":{"Call":13.0,"Parameter":15.0,"Import":1.0,"Contain":2.0,"Use":15.0}},{"src":17,"dest":1,"values":{"Call":2.0,"Parameter":1.0,"Import":1.0,"Contain":1.0,"Use":1.0}},{"src":17,"dest":22,"values":{"Call":7.0,"Import":1.0,"Use":4.0,"Create":1.0,"Parameter":3.0,"Contain":1.0}},{"src":17,"dest":0,"values":{"Parameter":1.0,"Import":1.0,"Contain":1.0,"Use":1.0}},{"src":17,"dest":20,"values":{"Use":1.0,"Import":1.0}},{"src":17,"dest":6,"values":{"Call":14.0,"Import":1.0,"Contain":7.0}},{"src":17,"dest":3,"values":{"Call":2.0,"Parameter":1.0,"Import":1.0,"Contain":1.0,"Use":1.0}},{"src":17,"dest":7,"values":{"Call":1.0,"Parameter":6.0,"Import":1.0,"Contain":1.0,"Use":6.0}},{"src":17,"dest":18,"values":{"Annotation":1.0,"Import":1.0}},{"src":17,"dest":5,"values":{"Call":2.0,"Import":1.0,"Contain":2.0}},{"src":17,"dest":16,"values":{"Use":6.0,"Import":1.0}},{"src":17,"dest":21,"values":{"Call":2.0,"Import":1.0,"Use":4.0,"Create":1.0,"Parameter":3.0,"Contain":1.0}},{"src":17,"dest":8,"values":{"Parameter":3.0,"Import":1.0,"Use":3.0}},{"src":17,"dest":2,"values":{"Call":5.0,"Parameter":1.0,"Import":1.0,"Contain":1.0,"Use":1.0}},{"src":18,"dest":19,"values":{"Use":1.0}},{"src":19,"dest":14,"values":{"Call":1.0,"Parameter":3.0,"Import":1.0,"Contain":1.0,"Use":3.0}},{"src":19,"dest":4,"values":{"Call":1.0,"Parameter":1.0,"Import":1.0,"Contain":1.0,"Use":1.0}}],"relationTypes":["Import","Return","Parameter","Use","Call","Contain","Create","Annotation"]}