{"name":"fg_112.json","variables":["femr/business/helpers/QueryProvider.java","femr/business/services/core/ITabService.java","femr/business/services/system/TabService.java","femr/common/IItemModelMapper.java","femr/common/dtos/ServiceResponse.java","femr/common/models/CityItem.java","femr/common/models/MedicationAdministrationItem.java","femr/common/models/MedicationItem.java","femr/common/models/MissionItem.java","femr/common/models/MissionTripItem.java","femr/common/models/NoteItem.java","femr/common/models/PatientEncounterItem.java","femr/common/models/PatientItem.java","femr/common/models/PhotoItem.java","femr/common/models/PrescriptionItem.java","femr/common/models/ProblemItem.java","femr/common/models/SettingItem.java","femr/common/models/TabFieldItem.java","femr/common/models/TabItem.java","femr/common/models/TeamItem.java","femr/common/models/TripItem.java","femr/common/models/UserItem.java","femr/common/models/VitalItem.java","femr/data/IDataModelMapper.java","femr/data/daos/IRepository.java","femr/data/models/core/IChiefComplaint.java","femr/data/models/core/IConceptMedicationForm.java","femr/data/models/core/IConceptMedicationUnit.java","femr/data/models/core/IConceptPrescriptionAdministration.java","femr/data/models/core/IMedication.java","femr/data/models/core/IMedicationGeneric.java","femr/data/models/core/IMedicationGenericStrength.java","femr/data/models/core/IMedicationInventory.java","femr/data/models/core/IMissionCity.java","femr/data/models/core/IMissionCountry.java","femr/data/models/core/IMissionTeam.java","femr/data/models/core/IMissionTrip.java","femr/data/models/core/IPatient.java","femr/data/models/core/IPatientAgeClassification.java","femr/data/models/core/IPatientEncounter.java","femr/data/models/core/IPatientEncounterPhoto.java","femr/data/models/core/IPatientEncounterTabField.java","femr/data/models/core/IPatientEncounterVital.java","femr/data/models/core/IPatientPrescription.java","femr/data/models/core/IPatientPrescriptionReplacement.java","femr/data/models/core/IPatientPrescriptionReplacementReason.java","femr/data/models/core/IPhoto.java","femr/data/models/core/IRole.java","femr/data/models/core/ISystemSetting.java","femr/data/models/core/ITab.java","femr/data/models/core/ITabField.java","femr/data/models/core/ITabFieldSize.java","femr/data/models/core/ITabFieldType.java","femr/data/models/core/IUser.java","femr/data/models/core/IVital.java","femr/data/models/core/research/IResearchEncounter.java","femr/data/models/core/research/IResearchEncounterVital.java","femr/data/models/mysql/ChiefComplaint.java","femr/data/models/mysql/Medication.java","femr/data/models/mysql/MedicationGeneric.java","femr/data/models/mysql/MedicationGenericStrength.java","femr/data/models/mysql/MedicationInventory.java","femr/data/models/mysql/MissionCity.java","femr/data/models/mysql/MissionCountry.java","femr/data/models/mysql/MissionTeam.java","femr/data/models/mysql/MissionTrip.java","femr/data/models/mysql/Patient.java","femr/data/models/mysql/PatientAgeClassification.java","femr/data/models/mysql/PatientEncounter.java","femr/data/models/mysql/PatientEncounterPhoto.java","femr/data/models/mysql/PatientEncounterTabField.java","femr/data/models/mysql/PatientEncounterVital.java","femr/data/models/mysql/PatientPrescription.java","femr/data/models/mysql/PatientPrescriptionReplacement.java","femr/data/models/mysql/PatientPrescriptionReplacementReason.java","femr/data/models/mysql/Photo.java","femr/data/models/mysql/Role.java","femr/data/models/mysql/SystemSetting.java","femr/data/models/mysql/Tab.java","femr/data/models/mysql/TabField.java","femr/data/models/mysql/TabFieldSize.java","femr/data/models/mysql/TabFieldType.java","femr/data/models/mysql/User.java","femr/data/models/mysql/Vital.java","femr/data/models/mysql/concepts/ConceptMedication.java","femr/data/models/mysql/concepts/ConceptMedicationForm.java","femr/data/models/mysql/concepts/ConceptMedicationGeneric.java","femr/data/models/mysql/concepts/ConceptMedicationGenericStrength.java","femr/data/models/mysql/concepts/ConceptMedicationUnit.java","femr/data/models/mysql/concepts/ConceptPrescriptionAdministration.java","femr/data/models/mysql/research/ResearchEncounter.java","femr/data/models/mysql/research/ResearchEncounterVital.java","femr/util/DataStructure/Mapping/AbstractMultiMap.java","femr/util/DataStructure/Mapping/TabFieldMultiMap.java","femr/util/calculations/dateUtils.java","femr/util/stringhelpers/StringUtils.java"],"cells":[{"src":0,"dest":70,"values":{"Use":1.0}},{"src":0,"dest":77,"values":{"Use":1.0}},{"src":0,"dest":72,"values":{"Use":1.0}},{"src":0,"dest":91,"values":{"Use":1.0,"Import":1.0}},{"src":0,"dest":85,"values":{"Use":1.0,"Import":1.0}},{"src":0,"dest":63,"values":{"Use":1.0}},{"src":0,"dest":82,"values":{"Use":1.0}},{"src":0,"dest":74,"values":{"Use":1.0}},{"src":0,"dest":80,"values":{"Use":1.0}},{"src":0,"dest":79,"values":{"Use":1.0}},{"src":0,"dest":61,"values":{"Use":1.0}},{"src":0,"dest":83,"values":{"Use":1.0}},{"src":0,"dest":75,"values":{"Use":1.0}},{"src":0,"dest":84,"values":{"Use":1.0,"Import":1.0}},{"src":0,"dest":59,"values":{"Use":1.0}},{"src":0,"dest":68,"values":{"Use":1.0}},{"src":0,"dest":90,"values":{"Use":1.0,"Import":1.0}},{"src":0,"dest":78,"values":{"Use":1.0}},{"src":0,"dest":58,"values":{"Use":1.0}},{"src":0,"dest":67,"values":{"Use":1.0}},{"src":0,"dest":64,"values":{"Use":1.0}},{"src":0,"dest":88,"values":{"Use":1.0,"Import":1.0}},{"src":0,"dest":71,"values":{"Use":1.0}},{"src":0,"dest":73,"values":{"Use":1.0}},{"src":0,"dest":66,"values":{"Use":1.0}},{"src":0,"dest":76,"values":{"Use":1.0}},{"src":0,"dest":57,"values":{"Use":1.0}},{"src":0,"dest":81,"values":{"Use":1.0}},{"src":0,"dest":65,"values":{"Use":1.0}},{"src":0,"dest":69,"values":{"Use":1.0}},{"src":0,"dest":62,"values":{"Use":1.0}},{"src":1,"dest":93,"values":{"Import":1.0}},{"src":1,"dest":4,"values":{"Import":1.0,"Return":16.0}},{"src":1,"dest":18,"values":{"Parameter":2.0,"Import":1.0}},{"src":1,"dest":17,"values":{"Parameter":2.0,"Import":1.0}},{"src":2,"dest":1,"values":{"Implement":1.0,"Import":1.0}},{"src":2,"dest":25,"values":{"Call":4.0,"Parameter":5.0,"Contain":2.0,"Use":5.0}},{"src":2,"dest":3,"values":{"Call":16.0,"Parameter":1.0,"Import":1.0,"Contain":1.0,"Use":1.0}},{"src":2,"dest":93,"values":{"Call":13.0,"Import":1.0,"Return":1.0,"Use":6.0,"Create":2.0,"Parameter":6.0,"Contain":3.0}},{"src":2,"dest":95,"values":{"Call":12.0,"Import":1.0,"Use":12.0}},{"src":2,"dest":4,"values":{"Call":63.0,"Import":1.0,"Return":16.0,"Contain":16.0,"Create":16.0}},{"src":2,"dest":70,"values":{"Parameter":6.0,"Use":6.0}},{"src":2,"dest":18,"values":{"Call":8.0,"Parameter":23.0,"Import":1.0,"Contain":2.0,"Use":21.0}},{"src":2,"dest":52,"values":{"Call":14.0,"Parameter":5.0,"Contain":3.0,"Use":5.0}},{"src":2,"dest":80,"values":{"Parameter":6.0,"Use":7.0}},{"src":2,"dest":24,"values":{"Call":28.0,"Parameter":6.0,"Import":1.0,"Contain":6.0,"Use":12.0}},{"src":2,"dest":51,"values":{"Call":8.0,"Parameter":5.0,"Contain":3.0,"Use":5.0}},{"src":2,"dest":79,"values":{"Parameter":15.0,"Use":17.0}},{"src":2,"dest":57,"values":{"Call":2.0,"Parameter":3.0,"Use":3.0}},{"src":2,"dest":81,"values":{"Parameter":6.0,"Use":7.0}},{"src":2,"dest":41,"values":{"Call":40.0,"Parameter":8.0,"Contain":2.0,"Use":8.0}},{"src":2,"dest":49,"values":{"Call":30.0,"Parameter":11.0,"Contain":9.0,"Use":11.0}},{"src":2,"dest":50,"values":{"Call":74.0,"Parameter":8.0,"Contain":6.0,"Use":8.0}},{"src":2,"dest":78,"values":{"Parameter":24.0,"Use":24.0}},{"src":2,"dest":23,"values":{"Call":2.0,"Parameter":1.0,"Import":1.0,"Contain":1.0,"Use":1.0}},{"src":2,"dest":94,"values":{"Call":1.0,"Import":1.0,"Use":1.0}},{"src":2,"dest":0,"values":{"Call":20.0,"Import":1.0,"Use":20.0}},{"src":2,"dest":17,"values":{"Call":18.0,"Parameter":17.0,"Import":1.0,"Contain":3.0,"Use":15.0}},{"src":3,"dest":12,"values":{"Return":1.0}},{"src":3,"dest":9,"values":{"Return":1.0}},{"src":3,"dest":5,"values":{"Return":1.0}},{"src":3,"dest":18,"values":{"Return":1.0}},{"src":3,"dest":13,"values":{"Return":1.0}},{"src":3,"dest":29,"values":{"Parameter":1.0}},{"src":3,"dest":7,"values":{"Parameter":2.0,"Return":1.0}},{"src":3,"dest":61,"values":{"Import":1.0}},{"src":3,"dest":11,"values":{"Return":1.0}},{"src":3,"dest":10,"values":{"Return":1.0}},{"src":3,"dest":28,"values":{"Parameter":3.0}},{"src":3,"dest":36,"values":{"Parameter":1.0}},{"src":3,"dest":35,"values":{"Parameter":1.0}},{"src":3,"dest":20,"values":{"Return":1.0}},{"src":3,"dest":14,"values":{"Return":2.0}},{"src":3,"dest":21,"values":{"Return":1.0}},{"src":3,"dest":53,"values":{"Parameter":1.0}},{"src":3,"dest":15,"values":{"Return":1.0}},{"src":3,"dest":8,"values":{"Return":1.0}},{"src":3,"dest":16,"values":{"Return":1.0}},{"src":3,"dest":22,"values":{"Return":1.0}},{"src":3,"dest":6,"values":{"Return":1.0}},{"src":3,"dest":19,"values":{"Return":1.0}},{"src":3,"dest":17,"values":{"Return":2.0}},{"src":3,"dest":39,"values":{"Parameter":1.0}},{"src":4,"dest":9,"values":{"Import":1.0}},{"src":8,"dest":9,"values":{"Parameter":3.0,"Use":2.0}},{"src":11,"dest":12,"values":{"Parameter":1.0,"Return":1.0,"Contain":1.0,"Use":1.0}},{"src":14,"dest":7,"values":{"Call":1.0,"Parameter":3.0,"Return":1.0,"Contain":1.0,"Use":3.0}},{"src":18,"dest":17,"values":{"Call":1.0,"Parameter":2.0,"Return":1.0,"Contain":1.0,"Use":2.0}},{"src":23,"dest":25,"values":{"Return":1.0}},{"src":23,"dest":44,"values":{"Return":1.0}},{"src":23,"dest":35,"values":{"Parameter":1.0,"Return":1.0}},{"src":23,"dest":46,"values":{"Return":1.0}},{"src":23,"dest":47,"values":{"Return":1.0}},{"src":23,"dest":42,"values":{"Return":1.0}},{"src":23,"dest":30,"values":{"Parameter":1.0,"Return":1.0}},{"src":23,"dest":29,"values":{"Return":2.0}},{"src":23,"dest":33,"values":{"Parameter":1.0,"Return":1.0}},{"src":23,"dest":53,"values":{"Return":2.0}},{"src":23,"dest":32,"values":{"Return":1.0}},{"src":23,"dest":37,"values":{"Return":1.0}},{"src":23,"dest":34,"values":{"Parameter":1.0}},{"src":23,"dest":31,"values":{"Return":1.0}},{"src":23,"dest":43,"values":{"Return":1.0}},{"src":23,"dest":41,"values":{"Return":1.0}},{"src":23,"dest":49,"values":{"Return":1.0}},{"src":23,"dest":50,"values":{"Return":1.0}},{"src":23,"dest":36,"values":{"Return":1.0}},{"src":23,"dest":26,"values":{"Parameter":1.0,"Return":1.0}},{"src":25,"dest":39,"values":{"Parameter":1.0,"Return":1.0}},{"src":29,"dest":61,"values":{"Import":1.0}},{"src":29,"dest":26,"values":{"Parameter":1.0,"Return":1.0}},{"src":31,"dest":27,"values":{"Parameter":1.0,"Return":1.0}},{"src":31,"dest":30,"values":{"Parameter":1.0,"Return":1.0}},{"src":32,"dest":29,"values":{"Parameter":1.0,"Return":1.0}},{"src":32,"dest":36,"values":{"Parameter":1.0,"Return":1.0}},{"src":33,"dest":34,"values":{"Parameter":1.0,"Return":1.0}},{"src":35,"dest":65,"values":{"Import":1.0}},{"src":36,"dest":53,"values":{"Parameter":1.0}},{"src":36,"dest":35,"values":{"Parameter":1.0,"Return":1.0}},{"src":36,"dest":33,"values":{"Parameter":1.0,"Return":1.0}},{"src":37,"dest":68,"values":{"Import":1.0}},{"src":37,"dest":46,"values":{"Parameter":1.0,"Return":1.0}},{"src":39,"dest":53,"values":{"Parameter":4.0,"Return":4.0}},{"src":39,"dest":38,"values":{"Parameter":1.0,"Return":1.0}},{"src":39,"dest":37,"values":{"Parameter":1.0,"Return":1.0}},{"src":39,"dest":36,"values":{"Parameter":1.0,"Return":1.0}},{"src":41,"dest":25,"values":{"Parameter":1.0}},{"src":41,"dest":57,"values":{"Import":1.0,"Return":1.0}},{"src":41,"dest":50,"values":{"Parameter":1.0,"Return":1.0}},{"src":41,"dest":82,"values":{"Parameter":1.0,"Import":1.0}},{"src":42,"dest":54,"values":{"Parameter":1.0,"Return":1.0}},{"src":43,"dest":53,"values":{"Parameter":1.0,"Return":1.0}},{"src":43,"dest":73,"values":{"Import":1.0}},{"src":43,"dest":28,"values":{"Parameter":1.0,"Return":1.0}},{"src":43,"dest":29,"values":{"Parameter":1.0,"Return":1.0}},{"src":43,"dest":39,"values":{"Parameter":1.0,"Return":1.0}},{"src":44,"dest":43,"values":{"Parameter":2.0,"Return":2.0}},{"src":44,"dest":45,"values":{"Parameter":1.0,"Return":1.0}},{"src":49,"dest":79,"values":{"Import":1.0}},{"src":50,"dest":49,"values":{"Parameter":1.0,"Return":1.0}},{"src":50,"dest":52,"values":{"Parameter":1.0,"Return":1.0}},{"src":50,"dest":51,"values":{"Parameter":1.0,"Return":1.0}},{"src":53,"dest":47,"values":{"Parameter":1.0}},{"src":55,"dest":53,"values":{"Parameter":3.0,"Return":3.0}},{"src":55,"dest":38,"values":{"Parameter":1.0,"Return":1.0}},{"src":55,"dest":37,"values":{"Parameter":1.0,"Return":1.0}},{"src":55,"dest":72,"values":{"Import":1.0}},{"src":55,"dest":91,"values":{"Import":1.0}},{"src":55,"dest":36,"values":{"Parameter":1.0,"Return":1.0}},{"src":56,"dest":68,"values":{"Import":1.0}},{"src":56,"dest":90,"values":{"Parameter":1.0,"Import":1.0,"Return":1.0}},{"src":56,"dest":54,"values":{"Parameter":1.0,"Import":1.0,"Return":1.0}},{"src":57,"dest":25,"values":{"Implement":1.0,"Import":1.0}},{"src":57,"dest":68,"values":{"Cast":1.0,"Contain":1.0,"Use":1.0}},{"src":57,"dest":39,"values":{"Parameter":1.0,"Import":1.0,"Return":1.0}},{"src":58,"dest":31,"values":{"Parameter":2.0,"Import":1.0,"Use":2.0}},{"src":58,"dest":85,"values":{"Cast":1.0,"Import":1.0,"Contain":1.0,"Use":1.0}},{"src":58,"dest":29,"values":{"Implement":1.0,"Import":1.0}},{"src":58,"dest":60,"values":{"Use":1.0}},{"src":58,"dest":26,"values":{"Parameter":1.0,"Import":1.0,"Return":1.0}},{"src":58,"dest":61,"values":{"Parameter":2.0,"Use":2.0}},{"src":59,"dest":30,"values":{"Implement":1.0,"Import":1.0}},{"src":60,"dest":27,"values":{"Parameter":1.0,"Import":1.0,"Return":1.0}},{"src":60,"dest":31,"values":{"Implement":1.0,"Import":1.0}},{"src":60,"dest":59,"values":{"Cast":1.0,"Contain":1.0,"Use":1.0}},{"src":60,"dest":88,"values":{"Cast":1.0,"Import":1.0,"Contain":1.0,"Use":1.0}},{"src":60,"dest":30,"values":{"Parameter":1.0,"Import":1.0,"Return":1.0}},{"src":61,"dest":32,"values":{"Implement":1.0,"Import":1.0}},{"src":61,"dest":58,"values":{"Cast":1.0,"Contain":1.0,"Use":1.0}},{"src":61,"dest":65,"values":{"Cast":1.0,"Contain":1.0,"Use":1.0}},{"src":61,"dest":29,"values":{"Parameter":1.0,"Import":1.0,"Return":1.0}},{"src":61,"dest":36,"values":{"Parameter":1.0,"Import":1.0,"Return":1.0}},{"src":62,"dest":34,"values":{"Parameter":1.0,"Import":1.0,"Return":1.0}},{"src":62,"dest":63,"values":{"Cast":1.0,"Contain":1.0,"Use":1.0}},{"src":62,"dest":33,"values":{"Implement":1.0,"Import":1.0}},{"src":63,"dest":34,"values":{"Implement":1.0,"Import":1.0}},{"src":64,"dest":35,"values":{"Implement":1.0,"Import":1.0}},{"src":64,"dest":65,"values":{"Parameter":2.0,"Use":2.0}},{"src":65,"dest":53,"values":{"Call":1.0,"Parameter":6.0,"Import":1.0,"Contain":1.0,"Use":5.0}},{"src":65,"dest":64,"values":{"Cast":1.0,"Contain":1.0,"Use":1.0}},{"src":65,"dest":35,"values":{"Parameter":1.0,"Import":1.0,"Return":1.0}},{"src":65,"dest":82,"values":{"Use":1.0}},{"src":65,"dest":62,"values":{"Cast":1.0,"Contain":1.0,"Use":1.0}},{"src":65,"dest":36,"values":{"Implement":1.0,"Import":1.0}},{"src":65,"dest":33,"values":{"Parameter":1.0,"Import":1.0,"Return":1.0}},{"src":66,"dest":75,"values":{"Cast":1.0,"Contain":1.0,"Use":1.0}},{"src":66,"dest":37,"values":{"Implement":1.0,"Import":1.0}},{"src":66,"dest":68,"values":{"Parameter":2.0,"Use":2.0}},{"src":66,"dest":46,"values":{"Parameter":1.0,"Import":1.0,"Return":1.0}},{"src":67,"dest":38,"values":{"Implement":1.0,"Import":1.0}},{"src":68,"dest":25,"values":{"Parameter":3.0,"Contain":1.0,"Use":3.0}},{"src":68,"dest":53,"values":{"Parameter":4.0,"Return":4.0}},{"src":68,"dest":57,"values":{"Cast":1.0,"Parameter":2.0,"Contain":1.0,"Use":2.0}},{"src":68,"dest":38,"values":{"Parameter":1.0,"Return":1.0}},{"src":68,"dest":37,"values":{"Parameter":1.0,"Return":1.0}},{"src":68,"dest":67,"values":{"Cast":1.0,"Contain":1.0,"Use":1.0}},{"src":68,"dest":65,"values":{"Cast":1.0,"Contain":1.0,"Use":1.0}},{"src":68,"dest":66,"values":{"Cast":1.0,"Contain":1.0,"Use":1.0}},{"src":68,"dest":82,"values":{"Cast":4.0,"Contain":4.0,"Use":4.0}},{"src":68,"dest":36,"values":{"Parameter":1.0,"Return":1.0}},{"src":68,"dest":39,"values":{"Implement":1.0}},{"src":69,"dest":40,"values":{"Implement":1.0,"Import":1.0}},{"src":70,"dest":25,"values":{"Parameter":1.0,"Import":1.0}},{"src":70,"dest":57,"values":{"Cast":1.0,"Return":1.0,"Contain":1.0,"Use":1.0}},{"src":70,"dest":41,"values":{"Implement":1.0,"Import":1.0}},{"src":70,"dest":50,"values":{"Parameter":1.0,"Import":1.0,"Return":1.0}},{"src":70,"dest":82,"values":{"Call":2.0,"Parameter":1.0,"Contain":1.0,"Use":1.0}},{"src":70,"dest":79,"values":{"Cast":1.0,"Contain":1.0,"Use":1.0}},{"src":71,"dest":42,"values":{"Implement":1.0,"Import":1.0}},{"src":71,"dest":83,"values":{"Cast":1.0,"Contain":1.0,"Use":1.0}},{"src":71,"dest":54,"values":{"Parameter":1.0,"Import":1.0,"Return":1.0}},{"src":72,"dest":53,"values":{"Parameter":1.0,"Return":1.0}},{"src":72,"dest":58,"values":{"Cast":1.0,"Contain":1.0,"Use":1.0}},{"src":72,"dest":43,"values":{"Implement":1.0}},{"src":72,"dest":68,"values":{"Cast":1.0,"Contain":1.0,"Use":1.0}},{"src":72,"dest":89,"values":{"Cast":1.0,"Import":1.0,"Contain":1.0,"Use":1.0}},{"src":72,"dest":73,"values":{"Parameter":2.0,"Use":2.0}},{"src":72,"dest":28,"values":{"Parameter":1.0,"Return":1.0}},{"src":72,"dest":82,"values":{"Cast":1.0,"Contain":1.0,"Use":1.0}},{"src":72,"dest":29,"values":{"Parameter":1.0,"Return":1.0}},{"src":72,"dest":39,"values":{"Parameter":1.0,"Return":1.0}},{"src":73,"dest":44,"values":{"Implement":1.0,"Import":1.0}},{"src":73,"dest":43,"values":{"Parameter":2.0,"Import":1.0,"Return":2.0}},{"src":73,"dest":72,"values":{"Cast":2.0,"Contain":2.0,"Use":2.0}},{"src":73,"dest":74,"values":{"Cast":1.0,"Contain":1.0,"Use":1.0}},{"src":73,"dest":45,"values":{"Parameter":1.0,"Import":1.0,"Return":1.0}},{"src":74,"dest":45,"values":{"Implement":1.0,"Import":1.0}},{"src":75,"dest":46,"values":{"Implement":1.0,"Import":1.0}},{"src":76,"dest":47,"values":{"Implement":1.0,"Import":1.0}},{"src":77,"dest":48,"values":{"Implement":1.0,"Import":1.0}},{"src":78,"dest":49,"values":{"Implement":1.0,"Import":1.0}},{"src":78,"dest":79,"values":{"Parameter":2.0,"Use":2.0}},{"src":79,"dest":81,"values":{"Cast":1.0,"Contain":1.0,"Use":1.0}},{"src":79,"dest":50,"values":{"Implement":1.0,"Import":1.0}},{"src":79,"dest":49,"values":{"Parameter":1.0,"Import":1.0,"Return":1.0}},{"src":79,"dest":52,"values":{"Parameter":1.0,"Import":1.0,"Return":1.0}},{"src":79,"dest":80,"values":{"Cast":1.0,"Contain":1.0,"Use":1.0}},{"src":79,"dest":78,"values":{"Cast":1.0,"Contain":1.0,"Use":1.0}},{"src":79,"dest":51,"values":{"Parameter":1.0,"Import":1.0,"Return":1.0}},{"src":80,"dest":51,"values":{"Implement":1.0,"Import":1.0}},{"src":81,"dest":52,"values":{"Implement":1.0,"Import":1.0}},{"src":82,"dest":53,"values":{"Implement":1.0,"Import":1.0}},{"src":82,"dest":47,"values":{"Parameter":3.0,"Import":1.0,"Contain":1.0,"Use":2.0}},{"src":82,"dest":65,"values":{"Use":1.0}},{"src":82,"dest":36,"values":{"Parameter":2.0,"Import":1.0,"Use":2.0}},{"src":82,"dest":76,"values":{"Use":1.0}},{"src":83,"dest":54,"values":{"Implement":1.0,"Import":1.0}},{"src":84,"dest":31,"values":{"Parameter":2.0,"Import":1.0,"Use":2.0}},{"src":84,"dest":85,"values":{"Cast":1.0,"Contain":1.0,"Use":1.0}},{"src":84,"dest":29,"values":{"Implement":1.0,"Import":1.0}},{"src":84,"dest":61,"values":{"Import":1.0}},{"src":84,"dest":26,"values":{"Parameter":1.0,"Import":1.0,"Return":1.0}},{"src":84,"dest":87,"values":{"Use":1.0}},{"src":85,"dest":26,"values":{"Implement":1.0,"Import":1.0}},{"src":86,"dest":30,"values":{"Implement":1.0,"Import":1.0}},{"src":87,"dest":27,"values":{"Parameter":1.0,"Import":1.0,"Return":1.0}},{"src":87,"dest":31,"values":{"Implement":1.0,"Import":1.0}},{"src":87,"dest":88,"values":{"Cast":1.0,"Contain":1.0,"Use":1.0}},{"src":87,"dest":86,"values":{"Cast":1.0,"Contain":1.0,"Use":1.0}},{"src":87,"dest":30,"values":{"Parameter":1.0,"Import":1.0,"Return":1.0}},{"src":88,"dest":27,"values":{"Implement":1.0,"Import":1.0}},{"src":89,"dest":28,"values":{"Implement":1.0,"Import":1.0}},{"src":90,"dest":25,"values":{"Parameter":3.0,"Contain":1.0,"Use":3.0}},{"src":90,"dest":38,"values":{"Parameter":1.0,"Return":1.0}},{"src":90,"dest":67,"values":{"Cast":1.0,"Contain":1.0,"Use":1.0}},{"src":90,"dest":55,"values":{"Implement":1.0,"Import":1.0}},{"src":90,"dest":72,"values":{"Parameter":2.0,"Use":2.0}},{"src":90,"dest":91,"values":{"Parameter":2.0,"Use":2.0}},{"src":90,"dest":66,"values":{"Cast":1.0,"Contain":1.0,"Use":1.0}},{"src":90,"dest":82,"values":{"Cast":3.0,"Contain":3.0,"Use":3.0}},{"src":90,"dest":53,"values":{"Parameter":3.0,"Return":3.0}},{"src":90,"dest":57,"values":{"Cast":1.0,"Parameter":2.0,"Contain":1.0,"Use":2.0}},{"src":90,"dest":37,"values":{"Parameter":1.0,"Return":1.0}},{"src":90,"dest":65,"values":{"Cast":1.0,"Contain":1.0,"Use":1.0}},{"src":90,"dest":36,"values":{"Parameter":1.0,"Return":1.0}},{"src":91,"dest":68,"values":{"Import":1.0}},{"src":91,"dest":56,"values":{"Implement":1.0,"Import":1.0}},{"src":91,"dest":90,"values":{"Parameter":1.0,"Return":1.0,"Contain":1.0,"Use":1.0}},{"src":91,"dest":83,"values":{"Cast":1.0,"Import":1.0,"Contain":1.0,"Use":1.0}},{"src":91,"dest":54,"values":{"Parameter":1.0,"Import":1.0,"Return":1.0}},{"src":92,"dest":95,"values":{"Call":1.0,"Import":1.0,"Use":1.0}},{"src":93,"dest":95,"values":{"Call":4.0,"Import":1.0,"Use":4.0}},{"src":93,"dest":92,"values":{"Call":3.0,"Extend":1.0,"Use":8.0}},{"src":93,"dest":17,"values":{"Cast":5.0,"Call":4.0,"Import":1.0,"Return":2.0,"Use":4.0,"Contain":2.0}},{"src":94,"dest":11,"values":{"Call":4.0,"Parameter":1.0,"Import":1.0}},{"src":95,"dest":94,"values":{"Call":2.0,"Import":1.0,"Use":2.0}}],"relationTypes":["Use","Import","Return","Parameter","Implement","Call","Contain","Create","Cast","Extend"]}