{"name":"fg_130.json","variables":["femr/business/helpers/QueryProvider.java","femr/data/IDataModelMapper.java","femr/data/daos/core/IPrescriptionRepository.java","femr/data/daos/system/PrescriptionRepository.java","femr/data/models/core/IChiefComplaint.java","femr/data/models/core/IConceptMedicationForm.java","femr/data/models/core/IConceptMedicationUnit.java","femr/data/models/core/IConceptPrescriptionAdministration.java","femr/data/models/core/IMedication.java","femr/data/models/core/IMedicationGeneric.java","femr/data/models/core/IMedicationGenericStrength.java","femr/data/models/core/IMedicationInventory.java","femr/data/models/core/IMissionCity.java","femr/data/models/core/IMissionCountry.java","femr/data/models/core/IMissionTeam.java","femr/data/models/core/IMissionTrip.java","femr/data/models/core/IPatient.java","femr/data/models/core/IPatientAgeClassification.java","femr/data/models/core/IPatientEncounter.java","femr/data/models/core/IPatientEncounterPhoto.java","femr/data/models/core/IPatientEncounterTabField.java","femr/data/models/core/IPatientEncounterVital.java","femr/data/models/core/IPatientPrescription.java","femr/data/models/core/IPatientPrescriptionReplacement.java","femr/data/models/core/IPatientPrescriptionReplacementReason.java","femr/data/models/core/IPhoto.java","femr/data/models/core/IRole.java","femr/data/models/core/ISystemSetting.java","femr/data/models/core/ITab.java","femr/data/models/core/ITabField.java","femr/data/models/core/ITabFieldSize.java","femr/data/models/core/ITabFieldType.java","femr/data/models/core/IUser.java","femr/data/models/core/IVital.java","femr/data/models/core/research/IResearchEncounter.java","femr/data/models/core/research/IResearchEncounterVital.java","femr/data/models/mysql/ChiefComplaint.java","femr/data/models/mysql/Medication.java","femr/data/models/mysql/MedicationGeneric.java","femr/data/models/mysql/MedicationGenericStrength.java","femr/data/models/mysql/MedicationInventory.java","femr/data/models/mysql/MissionCity.java","femr/data/models/mysql/MissionCountry.java","femr/data/models/mysql/MissionTeam.java","femr/data/models/mysql/MissionTrip.java","femr/data/models/mysql/Patient.java","femr/data/models/mysql/PatientAgeClassification.java","femr/data/models/mysql/PatientEncounter.java","femr/data/models/mysql/PatientEncounterPhoto.java","femr/data/models/mysql/PatientEncounterTabField.java","femr/data/models/mysql/PatientEncounterVital.java","femr/data/models/mysql/PatientPrescription.java","femr/data/models/mysql/PatientPrescriptionReplacement.java","femr/data/models/mysql/PatientPrescriptionReplacementReason.java","femr/data/models/mysql/Photo.java","femr/data/models/mysql/Role.java","femr/data/models/mysql/SystemSetting.java","femr/data/models/mysql/Tab.java","femr/data/models/mysql/TabField.java","femr/data/models/mysql/TabFieldSize.java","femr/data/models/mysql/TabFieldType.java","femr/data/models/mysql/User.java","femr/data/models/mysql/Vital.java","femr/data/models/mysql/concepts/ConceptMedication.java","femr/data/models/mysql/concepts/ConceptMedicationForm.java","femr/data/models/mysql/concepts/ConceptMedicationGeneric.java","femr/data/models/mysql/concepts/ConceptMedicationGenericStrength.java","femr/data/models/mysql/concepts/ConceptMedicationUnit.java","femr/data/models/mysql/concepts/ConceptPrescriptionAdministration.java","femr/data/models/mysql/research/ResearchEncounter.java","femr/data/models/mysql/research/ResearchEncounterVital.java"],"cells":[{"src":0,"dest":49,"values":{"Use":1.0}},{"src":0,"dest":56,"values":{"Use":1.0}},{"src":0,"dest":51,"values":{"Use":1.0}},{"src":0,"dest":70,"values":{"Use":1.0,"Import":1.0}},{"src":0,"dest":64,"values":{"Use":1.0,"Import":1.0}},{"src":0,"dest":42,"values":{"Use":1.0}},{"src":0,"dest":61,"values":{"Use":1.0}},{"src":0,"dest":53,"values":{"Use":1.0}},{"src":0,"dest":59,"values":{"Use":1.0}},{"src":0,"dest":58,"values":{"Use":1.0}},{"src":0,"dest":40,"values":{"Use":1.0}},{"src":0,"dest":62,"values":{"Use":1.0}},{"src":0,"dest":54,"values":{"Use":1.0}},{"src":0,"dest":63,"values":{"Use":1.0,"Import":1.0}},{"src":0,"dest":38,"values":{"Use":1.0}},{"src":0,"dest":47,"values":{"Use":1.0}},{"src":0,"dest":69,"values":{"Use":1.0,"Import":1.0}},{"src":0,"dest":57,"values":{"Use":1.0}},{"src":0,"dest":37,"values":{"Use":1.0}},{"src":0,"dest":46,"values":{"Use":1.0}},{"src":0,"dest":43,"values":{"Use":1.0}},{"src":0,"dest":67,"values":{"Use":1.0,"Import":1.0}},{"src":0,"dest":50,"values":{"Use":1.0}},{"src":0,"dest":52,"values":{"Use":1.0}},{"src":0,"dest":45,"values":{"Use":1.0}},{"src":0,"dest":55,"values":{"Use":1.0}},{"src":0,"dest":36,"values":{"Use":1.0}},{"src":0,"dest":60,"values":{"Use":1.0}},{"src":0,"dest":44,"values":{"Use":1.0}},{"src":0,"dest":48,"values":{"Use":1.0}},{"src":0,"dest":41,"values":{"Use":1.0}},{"src":1,"dest":4,"values":{"Return":1.0}},{"src":1,"dest":23,"values":{"Return":1.0}},{"src":1,"dest":14,"values":{"Parameter":1.0,"Return":1.0}},{"src":1,"dest":25,"values":{"Return":1.0}},{"src":1,"dest":26,"values":{"Return":1.0}},{"src":1,"dest":21,"values":{"Return":1.0}},{"src":1,"dest":9,"values":{"Parameter":1.0,"Return":1.0}},{"src":1,"dest":8,"values":{"Return":2.0}},{"src":1,"dest":12,"values":{"Parameter":1.0,"Return":1.0}},{"src":1,"dest":32,"values":{"Return":2.0}},{"src":1,"dest":11,"values":{"Return":1.0}},{"src":1,"dest":16,"values":{"Return":1.0}},{"src":1,"dest":13,"values":{"Parameter":1.0}},{"src":1,"dest":10,"values":{"Return":1.0}},{"src":1,"dest":22,"values":{"Return":1.0}},{"src":1,"dest":20,"values":{"Return":1.0}},{"src":1,"dest":28,"values":{"Return":1.0}},{"src":1,"dest":29,"values":{"Return":1.0}},{"src":1,"dest":15,"values":{"Return":1.0}},{"src":1,"dest":5,"values":{"Parameter":1.0,"Return":1.0}},{"src":2,"dest":23,"values":{"Import":1.0}},{"src":2,"dest":22,"values":{"Parameter":1.0,"Import":1.0,"Return":3.0}},{"src":2,"dest":7,"values":{"Import":1.0}},{"src":2,"dest":24,"values":{"Import":1.0,"Return":1.0}},{"src":3,"dest":2,"values":{"Implement":1.0,"Import":1.0}},{"src":3,"dest":23,"values":{"Import":1.0}},{"src":3,"dest":22,"values":{"Parameter":7.0,"Import":1.0,"Return":3.0,"Contain":2.0,"Use":7.0}},{"src":3,"dest":51,"values":{"Parameter":9.0,"Import":1.0,"Use":9.0}},{"src":3,"dest":68,"values":{"Use":1.0,"Import":1.0}},{"src":3,"dest":7,"values":{"Parameter":3.0,"Import":1.0,"Use":3.0}},{"src":3,"dest":53,"values":{"Parameter":3.0,"Import":1.0,"Use":3.0}},{"src":3,"dest":1,"values":{"Call":1.0,"Parameter":1.0,"Import":1.0,"Contain":1.0,"Use":1.0}},{"src":3,"dest":0,"values":{"Call":4.0,"Import":1.0,"Use":4.0}},{"src":3,"dest":24,"values":{"Import":1.0,"Return":1.0,"Contain":1.0}},{"src":4,"dest":18,"values":{"Parameter":1.0,"Return":1.0}},{"src":8,"dest":40,"values":{"Import":1.0}},{"src":8,"dest":5,"values":{"Parameter":1.0,"Return":1.0}},{"src":10,"dest":6,"values":{"Parameter":1.0,"Return":1.0}},{"src":10,"dest":9,"values":{"Parameter":1.0,"Return":1.0}},{"src":11,"dest":8,"values":{"Parameter":1.0,"Return":1.0}},{"src":11,"dest":15,"values":{"Parameter":1.0,"Return":1.0}},{"src":12,"dest":13,"values":{"Parameter":1.0,"Return":1.0}},{"src":14,"dest":44,"values":{"Import":1.0}},{"src":15,"dest":32,"values":{"Parameter":1.0}},{"src":15,"dest":14,"values":{"Parameter":1.0,"Return":1.0}},{"src":15,"dest":12,"values":{"Parameter":1.0,"Return":1.0}},{"src":16,"dest":47,"values":{"Import":1.0}},{"src":16,"dest":25,"values":{"Parameter":1.0,"Return":1.0}},{"src":18,"dest":32,"values":{"Parameter":4.0,"Return":4.0}},{"src":18,"dest":17,"values":{"Parameter":1.0,"Return":1.0}},{"src":18,"dest":16,"values":{"Parameter":1.0,"Return":1.0}},{"src":18,"dest":15,"values":{"Parameter":1.0,"Return":1.0}},{"src":20,"dest":4,"values":{"Parameter":1.0}},{"src":20,"dest":36,"values":{"Import":1.0,"Return":1.0}},{"src":20,"dest":29,"values":{"Parameter":1.0,"Return":1.0}},{"src":20,"dest":61,"values":{"Parameter":1.0,"Import":1.0}},{"src":21,"dest":33,"values":{"Parameter":1.0,"Return":1.0}},{"src":22,"dest":32,"values":{"Parameter":1.0,"Return":1.0}},{"src":22,"dest":52,"values":{"Import":1.0}},{"src":22,"dest":7,"values":{"Parameter":1.0,"Return":1.0}},{"src":22,"dest":8,"values":{"Parameter":1.0,"Return":1.0}},{"src":22,"dest":18,"values":{"Parameter":1.0,"Return":1.0}},{"src":23,"dest":22,"values":{"Parameter":2.0,"Return":2.0}},{"src":23,"dest":24,"values":{"Parameter":1.0,"Return":1.0}},{"src":28,"dest":58,"values":{"Import":1.0}},{"src":29,"dest":28,"values":{"Parameter":1.0,"Return":1.0}},{"src":29,"dest":31,"values":{"Parameter":1.0,"Return":1.0}},{"src":29,"dest":30,"values":{"Parameter":1.0,"Return":1.0}},{"src":32,"dest":26,"values":{"Parameter":1.0}},{"src":34,"dest":32,"values":{"Parameter":3.0,"Return":3.0}},{"src":34,"dest":17,"values":{"Parameter":1.0,"Return":1.0}},{"src":34,"dest":16,"values":{"Parameter":1.0,"Return":1.0}},{"src":34,"dest":51,"values":{"Import":1.0}},{"src":34,"dest":70,"values":{"Import":1.0}},{"src":34,"dest":15,"values":{"Parameter":1.0,"Return":1.0}},{"src":35,"dest":47,"values":{"Import":1.0}},{"src":35,"dest":69,"values":{"Parameter":1.0,"Import":1.0,"Return":1.0}},{"src":35,"dest":33,"values":{"Parameter":1.0,"Import":1.0,"Return":1.0}},{"src":36,"dest":4,"values":{"Implement":1.0,"Import":1.0}},{"src":36,"dest":47,"values":{"Cast":1.0,"Contain":1.0,"Use":1.0}},{"src":36,"dest":18,"values":{"Parameter":1.0,"Import":1.0,"Return":1.0}},{"src":37,"dest":10,"values":{"Parameter":2.0,"Import":1.0,"Use":2.0}},{"src":37,"dest":64,"values":{"Cast":1.0,"Import":1.0,"Contain":1.0,"Use":1.0}},{"src":37,"dest":8,"values":{"Implement":1.0,"Import":1.0}},{"src":37,"dest":39,"values":{"Use":1.0}},{"src":37,"dest":5,"values":{"Parameter":1.0,"Import":1.0,"Return":1.0}},{"src":37,"dest":40,"values":{"Parameter":2.0,"Use":2.0}},{"src":38,"dest":9,"values":{"Implement":1.0,"Import":1.0}},{"src":39,"dest":6,"values":{"Parameter":1.0,"Import":1.0,"Return":1.0}},{"src":39,"dest":10,"values":{"Implement":1.0,"Import":1.0}},{"src":39,"dest":38,"values":{"Cast":1.0,"Contain":1.0,"Use":1.0}},{"src":39,"dest":67,"values":{"Cast":1.0,"Import":1.0,"Contain":1.0,"Use":1.0}},{"src":39,"dest":9,"values":{"Parameter":1.0,"Import":1.0,"Return":1.0}},{"src":40,"dest":11,"values":{"Implement":1.0,"Import":1.0}},{"src":40,"dest":37,"values":{"Cast":1.0,"Contain":1.0,"Use":1.0}},{"src":40,"dest":44,"values":{"Cast":1.0,"Contain":1.0,"Use":1.0}},{"src":40,"dest":8,"values":{"Parameter":1.0,"Import":1.0,"Return":1.0}},{"src":40,"dest":15,"values":{"Parameter":1.0,"Import":1.0,"Return":1.0}},{"src":41,"dest":13,"values":{"Parameter":1.0,"Import":1.0,"Return":1.0}},{"src":41,"dest":42,"values":{"Cast":1.0,"Contain":1.0,"Use":1.0}},{"src":41,"dest":12,"values":{"Implement":1.0,"Import":1.0}},{"src":42,"dest":13,"values":{"Implement":1.0,"Import":1.0}},{"src":43,"dest":14,"values":{"Implement":1.0,"Import":1.0}},{"src":43,"dest":44,"values":{"Parameter":2.0,"Use":2.0}},{"src":44,"dest":32,"values":{"Call":1.0,"Parameter":6.0,"Import":1.0,"Contain":1.0,"Use":5.0}},{"src":44,"dest":43,"values":{"Cast":1.0,"Contain":1.0,"Use":1.0}},{"src":44,"dest":14,"values":{"Parameter":1.0,"Import":1.0,"Return":1.0}},{"src":44,"dest":61,"values":{"Use":1.0}},{"src":44,"dest":41,"values":{"Cast":1.0,"Contain":1.0,"Use":1.0}},{"src":44,"dest":15,"values":{"Implement":1.0,"Import":1.0}},{"src":44,"dest":12,"values":{"Parameter":1.0,"Import":1.0,"Return":1.0}},{"src":45,"dest":54,"values":{"Cast":1.0,"Contain":1.0,"Use":1.0}},{"src":45,"dest":16,"values":{"Implement":1.0,"Import":1.0}},{"src":45,"dest":47,"values":{"Parameter":2.0,"Use":2.0}},{"src":45,"dest":25,"values":{"Parameter":1.0,"Import":1.0,"Return":1.0}},{"src":46,"dest":17,"values":{"Implement":1.0,"Import":1.0}},{"src":47,"dest":4,"values":{"Parameter":3.0,"Contain":1.0,"Use":3.0}},{"src":47,"dest":32,"values":{"Parameter":4.0,"Return":4.0}},{"src":47,"dest":36,"values":{"Cast":1.0,"Parameter":2.0,"Contain":1.0,"Use":2.0}},{"src":47,"dest":17,"values":{"Parameter":1.0,"Return":1.0}},{"src":47,"dest":16,"values":{"Parameter":1.0,"Return":1.0}},{"src":47,"dest":46,"values":{"Cast":1.0,"Contain":1.0,"Use":1.0}},{"src":47,"dest":44,"values":{"Cast":1.0,"Contain":1.0,"Use":1.0}},{"src":47,"dest":45,"values":{"Cast":1.0,"Contain":1.0,"Use":1.0}},{"src":47,"dest":61,"values":{"Cast":4.0,"Contain":4.0,"Use":4.0}},{"src":47,"dest":15,"values":{"Parameter":1.0,"Return":1.0}},{"src":47,"dest":18,"values":{"Implement":1.0}},{"src":48,"dest":19,"values":{"Implement":1.0,"Import":1.0}},{"src":49,"dest":4,"values":{"Parameter":1.0,"Import":1.0}},{"src":49,"dest":36,"values":{"Cast":1.0,"Return":1.0,"Contain":1.0,"Use":1.0}},{"src":49,"dest":20,"values":{"Implement":1.0,"Import":1.0}},{"src":49,"dest":29,"values":{"Parameter":1.0,"Import":1.0,"Return":1.0}},{"src":49,"dest":61,"values":{"Call":2.0,"Parameter":1.0,"Contain":1.0,"Use":1.0}},{"src":49,"dest":58,"values":{"Cast":1.0,"Contain":1.0,"Use":1.0}},{"src":50,"dest":21,"values":{"Implement":1.0,"Import":1.0}},{"src":50,"dest":62,"values":{"Cast":1.0,"Contain":1.0,"Use":1.0}},{"src":50,"dest":33,"values":{"Parameter":1.0,"Import":1.0,"Return":1.0}},{"src":51,"dest":32,"values":{"Parameter":1.0,"Return":1.0}},{"src":51,"dest":37,"values":{"Cast":1.0,"Contain":1.0,"Use":1.0}},{"src":51,"dest":22,"values":{"Implement":1.0}},{"src":51,"dest":47,"values":{"Cast":1.0,"Contain":1.0,"Use":1.0}},{"src":51,"dest":68,"values":{"Cast":1.0,"Import":1.0,"Contain":1.0,"Use":1.0}},{"src":51,"dest":52,"values":{"Parameter":2.0,"Use":2.0}},{"src":51,"dest":7,"values":{"Parameter":1.0,"Return":1.0}},{"src":51,"dest":61,"values":{"Cast":1.0,"Contain":1.0,"Use":1.0}},{"src":51,"dest":8,"values":{"Parameter":1.0,"Return":1.0}},{"src":51,"dest":18,"values":{"Parameter":1.0,"Return":1.0}},{"src":52,"dest":23,"values":{"Implement":1.0,"Import":1.0}},{"src":52,"dest":22,"values":{"Parameter":2.0,"Import":1.0,"Return":2.0}},{"src":52,"dest":51,"values":{"Cast":2.0,"Contain":2.0,"Use":2.0}},{"src":52,"dest":53,"values":{"Cast":1.0,"Contain":1.0,"Use":1.0}},{"src":52,"dest":24,"values":{"Parameter":1.0,"Import":1.0,"Return":1.0}},{"src":53,"dest":24,"values":{"Implement":1.0,"Import":1.0}},{"src":54,"dest":25,"values":{"Implement":1.0,"Import":1.0}},{"src":55,"dest":26,"values":{"Implement":1.0,"Import":1.0}},{"src":56,"dest":27,"values":{"Implement":1.0,"Import":1.0}},{"src":57,"dest":28,"values":{"Implement":1.0,"Import":1.0}},{"src":57,"dest":58,"values":{"Parameter":2.0,"Use":2.0}},{"src":58,"dest":60,"values":{"Cast":1.0,"Contain":1.0,"Use":1.0}},{"src":58,"dest":29,"values":{"Implement":1.0,"Import":1.0}},{"src":58,"dest":28,"values":{"Parameter":1.0,"Import":1.0,"Return":1.0}},{"src":58,"dest":31,"values":{"Parameter":1.0,"Import":1.0,"Return":1.0}},{"src":58,"dest":59,"values":{"Cast":1.0,"Contain":1.0,"Use":1.0}},{"src":58,"dest":57,"values":{"Cast":1.0,"Contain":1.0,"Use":1.0}},{"src":58,"dest":30,"values":{"Parameter":1.0,"Import":1.0,"Return":1.0}},{"src":59,"dest":30,"values":{"Implement":1.0,"Import":1.0}},{"src":60,"dest":31,"values":{"Implement":1.0,"Import":1.0}},{"src":61,"dest":32,"values":{"Implement":1.0,"Import":1.0}},{"src":61,"dest":26,"values":{"Parameter":3.0,"Import":1.0,"Contain":1.0,"Use":2.0}},{"src":61,"dest":44,"values":{"Use":1.0}},{"src":61,"dest":15,"values":{"Parameter":2.0,"Import":1.0,"Use":2.0}},{"src":61,"dest":55,"values":{"Use":1.0}},{"src":62,"dest":33,"values":{"Implement":1.0,"Import":1.0}},{"src":63,"dest":10,"values":{"Parameter":2.0,"Import":1.0,"Use":2.0}},{"src":63,"dest":64,"values":{"Cast":1.0,"Contain":1.0,"Use":1.0}},{"src":63,"dest":8,"values":{"Implement":1.0,"Import":1.0}},{"src":63,"dest":40,"values":{"Import":1.0}},{"src":63,"dest":5,"values":{"Parameter":1.0,"Import":1.0,"Return":1.0}},{"src":63,"dest":66,"values":{"Use":1.0}},{"src":64,"dest":5,"values":{"Implement":1.0,"Import":1.0}},{"src":65,"dest":9,"values":{"Implement":1.0,"Import":1.0}},{"src":66,"dest":6,"values":{"Parameter":1.0,"Import":1.0,"Return":1.0}},{"src":66,"dest":10,"values":{"Implement":1.0,"Import":1.0}},{"src":66,"dest":67,"values":{"Cast":1.0,"Contain":1.0,"Use":1.0}},{"src":66,"dest":65,"values":{"Cast":1.0,"Contain":1.0,"Use":1.0}},{"src":66,"dest":9,"values":{"Parameter":1.0,"Import":1.0,"Return":1.0}},{"src":67,"dest":6,"values":{"Implement":1.0,"Import":1.0}},{"src":68,"dest":7,"values":{"Implement":1.0,"Import":1.0}},{"src":69,"dest":4,"values":{"Parameter":3.0,"Contain":1.0,"Use":3.0}},{"src":69,"dest":17,"values":{"Parameter":1.0,"Return":1.0}},{"src":69,"dest":46,"values":{"Cast":1.0,"Contain":1.0,"Use":1.0}},{"src":69,"dest":34,"values":{"Implement":1.0,"Import":1.0}},{"src":69,"dest":51,"values":{"Parameter":2.0,"Use":2.0}},{"src":69,"dest":70,"values":{"Parameter":2.0,"Use":2.0}},{"src":69,"dest":45,"values":{"Cast":1.0,"Contain":1.0,"Use":1.0}},{"src":69,"dest":61,"values":{"Cast":3.0,"Contain":3.0,"Use":3.0}},{"src":69,"dest":32,"values":{"Parameter":3.0,"Return":3.0}},{"src":69,"dest":36,"values":{"Cast":1.0,"Parameter":2.0,"Contain":1.0,"Use":2.0}},{"src":69,"dest":16,"values":{"Parameter":1.0,"Return":1.0}},{"src":69,"dest":44,"values":{"Cast":1.0,"Contain":1.0,"Use":1.0}},{"src":69,"dest":15,"values":{"Parameter":1.0,"Return":1.0}},{"src":70,"dest":47,"values":{"Import":1.0}},{"src":70,"dest":35,"values":{"Implement":1.0,"Import":1.0}},{"src":70,"dest":69,"values":{"Parameter":1.0,"Return":1.0,"Contain":1.0,"Use":1.0}},{"src":70,"dest":62,"values":{"Cast":1.0,"Import":1.0,"Contain":1.0,"Use":1.0}},{"src":70,"dest":33,"values":{"Parameter":1.0,"Import":1.0,"Return":1.0}}],"relationTypes":["Use","Import","Return","Parameter","Implement","Contain","Call","Cast"]}