{"name":"fg_105.json","variables":["femr/common/models/PatientEncounterItem.java","femr/common/models/PatientItem.java","femr/common/models/VitalItem.java","femr/util/DataStructure/Mapping/AbstractMultiMap.java","femr/util/DataStructure/Mapping/VitalMultiMap.java","femr/util/calculations/LocaleUnitConverter.java","femr/util/calculations/dateUtils.java","femr/util/stringhelpers/StringUtils.java"],"cells":[{"src":0,"dest":1,"values":{"Parameter":1.0,"Return":1.0,"Contain":1.0,"Use":1.0}},{"src":3,"dest":7,"values":{"Call":1.0,"Import":1.0,"Use":1.0}},{"src":4,"dest":3,"values":{"Extend":1.0,"Use":5.0}},{"src":5,"dest":1,"values":{"Call":24.0,"Parameter":2.0,"Import":1.0,"Return":2.0}},{"src":5,"dest":4,"values":{"Call":8.0,"Parameter":1.0,"Import":1.0,"Return":1.0}},{"src":5,"dest":2,"values":{"Import":1.0}},{"src":5,"dest":3,"values":{"Call":9.0}},{"src":6,"dest":0,"values":{"Call":4.0,"Parameter":1.0,"Import":1.0}},{"src":7,"dest":6,"values":{"Call":2.0,"Import":1.0,"Use":2.0}}],"relationTypes":["Parameter","Return","Contain","Use","Call","Import","Extend"]}