{"name":"fg_175.json","variables":["femr/common/models/PatientItem.java","femr/common/models/SettingItem.java","femr/common/models/VitalItem.java","femr/ui/models/triage/IndexViewModelGet.java"],"cells":[{"src":3,"dest":0,"values":{"Parameter":1.0,"Import":1.0,"Return":1.0,"Contain":1.0,"Use":1.0}},{"src":3,"dest":1,"values":{"Parameter":1.0,"Import":1.0,"Return":1.0,"Contain":1.0,"Use":1.0}},{"src":3,"dest":2,"values":{"Parameter":2.0,"Import":1.0,"Use":2.0}}],"relationTypes":["Parameter","Import","Return","Contain","Use"]}