{"name":"fg_113.json","variables":["femr/business/helpers/QueryHelper.java","femr/business/helpers/QueryProvider.java","femr/business/services/core/IInventoryService.java","femr/business/services/core/ISearchService.java","femr/business/services/system/SearchService.java","femr/common/IItemModelMapper.java","femr/common/dtos/ServiceResponse.java","femr/common/models/CityItem.java","femr/common/models/MedicationAdministrationItem.java","femr/common/models/MedicationItem.java","femr/common/models/MissionItem.java","femr/common/models/MissionTripItem.java","femr/common/models/NoteItem.java","femr/common/models/PatientEncounterItem.java","femr/common/models/PatientItem.java","femr/common/models/PhotoItem.java","femr/common/models/PrescriptionItem.java","femr/common/models/ProblemItem.java","femr/common/models/SettingItem.java","femr/common/models/TabFieldItem.java","femr/common/models/TabItem.java","femr/common/models/TeamItem.java","femr/common/models/TripItem.java","femr/common/models/UserItem.java","femr/common/models/VitalItem.java","femr/data/daos/IRepository.java","femr/data/daos/core/IEncounterRepository.java","femr/data/daos/core/IPatientRepository.java","femr/data/daos/core/IPrescriptionRepository.java","femr/data/models/core/IChiefComplaint.java","femr/data/models/core/IConceptDiagnosis.java","femr/data/models/core/IConceptMedicationForm.java","femr/data/models/core/IConceptMedicationUnit.java","femr/data/models/core/IConceptPrescriptionAdministration.java","femr/data/models/core/IMedication.java","femr/data/models/core/IMedicationGeneric.java","femr/data/models/core/IMedicationGenericStrength.java","femr/data/models/core/IMedicationInventory.java","femr/data/models/core/IMissionCity.java","femr/data/models/core/IMissionCountry.java","femr/data/models/core/IMissionTeam.java","femr/data/models/core/IMissionTrip.java","femr/data/models/core/IPatient.java","femr/data/models/core/IPatientAgeClassification.java","femr/data/models/core/IPatientEncounter.java","femr/data/models/core/IPatientEncounterPhoto.java","femr/data/models/core/IPatientEncounterTabField.java","femr/data/models/core/IPatientEncounterVital.java","femr/data/models/core/IPatientPrescription.java","femr/data/models/core/IPatientPrescriptionReplacement.java","femr/data/models/core/IPatientPrescriptionReplacementReason.java","femr/data/models/core/IPhoto.java","femr/data/models/core/IRole.java","femr/data/models/core/ISystemSetting.java","femr/data/models/core/ITab.java","femr/data/models/core/ITabField.java","femr/data/models/core/ITabFieldSize.java","femr/data/models/core/ITabFieldType.java","femr/data/models/core/IUser.java","femr/data/models/core/IVital.java","femr/data/models/core/research/IResearchEncounter.java","femr/data/models/core/research/IResearchEncounterVital.java","femr/data/models/mysql/ChiefComplaint.java","femr/data/models/mysql/Medication.java","femr/data/models/mysql/MedicationGeneric.java","femr/data/models/mysql/MedicationGenericStrength.java","femr/data/models/mysql/MedicationInventory.java","femr/data/models/mysql/MissionCity.java","femr/data/models/mysql/MissionCountry.java","femr/data/models/mysql/MissionTeam.java","femr/data/models/mysql/MissionTrip.java","femr/data/models/mysql/Patient.java","femr/data/models/mysql/PatientAgeClassification.java","femr/data/models/mysql/PatientEncounter.java","femr/data/models/mysql/PatientEncounterPhoto.java","femr/data/models/mysql/PatientEncounterTabField.java","femr/data/models/mysql/PatientEncounterVital.java","femr/data/models/mysql/PatientPrescription.java","femr/data/models/mysql/PatientPrescriptionReplacement.java","femr/data/models/mysql/PatientPrescriptionReplacementReason.java","femr/data/models/mysql/Photo.java","femr/data/models/mysql/Role.java","femr/data/models/mysql/SystemSetting.java","femr/data/models/mysql/Tab.java","femr/data/models/mysql/TabField.java","femr/data/models/mysql/TabFieldSize.java","femr/data/models/mysql/TabFieldType.java","femr/data/models/mysql/User.java","femr/data/models/mysql/Vital.java","femr/data/models/mysql/concepts/ConceptDiagnosis.java","femr/data/models/mysql/concepts/ConceptMedication.java","femr/data/models/mysql/concepts/ConceptMedicationForm.java","femr/data/models/mysql/concepts/ConceptMedicationGeneric.java","femr/data/models/mysql/concepts/ConceptMedicationGenericStrength.java","femr/data/models/mysql/concepts/ConceptMedicationUnit.java","femr/data/models/mysql/concepts/ConceptPrescriptionAdministration.java","femr/data/models/mysql/research/ResearchEncounter.java","femr/data/models/mysql/research/ResearchEncounterVital.java","femr/util/DataStructure/Mapping/AbstractMultiMap.java","femr/util/DataStructure/Mapping/VitalMultiMap.java","femr/util/calculations/LocaleUnitConverter.java","femr/util/calculations/dateUtils.java","femr/util/stringhelpers/StringUtils.java"],"cells":[{"src":0,"dest":42,"values":{"Import":1.0}},{"src":0,"dest":76,"values":{"Parameter":21.0,"Import":1.0,"Use":21.0}},{"src":0,"dest":47,"values":{"Parameter":21.0,"Import":1.0,"Use":21.0}},{"src":0,"dest":71,"values":{"Import":1.0}},{"src":0,"dest":25,"values":{"Call":8.0,"Parameter":8.0,"Import":1.0}},{"src":0,"dest":67,"values":{"Use":1.0,"Import":1.0}},{"src":0,"dest":1,"values":{"Call":7.0,"Use":7.0}},{"src":0,"dest":38,"values":{"Import":1.0}},{"src":1,"dest":75,"values":{"Use":1.0}},{"src":1,"dest":82,"values":{"Use":1.0}},{"src":1,"dest":77,"values":{"Use":1.0}},{"src":1,"dest":97,"values":{"Use":1.0,"Import":1.0}},{"src":1,"dest":91,"values":{"Use":1.0,"Import":1.0}},{"src":1,"dest":68,"values":{"Use":1.0}},{"src":1,"dest":87,"values":{"Use":1.0}},{"src":1,"dest":79,"values":{"Use":1.0}},{"src":1,"dest":85,"values":{"Use":1.0}},{"src":1,"dest":84,"values":{"Use":1.0}},{"src":1,"dest":66,"values":{"Use":1.0}},{"src":1,"dest":88,"values":{"Use":1.0}},{"src":1,"dest":80,"values":{"Use":1.0}},{"src":1,"dest":90,"values":{"Use":1.0,"Import":1.0}},{"src":1,"dest":64,"values":{"Use":1.0}},{"src":1,"dest":73,"values":{"Use":1.0}},{"src":1,"dest":96,"values":{"Use":1.0,"Import":1.0}},{"src":1,"dest":83,"values":{"Use":1.0}},{"src":1,"dest":63,"values":{"Use":1.0}},{"src":1,"dest":72,"values":{"Use":1.0}},{"src":1,"dest":69,"values":{"Use":1.0}},{"src":1,"dest":94,"values":{"Use":1.0,"Import":1.0}},{"src":1,"dest":76,"values":{"Use":1.0}},{"src":1,"dest":78,"values":{"Use":1.0}},{"src":1,"dest":71,"values":{"Use":1.0}},{"src":1,"dest":81,"values":{"Use":1.0}},{"src":1,"dest":62,"values":{"Use":1.0}},{"src":1,"dest":86,"values":{"Use":1.0}},{"src":1,"dest":70,"values":{"Use":1.0}},{"src":1,"dest":74,"values":{"Use":1.0}},{"src":1,"dest":67,"values":{"Use":1.0}},{"src":2,"dest":6,"values":{"Import":1.0,"Return":10.0}},{"src":2,"dest":9,"values":{"Import":1.0}},{"src":3,"dest":6,"values":{"Import":1.0,"Return":14.0}},{"src":4,"dest":14,"values":{"Call":3.0,"Parameter":18.0,"Contain":3.0,"Use":19.0}},{"src":4,"dest":2,"values":{"Call":1.0,"Parameter":1.0,"Import":1.0,"Contain":1.0,"Use":1.0}},{"src":4,"dest":43,"values":{"Call":2.0}},{"src":4,"dest":7,"values":{"Parameter":12.0,"Contain":1.0,"Use":12.0}},{"src":4,"dest":82,"values":{"Parameter":6.0,"Use":7.0}},{"src":4,"dest":51,"values":{"Call":8.0}},{"src":4,"dest":47,"values":{"Parameter":2.0,"Use":2.0}},{"src":4,"dest":25,"values":{"Call":6.0,"Parameter":5.0,"Import":1.0,"Contain":5.0,"Use":10.0}},{"src":4,"dest":34,"values":{"Call":3.0}},{"src":4,"dest":30,"values":{"Call":2.0,"Parameter":5.0,"Contain":1.0,"Use":5.0}},{"src":4,"dest":9,"values":{"Parameter":3.0,"Contain":1.0,"Use":3.0}},{"src":4,"dest":38,"values":{"Call":7.0,"Parameter":8.0,"Contain":2.0,"Use":8.0}},{"src":4,"dest":0,"values":{"Call":15.0,"Import":1.0,"Use":15.0}},{"src":4,"dest":13,"values":{"Parameter":12.0,"Contain":2.0,"Use":12.0}},{"src":4,"dest":100,"values":{"Call":3.0,"Import":1.0,"Use":3.0}},{"src":4,"dest":41,"values":{"Call":4.0,"Parameter":2.0,"Contain":1.0,"Use":2.0}},{"src":4,"dest":3,"values":{"Implement":1.0,"Import":1.0}},{"src":4,"dest":28,"values":{"Call":2.0,"Parameter":1.0,"Import":1.0,"Contain":1.0,"Use":1.0}},{"src":4,"dest":102,"values":{"Call":5.0,"Import":1.0,"Use":5.0}},{"src":4,"dest":5,"values":{"Call":16.0,"Parameter":1.0,"Import":1.0,"Contain":1.0,"Use":1.0}},{"src":4,"dest":99,"values":{"Use":2.0}},{"src":4,"dest":6,"values":{"Call":59.0,"Import":1.0,"Return":14.0,"Contain":15.0,"Create":14.0}},{"src":4,"dest":27,"values":{"Call":6.0,"Parameter":1.0,"Import":1.0,"Contain":1.0,"Use":1.0}},{"src":4,"dest":53,"values":{"Call":1.0,"Parameter":5.0,"Contain":2.0,"Use":5.0}},{"src":4,"dest":16,"values":{"Parameter":15.0,"Contain":1.0,"Use":17.0}},{"src":4,"dest":26,"values":{"Call":5.0,"Parameter":1.0,"Import":1.0,"Contain":1.0,"Use":1.0}},{"src":4,"dest":58,"values":{"Call":2.0}},{"src":4,"dest":39,"values":{"Call":4.0}},{"src":4,"dest":42,"values":{"Call":49.0,"Parameter":9.0,"Contain":5.0,"Use":9.0}},{"src":4,"dest":48,"values":{"Call":12.0,"Parameter":6.0,"Contain":1.0,"Use":6.0}},{"src":4,"dest":18,"values":{"Parameter":3.0,"Contain":1.0,"Use":3.0}},{"src":4,"dest":70,"values":{"Parameter":3.0,"Use":3.0}},{"src":4,"dest":89,"values":{"Use":1.0,"Import":1.0}},{"src":4,"dest":67,"values":{"Parameter":3.0,"Use":3.0}},{"src":4,"dest":1,"values":{"Call":4.0,"Import":1.0,"Use":4.0}},{"src":4,"dest":44,"values":{"Call":19.0,"Parameter":9.0,"Contain":5.0,"Use":9.0}},{"src":5,"dest":14,"values":{"Return":1.0}},{"src":5,"dest":11,"values":{"Return":1.0}},{"src":5,"dest":7,"values":{"Return":1.0}},{"src":5,"dest":20,"values":{"Return":1.0}},{"src":5,"dest":15,"values":{"Return":1.0}},{"src":5,"dest":34,"values":{"Parameter":1.0}},{"src":5,"dest":9,"values":{"Parameter":2.0,"Return":1.0}},{"src":5,"dest":66,"values":{"Import":1.0}},{"src":5,"dest":13,"values":{"Return":1.0}},{"src":5,"dest":12,"values":{"Return":1.0}},{"src":5,"dest":33,"values":{"Parameter":3.0}},{"src":5,"dest":41,"values":{"Parameter":1.0}},{"src":5,"dest":40,"values":{"Parameter":1.0}},{"src":5,"dest":22,"values":{"Return":1.0}},{"src":5,"dest":16,"values":{"Return":2.0}},{"src":5,"dest":23,"values":{"Return":1.0}},{"src":5,"dest":58,"values":{"Parameter":1.0}},{"src":5,"dest":17,"values":{"Return":1.0}},{"src":5,"dest":10,"values":{"Return":1.0}},{"src":5,"dest":18,"values":{"Return":1.0}},{"src":5,"dest":24,"values":{"Return":1.0}},{"src":5,"dest":8,"values":{"Return":1.0}},{"src":5,"dest":21,"values":{"Return":1.0}},{"src":5,"dest":19,"values":{"Return":2.0}},{"src":5,"dest":44,"values":{"Parameter":1.0}},{"src":6,"dest":11,"values":{"Import":1.0}},{"src":10,"dest":11,"values":{"Parameter":3.0,"Use":2.0}},{"src":13,"dest":14,"values":{"Parameter":1.0,"Return":1.0,"Contain":1.0,"Use":1.0}},{"src":16,"dest":9,"values":{"Call":1.0,"Parameter":3.0,"Return":1.0,"Contain":1.0,"Use":3.0}},{"src":20,"dest":19,"values":{"Call":1.0,"Parameter":2.0,"Return":1.0,"Contain":1.0,"Use":2.0}},{"src":26,"dest":44,"values":{"Import":1.0,"Return":6.0}},{"src":27,"dest":43,"values":{"Return":2.0}},{"src":27,"dest":42,"values":{"Parameter":1.0,"Return":2.0}},{"src":28,"dest":49,"values":{"Import":1.0}},{"src":28,"dest":48,"values":{"Parameter":1.0,"Import":1.0,"Return":3.0}},{"src":28,"dest":33,"values":{"Import":1.0}},{"src":28,"dest":50,"values":{"Import":1.0,"Return":1.0}},{"src":29,"dest":44,"values":{"Parameter":1.0,"Return":1.0}},{"src":34,"dest":66,"values":{"Import":1.0}},{"src":34,"dest":31,"values":{"Parameter":1.0,"Return":1.0}},{"src":36,"dest":32,"values":{"Parameter":1.0,"Return":1.0}},{"src":36,"dest":35,"values":{"Parameter":1.0,"Return":1.0}},{"src":37,"dest":34,"values":{"Parameter":1.0,"Return":1.0}},{"src":37,"dest":41,"values":{"Parameter":1.0,"Return":1.0}},{"src":38,"dest":39,"values":{"Parameter":1.0,"Return":1.0}},{"src":40,"dest":70,"values":{"Import":1.0}},{"src":41,"dest":58,"values":{"Parameter":1.0}},{"src":41,"dest":40,"values":{"Parameter":1.0,"Return":1.0}},{"src":41,"dest":38,"values":{"Parameter":1.0,"Return":1.0}},{"src":42,"dest":73,"values":{"Import":1.0}},{"src":42,"dest":51,"values":{"Parameter":1.0,"Return":1.0}},{"src":44,"dest":58,"values":{"Parameter":4.0,"Return":4.0}},{"src":44,"dest":43,"values":{"Parameter":1.0,"Return":1.0}},{"src":44,"dest":42,"values":{"Parameter":1.0,"Return":1.0}},{"src":44,"dest":41,"values":{"Parameter":1.0,"Return":1.0}},{"src":46,"dest":29,"values":{"Parameter":1.0}},{"src":46,"dest":62,"values":{"Import":1.0,"Return":1.0}},{"src":46,"dest":55,"values":{"Parameter":1.0,"Return":1.0}},{"src":46,"dest":87,"values":{"Parameter":1.0,"Import":1.0}},{"src":47,"dest":59,"values":{"Parameter":1.0,"Return":1.0}},{"src":48,"dest":58,"values":{"Parameter":1.0,"Return":1.0}},{"src":48,"dest":78,"values":{"Import":1.0}},{"src":48,"dest":33,"values":{"Parameter":1.0,"Return":1.0}},{"src":48,"dest":34,"values":{"Parameter":1.0,"Return":1.0}},{"src":48,"dest":44,"values":{"Parameter":1.0,"Return":1.0}},{"src":49,"dest":48,"values":{"Parameter":2.0,"Return":2.0}},{"src":49,"dest":50,"values":{"Parameter":1.0,"Return":1.0}},{"src":54,"dest":84,"values":{"Import":1.0}},{"src":55,"dest":54,"values":{"Parameter":1.0,"Return":1.0}},{"src":55,"dest":57,"values":{"Parameter":1.0,"Return":1.0}},{"src":55,"dest":56,"values":{"Parameter":1.0,"Return":1.0}},{"src":58,"dest":52,"values":{"Parameter":1.0}},{"src":60,"dest":58,"values":{"Parameter":3.0,"Return":3.0}},{"src":60,"dest":43,"values":{"Parameter":1.0,"Return":1.0}},{"src":60,"dest":42,"values":{"Parameter":1.0,"Return":1.0}},{"src":60,"dest":77,"values":{"Import":1.0}},{"src":60,"dest":97,"values":{"Import":1.0}},{"src":60,"dest":41,"values":{"Parameter":1.0,"Return":1.0}},{"src":61,"dest":73,"values":{"Import":1.0}},{"src":61,"dest":96,"values":{"Parameter":1.0,"Import":1.0,"Return":1.0}},{"src":61,"dest":59,"values":{"Parameter":1.0,"Import":1.0,"Return":1.0}},{"src":62,"dest":29,"values":{"Implement":1.0,"Import":1.0}},{"src":62,"dest":73,"values":{"Cast":1.0,"Contain":1.0,"Use":1.0}},{"src":62,"dest":44,"values":{"Parameter":1.0,"Import":1.0,"Return":1.0}},{"src":63,"dest":36,"values":{"Parameter":2.0,"Import":1.0,"Use":2.0}},{"src":63,"dest":91,"values":{"Cast":1.0,"Import":1.0,"Contain":1.0,"Use":1.0}},{"src":63,"dest":34,"values":{"Implement":1.0,"Import":1.0}},{"src":63,"dest":65,"values":{"Use":1.0}},{"src":63,"dest":31,"values":{"Parameter":1.0,"Import":1.0,"Return":1.0}},{"src":63,"dest":66,"values":{"Parameter":2.0,"Use":2.0}},{"src":64,"dest":35,"values":{"Implement":1.0,"Import":1.0}},{"src":65,"dest":32,"values":{"Parameter":1.0,"Import":1.0,"Return":1.0}},{"src":65,"dest":36,"values":{"Implement":1.0,"Import":1.0}},{"src":65,"dest":64,"values":{"Cast":1.0,"Contain":1.0,"Use":1.0}},{"src":65,"dest":94,"values":{"Cast":1.0,"Import":1.0,"Contain":1.0,"Use":1.0}},{"src":65,"dest":35,"values":{"Parameter":1.0,"Import":1.0,"Return":1.0}},{"src":66,"dest":37,"values":{"Implement":1.0,"Import":1.0}},{"src":66,"dest":63,"values":{"Cast":1.0,"Contain":1.0,"Use":1.0}},{"src":66,"dest":70,"values":{"Cast":1.0,"Contain":1.0,"Use":1.0}},{"src":66,"dest":34,"values":{"Parameter":1.0,"Import":1.0,"Return":1.0}},{"src":66,"dest":41,"values":{"Parameter":1.0,"Import":1.0,"Return":1.0}},{"src":67,"dest":39,"values":{"Parameter":1.0,"Import":1.0,"Return":1.0}},{"src":67,"dest":68,"values":{"Cast":1.0,"Contain":1.0,"Use":1.0}},{"src":67,"dest":38,"values":{"Implement":1.0,"Import":1.0}},{"src":68,"dest":39,"values":{"Implement":1.0,"Import":1.0}},{"src":69,"dest":40,"values":{"Implement":1.0,"Import":1.0}},{"src":69,"dest":70,"values":{"Parameter":2.0,"Use":2.0}},{"src":70,"dest":58,"values":{"Call":1.0,"Parameter":6.0,"Import":1.0,"Contain":1.0,"Use":5.0}},{"src":70,"dest":69,"values":{"Cast":1.0,"Contain":1.0,"Use":1.0}},{"src":70,"dest":40,"values":{"Parameter":1.0,"Import":1.0,"Return":1.0}},{"src":70,"dest":87,"values":{"Use":1.0}},{"src":70,"dest":67,"values":{"Cast":1.0,"Contain":1.0,"Use":1.0}},{"src":70,"dest":41,"values":{"Implement":1.0,"Import":1.0}},{"src":70,"dest":38,"values":{"Parameter":1.0,"Import":1.0,"Return":1.0}},{"src":71,"dest":80,"values":{"Cast":1.0,"Contain":1.0,"Use":1.0}},{"src":71,"dest":42,"values":{"Implement":1.0,"Import":1.0}},{"src":71,"dest":73,"values":{"Parameter":2.0,"Use":2.0}},{"src":71,"dest":51,"values":{"Parameter":1.0,"Import":1.0,"Return":1.0}},{"src":72,"dest":43,"values":{"Implement":1.0,"Import":1.0}},{"src":73,"dest":29,"values":{"Parameter":3.0,"Contain":1.0,"Use":3.0}},{"src":73,"dest":58,"values":{"Parameter":4.0,"Return":4.0}},{"src":73,"dest":62,"values":{"Cast":1.0,"Parameter":2.0,"Contain":1.0,"Use":2.0}},{"src":73,"dest":43,"values":{"Parameter":1.0,"Return":1.0}},{"src":73,"dest":42,"values":{"Parameter":1.0,"Return":1.0}},{"src":73,"dest":72,"values":{"Cast":1.0,"Contain":1.0,"Use":1.0}},{"src":73,"dest":70,"values":{"Cast":1.0,"Contain":1.0,"Use":1.0}},{"src":73,"dest":71,"values":{"Cast":1.0,"Contain":1.0,"Use":1.0}},{"src":73,"dest":87,"values":{"Cast":4.0,"Contain":4.0,"Use":4.0}},{"src":73,"dest":41,"values":{"Parameter":1.0,"Return":1.0}},{"src":73,"dest":44,"values":{"Implement":1.0}},{"src":74,"dest":45,"values":{"Implement":1.0,"Import":1.0}},{"src":75,"dest":29,"values":{"Parameter":1.0,"Import":1.0}},{"src":75,"dest":62,"values":{"Cast":1.0,"Return":1.0,"Contain":1.0,"Use":1.0}},{"src":75,"dest":46,"values":{"Implement":1.0,"Import":1.0}},{"src":75,"dest":55,"values":{"Parameter":1.0,"Import":1.0,"Return":1.0}},{"src":75,"dest":87,"values":{"Call":2.0,"Parameter":1.0,"Contain":1.0,"Use":1.0}},{"src":75,"dest":84,"values":{"Cast":1.0,"Contain":1.0,"Use":1.0}},{"src":76,"dest":47,"values":{"Implement":1.0,"Import":1.0}},{"src":76,"dest":88,"values":{"Cast":1.0,"Contain":1.0,"Use":1.0}},{"src":76,"dest":59,"values":{"Parameter":1.0,"Import":1.0,"Return":1.0}},{"src":77,"dest":58,"values":{"Parameter":1.0,"Return":1.0}},{"src":77,"dest":63,"values":{"Cast":1.0,"Contain":1.0,"Use":1.0}},{"src":77,"dest":48,"values":{"Implement":1.0}},{"src":77,"dest":73,"values":{"Cast":1.0,"Contain":1.0,"Use":1.0}},{"src":77,"dest":95,"values":{"Cast":1.0,"Import":1.0,"Contain":1.0,"Use":1.0}},{"src":77,"dest":78,"values":{"Parameter":2.0,"Use":2.0}},{"src":77,"dest":33,"values":{"Parameter":1.0,"Return":1.0}},{"src":77,"dest":87,"values":{"Cast":1.0,"Contain":1.0,"Use":1.0}},{"src":77,"dest":34,"values":{"Parameter":1.0,"Return":1.0}},{"src":77,"dest":44,"values":{"Parameter":1.0,"Return":1.0}},{"src":78,"dest":49,"values":{"Implement":1.0,"Import":1.0}},{"src":78,"dest":48,"values":{"Parameter":2.0,"Import":1.0,"Return":2.0}},{"src":78,"dest":77,"values":{"Cast":2.0,"Contain":2.0,"Use":2.0}},{"src":78,"dest":79,"values":{"Cast":1.0,"Contain":1.0,"Use":1.0}},{"src":78,"dest":50,"values":{"Parameter":1.0,"Import":1.0,"Return":1.0}},{"src":79,"dest":50,"values":{"Implement":1.0,"Import":1.0}},{"src":80,"dest":51,"values":{"Implement":1.0,"Import":1.0}},{"src":81,"dest":52,"values":{"Implement":1.0,"Import":1.0}},{"src":82,"dest":53,"values":{"Implement":1.0,"Import":1.0}},{"src":83,"dest":54,"values":{"Implement":1.0,"Import":1.0}},{"src":83,"dest":84,"values":{"Parameter":2.0,"Use":2.0}},{"src":84,"dest":86,"values":{"Cast":1.0,"Contain":1.0,"Use":1.0}},{"src":84,"dest":55,"values":{"Implement":1.0,"Import":1.0}},{"src":84,"dest":54,"values":{"Parameter":1.0,"Import":1.0,"Return":1.0}},{"src":84,"dest":57,"values":{"Parameter":1.0,"Import":1.0,"Return":1.0}},{"src":84,"dest":85,"values":{"Cast":1.0,"Contain":1.0,"Use":1.0}},{"src":84,"dest":83,"values":{"Cast":1.0,"Contain":1.0,"Use":1.0}},{"src":84,"dest":56,"values":{"Parameter":1.0,"Import":1.0,"Return":1.0}},{"src":85,"dest":56,"values":{"Implement":1.0,"Import":1.0}},{"src":86,"dest":57,"values":{"Implement":1.0,"Import":1.0}},{"src":87,"dest":58,"values":{"Implement":1.0,"Import":1.0}},{"src":87,"dest":52,"values":{"Parameter":3.0,"Import":1.0,"Contain":1.0,"Use":2.0}},{"src":87,"dest":70,"values":{"Use":1.0}},{"src":87,"dest":41,"values":{"Parameter":2.0,"Import":1.0,"Use":2.0}},{"src":87,"dest":81,"values":{"Use":1.0}},{"src":88,"dest":59,"values":{"Implement":1.0,"Import":1.0}},{"src":89,"dest":30,"values":{"Implement":1.0,"Import":1.0}},{"src":90,"dest":36,"values":{"Parameter":2.0,"Import":1.0,"Use":2.0}},{"src":90,"dest":91,"values":{"Cast":1.0,"Contain":1.0,"Use":1.0}},{"src":90,"dest":34,"values":{"Implement":1.0,"Import":1.0}},{"src":90,"dest":66,"values":{"Import":1.0}},{"src":90,"dest":31,"values":{"Parameter":1.0,"Import":1.0,"Return":1.0}},{"src":90,"dest":93,"values":{"Use":1.0}},{"src":91,"dest":31,"values":{"Implement":1.0,"Import":1.0}},{"src":92,"dest":35,"values":{"Implement":1.0,"Import":1.0}},{"src":93,"dest":32,"values":{"Parameter":1.0,"Import":1.0,"Return":1.0}},{"src":93,"dest":36,"values":{"Implement":1.0,"Import":1.0}},{"src":93,"dest":94,"values":{"Cast":1.0,"Contain":1.0,"Use":1.0}},{"src":93,"dest":92,"values":{"Cast":1.0,"Contain":1.0,"Use":1.0}},{"src":93,"dest":35,"values":{"Parameter":1.0,"Import":1.0,"Return":1.0}},{"src":94,"dest":32,"values":{"Implement":1.0,"Import":1.0}},{"src":95,"dest":33,"values":{"Implement":1.0,"Import":1.0}},{"src":96,"dest":29,"values":{"Parameter":3.0,"Contain":1.0,"Use":3.0}},{"src":96,"dest":43,"values":{"Parameter":1.0,"Return":1.0}},{"src":96,"dest":72,"values":{"Cast":1.0,"Contain":1.0,"Use":1.0}},{"src":96,"dest":60,"values":{"Implement":1.0,"Import":1.0}},{"src":96,"dest":77,"values":{"Parameter":2.0,"Use":2.0}},{"src":96,"dest":97,"values":{"Parameter":2.0,"Use":2.0}},{"src":96,"dest":71,"values":{"Cast":1.0,"Contain":1.0,"Use":1.0}},{"src":96,"dest":87,"values":{"Cast":3.0,"Contain":3.0,"Use":3.0}},{"src":96,"dest":58,"values":{"Parameter":3.0,"Return":3.0}},{"src":96,"dest":62,"values":{"Cast":1.0,"Parameter":2.0,"Contain":1.0,"Use":2.0}},{"src":96,"dest":42,"values":{"Parameter":1.0,"Return":1.0}},{"src":96,"dest":70,"values":{"Cast":1.0,"Contain":1.0,"Use":1.0}},{"src":96,"dest":41,"values":{"Parameter":1.0,"Return":1.0}},{"src":97,"dest":73,"values":{"Import":1.0}},{"src":97,"dest":61,"values":{"Implement":1.0,"Import":1.0}},{"src":97,"dest":96,"values":{"Parameter":1.0,"Return":1.0,"Contain":1.0,"Use":1.0}},{"src":97,"dest":88,"values":{"Cast":1.0,"Import":1.0,"Contain":1.0,"Use":1.0}},{"src":97,"dest":59,"values":{"Parameter":1.0,"Import":1.0,"Return":1.0}},{"src":98,"dest":102,"values":{"Call":1.0,"Import":1.0,"Use":1.0}},{"src":99,"dest":98,"values":{"Extend":1.0,"Use":5.0}},{"src":100,"dest":14,"values":{"Call":24.0,"Parameter":2.0,"Import":1.0,"Return":2.0}},{"src":100,"dest":99,"values":{"Call":8.0,"Parameter":1.0,"Import":1.0,"Return":1.0}},{"src":100,"dest":24,"values":{"Import":1.0}},{"src":100,"dest":98,"values":{"Call":9.0}},{"src":101,"dest":13,"values":{"Call":4.0,"Parameter":1.0,"Import":1.0}},{"src":102,"dest":101,"values":{"Call":2.0,"Import":1.0,"Use":2.0}}],"relationTypes":["Import","Parameter","Use","Call","Return","Contain","Implement","Create","Cast","Extend"]}