{"name":"fg_182.json","variables":["femr/business/services/core/ISessionService.java","femr/business/services/core/ITabService.java","femr/business/services/core/IUserService.java","femr/common/dtos/CurrentUser.java","femr/common/dtos/ServiceResponse.java","femr/common/models/MissionTripItem.java","femr/common/models/PatientEncounterItem.java","femr/common/models/PatientItem.java","femr/common/models/TabFieldItem.java","femr/common/models/TabItem.java","femr/common/models/UserItem.java","femr/data/models/core/IRole.java","femr/data/models/core/IUser.java","femr/data/models/mysql/Roles.java","femr/ui/controllers/superuser/TabController.java","femr/ui/helpers/security/AllowedRoles.java","femr/ui/helpers/security/AllowedRolesAction.java","femr/ui/helpers/security/FEMRAuthenticated.java","femr/ui/models/superuser/ContentViewModelGet.java","femr/ui/models/superuser/ContentViewModelPost.java","femr/ui/models/superuser/TabsViewModelGet.java","femr/ui/models/superuser/TabsViewModelPost.java","femr/util/DataStructure/Mapping/AbstractMultiMap.java","femr/util/DataStructure/Mapping/TabFieldMultiMap.java","femr/util/calculations/dateUtils.java","femr/util/stringhelpers/StringUtils.java"],"cells":[{"src":0,"dest":4,"values":{"Import":1.0,"Return":1.0}},{"src":0,"dest":3,"values":{"Import":1.0,"Return":1.0}},{"src":1,"dest":23,"values":{"Import":1.0}},{"src":1,"dest":4,"values":{"Import":1.0,"Return":16.0}},{"src":1,"dest":9,"values":{"Parameter":2.0,"Import":1.0}},{"src":1,"dest":8,"values":{"Parameter":2.0,"Import":1.0}},{"src":2,"dest":10,"values":{"Parameter":2.0,"Import":1.0}},{"src":2,"dest":12,"values":{"Parameter":1.0,"Import":1.0,"Return":2.0}},{"src":2,"dest":4,"values":{"Import":1.0,"Return":8.0}},{"src":2,"dest":11,"values":{"Import":1.0}},{"src":3,"dest":11,"values":{"Parameter":2.0,"Import":1.0,"Use":2.0}},{"src":4,"dest":5,"values":{"Import":1.0}},{"src":6,"dest":7,"values":{"Parameter":1.0,"Return":1.0,"Contain":1.0,"Use":1.0}},{"src":9,"dest":8,"values":{"Call":1.0,"Parameter":2.0,"Return":1.0,"Contain":1.0,"Use":2.0}},{"src":12,"dest":11,"values":{"Parameter":1.0}},{"src":14,"dest":19,"values":{"Call":11.0,"Parameter":3.0,"Import":1.0,"Contain":1.0,"Use":4.0}},{"src":14,"dest":1,"values":{"Call":14.0,"Parameter":1.0,"Import":1.0,"Contain":1.0,"Use":1.0}},{"src":14,"dest":25,"values":{"Call":6.0,"Import":1.0,"Use":6.0}},{"src":14,"dest":17,"values":{"Use":1.0,"Import":1.0}},{"src":14,"dest":4,"values":{"Call":19.0,"Import":1.0,"Contain":10.0,"Use":2.0}},{"src":14,"dest":0,"values":{"Call":4.0,"Parameter":1.0,"Import":1.0,"Contain":1.0,"Use":1.0}},{"src":14,"dest":21,"values":{"Call":14.0,"Parameter":3.0,"Import":1.0,"Contain":1.0,"Use":4.0}},{"src":14,"dest":9,"values":{"Call":9.0,"Import":1.0,"Use":15.0,"Create":1.0,"Parameter":15.0,"Contain":1.0}},{"src":14,"dest":15,"values":{"Annotation":1.0,"Import":1.0}},{"src":14,"dest":3,"values":{"Call":3.0,"Import":1.0,"Contain":4.0}},{"src":14,"dest":18,"values":{"Call":6.0,"Import":1.0,"Contain":1.0,"Create":1.0}},{"src":14,"dest":20,"values":{"Call":3.0,"Import":1.0,"Contain":1.0,"Create":1.0}},{"src":14,"dest":13,"values":{"Use":2.0,"Import":1.0}},{"src":14,"dest":8,"values":{"Call":6.0,"Import":1.0,"Use":14.0,"Create":1.0,"Parameter":14.0,"Contain":1.0}},{"src":15,"dest":16,"values":{"Use":1.0}},{"src":16,"dest":11,"values":{"Call":1.0,"Parameter":3.0,"Import":1.0,"Contain":1.0,"Use":3.0}},{"src":16,"dest":2,"values":{"Call":1.0,"Parameter":1.0,"Import":1.0,"Contain":1.0,"Use":1.0}},{"src":18,"dest":8,"values":{"Parameter":4.0,"Import":1.0,"Use":4.0}},{"src":20,"dest":9,"values":{"Parameter":4.0,"Import":1.0,"Use":4.0}},{"src":22,"dest":25,"values":{"Call":1.0,"Import":1.0,"Use":1.0}},{"src":23,"dest":25,"values":{"Call":4.0,"Import":1.0,"Use":4.0}},{"src":23,"dest":22,"values":{"Call":3.0,"Extend":1.0,"Use":8.0}},{"src":23,"dest":8,"values":{"Cast":5.0,"Call":4.0,"Import":1.0,"Return":2.0,"Use":4.0,"Contain":2.0}},{"src":24,"dest":6,"values":{"Call":4.0,"Parameter":1.0,"Import":1.0}},{"src":25,"dest":24,"values":{"Call":2.0,"Import":1.0,"Use":2.0}}],"relationTypes":["Import","Return","Parameter","Use","Contain","Call","Create","Annotation","Extend","Cast"]}