{"name":"fg_194.json","variables":["femr/business/services/core/IEncounterService.java","femr/business/services/core/IMedicationService.java","femr/business/services/core/IPhotoService.java","femr/business/services/core/ISearchService.java","femr/business/services/core/ISessionService.java","femr/business/services/core/ITabService.java","femr/business/services/core/IUserService.java","femr/business/services/core/IVitalService.java","femr/common/dtos/CurrentUser.java","femr/common/dtos/ServiceResponse.java","femr/common/models/MedicationAdministrationItem.java","femr/common/models/MedicationItem.java","femr/common/models/MissionTripItem.java","femr/common/models/PatientEncounterItem.java","femr/common/models/PatientItem.java","femr/common/models/PhotoItem.java","femr/common/models/PrescriptionItem.java","femr/common/models/ProblemItem.java","femr/common/models/SettingItem.java","femr/common/models/TabFieldItem.java","femr/common/models/TabItem.java","femr/common/models/UserItem.java","femr/common/models/VitalItem.java","femr/data/models/core/IChiefComplaint.java","femr/data/models/core/IMissionCity.java","femr/data/models/core/IMissionCountry.java","femr/data/models/core/IMissionTeam.java","femr/data/models/core/IMissionTrip.java","femr/data/models/core/IPatient.java","femr/data/models/core/IPatientAgeClassification.java","femr/data/models/core/IPatientEncounter.java","femr/data/models/core/IPatientEncounterTabField.java","femr/data/models/core/IPhoto.java","femr/data/models/core/IRole.java","femr/data/models/core/ITab.java","femr/data/models/core/ITabField.java","femr/data/models/core/ITabFieldSize.java","femr/data/models/core/ITabFieldType.java","femr/data/models/core/IUser.java","femr/data/models/mysql/ChiefComplaint.java","femr/data/models/mysql/MissionCity.java","femr/data/models/mysql/MissionCountry.java","femr/data/models/mysql/MissionTeam.java","femr/data/models/mysql/MissionTrip.java","femr/data/models/mysql/Patient.java","femr/data/models/mysql/PatientAgeClassification.java","femr/data/models/mysql/PatientEncounter.java","femr/data/models/mysql/PatientEncounterTabField.java","femr/data/models/mysql/Photo.java","femr/data/models/mysql/Role.java","femr/data/models/mysql/Roles.java","femr/data/models/mysql/Tab.java","femr/data/models/mysql/TabField.java","femr/data/models/mysql/TabFieldSize.java","femr/data/models/mysql/TabFieldType.java","femr/data/models/mysql/User.java","femr/ui/controllers/MedicalController.java","femr/ui/controllers/helpers/FieldHelper.java","femr/ui/helpers/security/AllowedRoles.java","femr/ui/helpers/security/AllowedRolesAction.java","femr/ui/helpers/security/FEMRAuthenticated.java","femr/ui/models/medical/EditViewModelGet.java","femr/ui/models/medical/EditViewModelPost.java","femr/ui/models/medical/UpdateVitalsModel.java","femr/util/DataStructure/Mapping/AbstractMultiMap.java","femr/util/DataStructure/Mapping/TabFieldMultiMap.java","femr/util/DataStructure/Mapping/VitalMultiMap.java","femr/util/calculations/dateUtils.java","femr/util/stringhelpers/StringUtils.java"],"cells":[{"src":0,"dest":9,"values":{"Import":1.0,"Return":13.0}},{"src":0,"dest":31,"values":{"Import":1.0}},{"src":0,"dest":47,"values":{"Import":1.0}},{"src":0,"dest":13,"values":{"Import":1.0}},{"src":0,"dest":30,"values":{"Import":1.0}},{"src":1,"dest":16,"values":{"Import":1.0}},{"src":1,"dest":9,"values":{"Import":1.0,"Return":9.0}},{"src":1,"dest":10,"values":{"Import":1.0}},{"src":1,"dest":11,"values":{"Import":1.0}},{"src":2,"dest":9,"values":{"Import":1.0,"Return":5.0}},{"src":2,"dest":62,"values":{"Parameter":1.0,"Import":1.0}},{"src":2,"dest":13,"values":{"Parameter":1.0,"Import":1.0}},{"src":2,"dest":15,"values":{"Import":1.0}},{"src":3,"dest":9,"values":{"Import":1.0,"Return":14.0}},{"src":4,"dest":9,"values":{"Import":1.0,"Return":1.0}},{"src":4,"dest":8,"values":{"Import":1.0,"Return":1.0}},{"src":5,"dest":65,"values":{"Import":1.0}},{"src":5,"dest":9,"values":{"Import":1.0,"Return":16.0}},{"src":5,"dest":20,"values":{"Parameter":2.0,"Import":1.0}},{"src":5,"dest":19,"values":{"Parameter":2.0,"Import":1.0}},{"src":6,"dest":21,"values":{"Parameter":2.0,"Import":1.0}},{"src":6,"dest":38,"values":{"Parameter":1.0,"Import":1.0,"Return":2.0}},{"src":6,"dest":9,"values":{"Import":1.0,"Return":8.0}},{"src":6,"dest":33,"values":{"Import":1.0}},{"src":7,"dest":66,"values":{"Import":1.0}},{"src":7,"dest":9,"values":{"Import":1.0,"Return":4.0}},{"src":7,"dest":22,"values":{"Import":1.0}},{"src":8,"dest":33,"values":{"Parameter":2.0,"Import":1.0,"Use":2.0}},{"src":9,"dest":12,"values":{"Import":1.0}},{"src":13,"dest":14,"values":{"Parameter":1.0,"Return":1.0,"Contain":1.0,"Use":1.0}},{"src":16,"dest":11,"values":{"Call":1.0,"Parameter":3.0,"Return":1.0,"Contain":1.0,"Use":3.0}},{"src":20,"dest":19,"values":{"Call":1.0,"Parameter":2.0,"Return":1.0,"Contain":1.0,"Use":2.0}},{"src":23,"dest":30,"values":{"Parameter":1.0,"Return":1.0}},{"src":24,"dest":25,"values":{"Parameter":1.0,"Return":1.0}},{"src":26,"dest":43,"values":{"Import":1.0}},{"src":27,"dest":38,"values":{"Parameter":1.0}},{"src":27,"dest":26,"values":{"Parameter":1.0,"Return":1.0}},{"src":27,"dest":24,"values":{"Parameter":1.0,"Return":1.0}},{"src":28,"dest":46,"values":{"Import":1.0}},{"src":28,"dest":32,"values":{"Parameter":1.0,"Return":1.0}},{"src":30,"dest":38,"values":{"Parameter":4.0,"Return":4.0}},{"src":30,"dest":29,"values":{"Parameter":1.0,"Return":1.0}},{"src":30,"dest":28,"values":{"Parameter":1.0,"Return":1.0}},{"src":30,"dest":27,"values":{"Parameter":1.0,"Return":1.0}},{"src":31,"dest":23,"values":{"Parameter":1.0}},{"src":31,"dest":39,"values":{"Import":1.0,"Return":1.0}},{"src":31,"dest":35,"values":{"Parameter":1.0,"Return":1.0}},{"src":31,"dest":55,"values":{"Parameter":1.0,"Import":1.0}},{"src":34,"dest":52,"values":{"Import":1.0}},{"src":35,"dest":34,"values":{"Parameter":1.0,"Return":1.0}},{"src":35,"dest":37,"values":{"Parameter":1.0,"Return":1.0}},{"src":35,"dest":36,"values":{"Parameter":1.0,"Return":1.0}},{"src":38,"dest":33,"values":{"Parameter":1.0}},{"src":39,"dest":23,"values":{"Implement":1.0,"Import":1.0}},{"src":39,"dest":46,"values":{"Cast":1.0,"Contain":1.0,"Use":1.0}},{"src":39,"dest":30,"values":{"Parameter":1.0,"Import":1.0,"Return":1.0}},{"src":40,"dest":25,"values":{"Parameter":1.0,"Import":1.0,"Return":1.0}},{"src":40,"dest":41,"values":{"Cast":1.0,"Contain":1.0,"Use":1.0}},{"src":40,"dest":24,"values":{"Implement":1.0,"Import":1.0}},{"src":41,"dest":25,"values":{"Implement":1.0,"Import":1.0}},{"src":42,"dest":26,"values":{"Implement":1.0,"Import":1.0}},{"src":42,"dest":43,"values":{"Parameter":2.0,"Use":2.0}},{"src":43,"dest":38,"values":{"Call":1.0,"Parameter":6.0,"Import":1.0,"Contain":1.0,"Use":5.0}},{"src":43,"dest":42,"values":{"Cast":1.0,"Contain":1.0,"Use":1.0}},{"src":43,"dest":26,"values":{"Parameter":1.0,"Import":1.0,"Return":1.0}},{"src":43,"dest":55,"values":{"Use":1.0}},{"src":43,"dest":40,"values":{"Cast":1.0,"Contain":1.0,"Use":1.0}},{"src":43,"dest":27,"values":{"Implement":1.0,"Import":1.0}},{"src":43,"dest":24,"values":{"Parameter":1.0,"Import":1.0,"Return":1.0}},{"src":44,"dest":48,"values":{"Cast":1.0,"Contain":1.0,"Use":1.0}},{"src":44,"dest":28,"values":{"Implement":1.0,"Import":1.0}},{"src":44,"dest":46,"values":{"Parameter":2.0,"Use":2.0}},{"src":44,"dest":32,"values":{"Parameter":1.0,"Import":1.0,"Return":1.0}},{"src":45,"dest":29,"values":{"Implement":1.0,"Import":1.0}},{"src":46,"dest":23,"values":{"Parameter":3.0,"Contain":1.0,"Use":3.0}},{"src":46,"dest":38,"values":{"Parameter":4.0,"Return":4.0}},{"src":46,"dest":39,"values":{"Cast":1.0,"Parameter":2.0,"Contain":1.0,"Use":2.0}},{"src":46,"dest":29,"values":{"Parameter":1.0,"Return":1.0}},{"src":46,"dest":28,"values":{"Parameter":1.0,"Return":1.0}},{"src":46,"dest":45,"values":{"Cast":1.0,"Contain":1.0,"Use":1.0}},{"src":46,"dest":43,"values":{"Cast":1.0,"Contain":1.0,"Use":1.0}},{"src":46,"dest":44,"values":{"Cast":1.0,"Contain":1.0,"Use":1.0}},{"src":46,"dest":55,"values":{"Cast":4.0,"Contain":4.0,"Use":4.0}},{"src":46,"dest":27,"values":{"Parameter":1.0,"Return":1.0}},{"src":46,"dest":30,"values":{"Implement":1.0}},{"src":47,"dest":23,"values":{"Parameter":1.0,"Import":1.0}},{"src":47,"dest":39,"values":{"Cast":1.0,"Return":1.0,"Contain":1.0,"Use":1.0}},{"src":47,"dest":31,"values":{"Implement":1.0,"Import":1.0}},{"src":47,"dest":35,"values":{"Parameter":1.0,"Import":1.0,"Return":1.0}},{"src":47,"dest":55,"values":{"Call":2.0,"Parameter":1.0,"Contain":1.0,"Use":1.0}},{"src":47,"dest":52,"values":{"Cast":1.0,"Contain":1.0,"Use":1.0}},{"src":48,"dest":32,"values":{"Implement":1.0,"Import":1.0}},{"src":49,"dest":33,"values":{"Implement":1.0,"Import":1.0}},{"src":51,"dest":34,"values":{"Implement":1.0,"Import":1.0}},{"src":51,"dest":52,"values":{"Parameter":2.0,"Use":2.0}},{"src":52,"dest":54,"values":{"Cast":1.0,"Contain":1.0,"Use":1.0}},{"src":52,"dest":35,"values":{"Implement":1.0,"Import":1.0}},{"src":52,"dest":34,"values":{"Parameter":1.0,"Import":1.0,"Return":1.0}},{"src":52,"dest":37,"values":{"Parameter":1.0,"Import":1.0,"Return":1.0}},{"src":52,"dest":53,"values":{"Cast":1.0,"Contain":1.0,"Use":1.0}},{"src":52,"dest":51,"values":{"Cast":1.0,"Contain":1.0,"Use":1.0}},{"src":52,"dest":36,"values":{"Parameter":1.0,"Import":1.0,"Return":1.0}},{"src":53,"dest":36,"values":{"Implement":1.0,"Import":1.0}},{"src":54,"dest":37,"values":{"Implement":1.0,"Import":1.0}},{"src":55,"dest":38,"values":{"Implement":1.0,"Import":1.0}},{"src":55,"dest":33,"values":{"Parameter":3.0,"Import":1.0,"Contain":1.0,"Use":2.0}},{"src":55,"dest":43,"values":{"Use":1.0}},{"src":55,"dest":27,"values":{"Parameter":2.0,"Import":1.0,"Use":2.0}},{"src":55,"dest":49,"values":{"Use":1.0}},{"src":56,"dest":5,"values":{"Call":3.0,"Parameter":1.0,"Contain":1.0,"Use":1.0}},{"src":56,"dest":14,"values":{"Call":3.0,"Parameter":9.0,"Contain":2.0,"Use":9.0}},{"src":56,"dest":65,"values":{"Call":1.0,"Parameter":3.0,"Import":1.0,"Contain":1.0,"Use":3.0}},{"src":56,"dest":1,"values":{"Call":4.0,"Parameter":1.0,"Contain":1.0,"Use":1.0}},{"src":56,"dest":4,"values":{"Call":6.0,"Parameter":1.0,"Contain":1.0,"Use":1.0}},{"src":56,"dest":20,"values":{"Call":6.0,"Parameter":6.0,"Contain":1.0,"Use":6.0}},{"src":56,"dest":7,"values":{"Call":3.0,"Parameter":1.0,"Contain":1.0,"Use":1.0}},{"src":56,"dest":15,"values":{"Parameter":3.0,"Use":3.0}},{"src":56,"dest":8,"values":{"Call":10.0,"Import":1.0,"Contain":5.0}},{"src":56,"dest":57,"values":{"Call":6.0,"Import":1.0,"Contain":1.0,"Use":5.0,"Create":1.0}},{"src":56,"dest":13,"values":{"Call":16.0,"Parameter":18.0,"Contain":5.0,"Use":18.0}},{"src":56,"dest":3,"values":{"Call":16.0,"Parameter":1.0,"Contain":1.0,"Use":1.0}},{"src":56,"dest":68,"values":{"Call":6.0,"Import":1.0,"Use":6.0}},{"src":56,"dest":60,"values":{"Use":1.0,"Import":1.0}},{"src":56,"dest":66,"values":{"Parameter":6.0,"Import":1.0,"Contain":2.0,"Use":6.0}},{"src":56,"dest":9,"values":{"Call":57.0,"Import":1.0,"Contain":31.0,"Use":4.0}},{"src":56,"dest":58,"values":{"Annotation":1.0,"Import":1.0}},{"src":56,"dest":61,"values":{"Call":18.0,"Contain":5.0,"Create":5.0}},{"src":56,"dest":2,"values":{"Call":2.0,"Parameter":1.0,"Contain":1.0,"Use":1.0}},{"src":56,"dest":16,"values":{"Call":10.0,"Parameter":12.0,"Contain":2.0,"Use":12.0}},{"src":56,"dest":21,"values":{"Parameter":3.0,"Use":3.0}},{"src":56,"dest":17,"values":{"Call":2.0,"Parameter":3.0,"Contain":1.0,"Use":3.0}},{"src":56,"dest":62,"values":{"Call":4.0,"Parameter":3.0,"Contain":1.0,"Use":4.0}},{"src":56,"dest":18,"values":{"Parameter":15.0,"Use":15.0}},{"src":56,"dest":22,"values":{"Parameter":3.0,"Use":3.0}},{"src":56,"dest":63,"values":{"Call":30.0,"Parameter":4.0,"Contain":1.0,"Use":4.0}},{"src":56,"dest":50,"values":{"Use":6.0,"Import":1.0}},{"src":56,"dest":10,"values":{"Parameter":9.0,"Use":9.0}},{"src":56,"dest":0,"values":{"Call":8.0,"Parameter":1.0,"Contain":1.0,"Use":1.0}},{"src":56,"dest":19,"values":{"Call":10.0,"Parameter":6.0,"Contain":1.0,"Use":6.0}},{"src":57,"dest":65,"values":{"Call":6.0,"Parameter":4.0,"Import":1.0}},{"src":57,"dest":68,"values":{"Import":1.0}},{"src":57,"dest":9,"values":{"Import":1.0}},{"src":57,"dest":20,"values":{"Call":2.0,"Import":1.0,"Contain":1.0}},{"src":57,"dest":19,"values":{"Call":3.0,"Parameter":29.0,"Import":1.0,"Contain":5.0,"Use":32.0}},{"src":58,"dest":59,"values":{"Use":1.0}},{"src":59,"dest":33,"values":{"Call":1.0,"Parameter":3.0,"Import":1.0,"Contain":1.0,"Use":3.0}},{"src":59,"dest":6,"values":{"Call":1.0,"Parameter":1.0,"Import":1.0,"Contain":1.0,"Use":1.0}},{"src":61,"dest":16,"values":{"Parameter":2.0,"Use":2.0}},{"src":61,"dest":14,"values":{"Parameter":1.0,"Return":1.0,"Contain":1.0,"Use":1.0}},{"src":61,"dest":17,"values":{"Parameter":2.0,"Use":2.0}},{"src":61,"dest":18,"values":{"Parameter":1.0,"Return":1.0,"Contain":1.0,"Use":1.0}},{"src":61,"dest":13,"values":{"Parameter":1.0,"Return":1.0,"Contain":1.0,"Use":1.0}},{"src":61,"dest":20,"values":{"Call":1.0,"Parameter":2.0,"Return":1.0,"Contain":1.0,"Use":2.0}},{"src":61,"dest":15,"values":{"Parameter":2.0,"Use":2.0}},{"src":61,"dest":10,"values":{"Parameter":2.0,"Use":2.0}},{"src":62,"dest":16,"values":{"Parameter":2.0,"Import":1.0,"Use":2.0}},{"src":62,"dest":17,"values":{"Parameter":2.0,"Import":1.0,"Use":2.0}},{"src":62,"dest":19,"values":{"Parameter":2.0,"Import":1.0,"Use":2.0}},{"src":64,"dest":68,"values":{"Call":1.0,"Import":1.0,"Use":1.0}},{"src":65,"dest":68,"values":{"Call":4.0,"Import":1.0,"Use":4.0}},{"src":65,"dest":64,"values":{"Call":3.0,"Extend":1.0,"Use":8.0}},{"src":65,"dest":19,"values":{"Cast":5.0,"Call":4.0,"Import":1.0,"Return":2.0,"Use":4.0,"Contain":2.0}},{"src":66,"dest":64,"values":{"Extend":1.0,"Use":5.0}},{"src":67,"dest":13,"values":{"Call":4.0,"Parameter":1.0,"Import":1.0}},{"src":68,"dest":67,"values":{"Call":2.0,"Import":1.0,"Use":2.0}}],"relationTypes":["Import","Return","Parameter","Use","Contain","Call","Implement","Cast","Create","Annotation","Extend"]}