{"name":"fg_146.json","variables":["femr/data/models/core/IPatientPrescriptionReplacementReason.java","femr/data/models/mysql/PatientPrescriptionReplacementReason.java","femr/util/dependencyinjection/providers/PatientPrescriptionReplacementReasonProvider.java"],"cells":[{"src":1,"dest":0,"values":{"Implement":1.0,"Import":1.0}},{"src":2,"dest":1,"values":{"Call":1.0,"Import":1.0,"Create":1.0}},{"src":2,"dest":0,"values":{"Import":1.0,"Return":1.0}}],"relationTypes":["Implement","Import","Call","Create","Return"]}