{"name":"fg_157.json","variables":["femr/data/models/core/IMissionCity.java","femr/data/models/core/IMissionCountry.java","femr/data/models/mysql/MissionCity.java","femr/data/models/mysql/MissionCountry.java","femr/util/dependencyinjection/providers/MissionCityProvider.java"],"cells":[{"src":0,"dest":1,"values":{"Parameter":1.0,"Return":1.0}},{"src":2,"dest":1,"values":{"Parameter":1.0,"Import":1.0,"Return":1.0}},{"src":2,"dest":3,"values":{"Cast":1.0,"Contain":1.0,"Use":1.0}},{"src":2,"dest":0,"values":{"Implement":1.0,"Import":1.0}},{"src":3,"dest":1,"values":{"Implement":1.0,"Import":1.0}},{"src":4,"dest":2,"values":{"Call":1.0,"Import":1.0,"Create":1.0}},{"src":4,"dest":0,"values":{"Import":1.0,"Return":1.0}}],"relationTypes":["Parameter","Return","Import","Cast","Contain","Use","Implement","Call","Create"]}