{"name":"fg_102.json","variables":["femr/util/InternetConnnection/InternetConnectionUtil.java","femr/util/dependencyinjection/modules/UtilitiesModule.java","femr/util/encryptions/BCryptPasswordEncryptor.java","femr/util/encryptions/IPasswordEncryptor.java","femr/util/tasks/CheckInternetConnectionTask.java","femr/util/tasks/MaintainReverseSshTunnelTask.java","femr/util/tasks/SendLocationDataTask.java"],"cells":[{"src":1,"dest":6,"values":{"Use":1.0,"Import":1.0}},{"src":1,"dest":2,"values":{"Use":1.0,"Import":1.0}},{"src":1,"dest":3,"values":{"Use":1.0,"Import":1.0}},{"src":1,"dest":5,"values":{"Use":1.0,"Import":1.0}},{"src":1,"dest":4,"values":{"Use":1.0,"Import":1.0}},{"src":2,"dest":3,"values":{"Implement":1.0}},{"src":4,"dest":0,"values":{"Call":2.0,"Import":1.0,"Use":2.0}},{"src":5,"dest":0,"values":{"Call":3.0,"Import":1.0,"Use":3.0}},{"src":6,"dest":0,"values":{"Call":4.0,"Import":1.0,"Use":4.0}}],"relationTypes":["Use","Import","Implement","Call"]}