{"name":"fg_149.json","variables":["femr/data/models/core/IPatientEncounterVital.java","femr/data/models/core/IVital.java","femr/data/models/mysql/PatientEncounterVital.java","femr/data/models/mysql/Vital.java","femr/util/dependencyinjection/providers/PatientEncounterVitalProvider.java"],"cells":[{"src":0,"dest":1,"values":{"Parameter":1.0,"Return":1.0}},{"src":2,"dest":0,"values":{"Implement":1.0,"Import":1.0}},{"src":2,"dest":3,"values":{"Cast":1.0,"Contain":1.0,"Use":1.0}},{"src":2,"dest":1,"values":{"Parameter":1.0,"Import":1.0,"Return":1.0}},{"src":3,"dest":1,"values":{"Implement":1.0,"Import":1.0}},{"src":4,"dest":2,"values":{"Call":1.0,"Import":1.0,"Create":1.0}},{"src":4,"dest":0,"values":{"Import":1.0,"Return":1.0}}],"relationTypes":["Parameter","Return","Implement","Import","Cast","Contain","Use","Call","Create"]}