{"name":"fg_115.json","variables":["femr/business/helpers/LogicDoer.java","femr/business/helpers/QueryProvider.java","femr/business/services/core/IResearchService.java","femr/business/services/system/ResearchService.java","femr/common/dtos/ServiceResponse.java","femr/common/models/MissionTripItem.java","femr/common/models/PatientEncounterItem.java","femr/common/models/PatientItem.java","femr/common/models/ResearchExportItem.java","femr/common/models/ResearchFilterItem.java","femr/common/models/ResearchResultItem.java","femr/common/models/ResearchResultSetItem.java","femr/data/daos/IRepository.java","femr/data/models/core/IChiefComplaint.java","femr/data/models/core/IConceptMedicationForm.java","femr/data/models/core/IConceptMedicationUnit.java","femr/data/models/core/IConceptPrescriptionAdministration.java","femr/data/models/core/IMedication.java","femr/data/models/core/IMedicationGeneric.java","femr/data/models/core/IMedicationGenericStrength.java","femr/data/models/core/IMedicationInventory.java","femr/data/models/core/IMissionCity.java","femr/data/models/core/IMissionCountry.java","femr/data/models/core/IMissionTeam.java","femr/data/models/core/IMissionTrip.java","femr/data/models/core/IPatient.java","femr/data/models/core/IPatientAgeClassification.java","femr/data/models/core/IPatientEncounter.java","femr/data/models/core/IPatientEncounterPhoto.java","femr/data/models/core/IPatientEncounterTabField.java","femr/data/models/core/IPatientEncounterVital.java","femr/data/models/core/IPatientPrescription.java","femr/data/models/core/IPatientPrescriptionReplacement.java","femr/data/models/core/IPatientPrescriptionReplacementReason.java","femr/data/models/core/IPhoto.java","femr/data/models/core/IRole.java","femr/data/models/core/ISystemSetting.java","femr/data/models/core/ITab.java","femr/data/models/core/ITabField.java","femr/data/models/core/ITabFieldSize.java","femr/data/models/core/ITabFieldType.java","femr/data/models/core/IUser.java","femr/data/models/core/IVital.java","femr/data/models/core/research/IResearchEncounter.java","femr/data/models/core/research/IResearchEncounterVital.java","femr/data/models/mysql/ChiefComplaint.java","femr/data/models/mysql/Medication.java","femr/data/models/mysql/MedicationGeneric.java","femr/data/models/mysql/MedicationGenericStrength.java","femr/data/models/mysql/MedicationInventory.java","femr/data/models/mysql/MissionCity.java","femr/data/models/mysql/MissionCountry.java","femr/data/models/mysql/MissionTeam.java","femr/data/models/mysql/MissionTrip.java","femr/data/models/mysql/Patient.java","femr/data/models/mysql/PatientAgeClassification.java","femr/data/models/mysql/PatientEncounter.java","femr/data/models/mysql/PatientEncounterPhoto.java","femr/data/models/mysql/PatientEncounterTabField.java","femr/data/models/mysql/PatientEncounterVital.java","femr/data/models/mysql/PatientPrescription.java","femr/data/models/mysql/PatientPrescriptionReplacement.java","femr/data/models/mysql/PatientPrescriptionReplacementReason.java","femr/data/models/mysql/Photo.java","femr/data/models/mysql/Role.java","femr/data/models/mysql/SystemSetting.java","femr/data/models/mysql/Tab.java","femr/data/models/mysql/TabField.java","femr/data/models/mysql/TabFieldSize.java","femr/data/models/mysql/TabFieldType.java","femr/data/models/mysql/User.java","femr/data/models/mysql/Vital.java","femr/data/models/mysql/concepts/ConceptMedication.java","femr/data/models/mysql/concepts/ConceptMedicationForm.java","femr/data/models/mysql/concepts/ConceptMedicationGeneric.java","femr/data/models/mysql/concepts/ConceptMedicationGenericStrength.java","femr/data/models/mysql/concepts/ConceptMedicationUnit.java","femr/data/models/mysql/concepts/ConceptPrescriptionAdministration.java","femr/data/models/mysql/research/ResearchEncounter.java","femr/data/models/mysql/research/ResearchEncounterVital.java","femr/ui/models/research/json/ResearchGraphDataModel.java","femr/ui/models/research/json/ResearchItemModel.java","femr/util/calculations/dateUtils.java","femr/util/stringhelpers/CSVWriterGson.java","femr/util/stringhelpers/GsonFlattener.java","femr/util/stringhelpers/StringUtils.java"],"cells":[{"src":0,"dest":82,"values":{"Call":1.0,"Import":1.0,"Use":1.0}},{"src":0,"dest":27,"values":{"Call":3.0,"Parameter":1.0,"Import":1.0}},{"src":1,"dest":58,"values":{"Use":1.0}},{"src":1,"dest":65,"values":{"Use":1.0}},{"src":1,"dest":60,"values":{"Use":1.0}},{"src":1,"dest":79,"values":{"Use":1.0,"Import":1.0}},{"src":1,"dest":73,"values":{"Use":1.0,"Import":1.0}},{"src":1,"dest":51,"values":{"Use":1.0}},{"src":1,"dest":70,"values":{"Use":1.0}},{"src":1,"dest":62,"values":{"Use":1.0}},{"src":1,"dest":68,"values":{"Use":1.0}},{"src":1,"dest":67,"values":{"Use":1.0}},{"src":1,"dest":49,"values":{"Use":1.0}},{"src":1,"dest":71,"values":{"Use":1.0}},{"src":1,"dest":63,"values":{"Use":1.0}},{"src":1,"dest":72,"values":{"Use":1.0,"Import":1.0}},{"src":1,"dest":47,"values":{"Use":1.0}},{"src":1,"dest":56,"values":{"Use":1.0}},{"src":1,"dest":78,"values":{"Use":1.0,"Import":1.0}},{"src":1,"dest":66,"values":{"Use":1.0}},{"src":1,"dest":46,"values":{"Use":1.0}},{"src":1,"dest":55,"values":{"Use":1.0}},{"src":1,"dest":52,"values":{"Use":1.0}},{"src":1,"dest":76,"values":{"Use":1.0,"Import":1.0}},{"src":1,"dest":59,"values":{"Use":1.0}},{"src":1,"dest":61,"values":{"Use":1.0}},{"src":1,"dest":54,"values":{"Use":1.0}},{"src":1,"dest":64,"values":{"Use":1.0}},{"src":1,"dest":45,"values":{"Use":1.0}},{"src":1,"dest":69,"values":{"Use":1.0}},{"src":1,"dest":53,"values":{"Use":1.0}},{"src":1,"dest":57,"values":{"Use":1.0}},{"src":1,"dest":50,"values":{"Use":1.0}},{"src":2,"dest":9,"values":{"Parameter":2.0}},{"src":2,"dest":4,"values":{"Import":1.0,"Return":3.0}},{"src":2,"dest":80,"values":{"Import":1.0}},{"src":3,"dest":13,"values":{"Call":1.0,"Contain":1.0}},{"src":3,"dest":60,"values":{"Call":9.0,"Parameter":8.0,"Import":1.0,"Contain":2.0,"Use":8.0}},{"src":3,"dest":58,"values":{"Parameter":3.0,"Import":1.0,"Use":3.0}},{"src":3,"dest":84,"values":{"Call":2.0,"Import":1.0,"Contain":1.0,"Create":1.0}},{"src":3,"dest":79,"values":{"Call":10.0,"Parameter":3.0,"Import":1.0,"Contain":8.0,"Use":3.0}},{"src":3,"dest":8,"values":{"Call":17.0,"Import":1.0,"Return":1.0,"Use":6.0,"Create":1.0,"Parameter":6.0,"Contain":3.0}},{"src":3,"dest":12,"values":{"Call":10.0,"Parameter":3.0,"Import":1.0,"Contain":3.0,"Use":6.0}},{"src":3,"dest":17,"values":{"Call":4.0}},{"src":3,"dest":2,"values":{"Implement":1.0,"Import":1.0}},{"src":3,"dest":71,"values":{"Parameter":17.0,"Import":1.0,"Use":17.0}},{"src":3,"dest":21,"values":{"Call":1.0}},{"src":3,"dest":0,"values":{"Call":1.0,"Import":1.0,"Use":1.0}},{"src":3,"dest":10,"values":{"Call":57.0,"Import":1.0,"Create":9.0,"Use":35.0,"Parameter":27.0,"Contain":10.0}},{"src":3,"dest":29,"values":{"Call":2.0,"Parameter":5.0,"Contain":1.0,"Use":5.0}},{"src":3,"dest":78,"values":{"Parameter":12.0,"Import":1.0,"Use":12.0}},{"src":3,"dest":24,"values":{"Call":4.0}},{"src":3,"dest":9,"values":{"Call":59.0,"Parameter":10.0,"Import":1.0}},{"src":3,"dest":85,"values":{"Call":1.0,"Import":1.0,"Use":1.0}},{"src":3,"dest":23,"values":{"Call":1.0}},{"src":3,"dest":4,"values":{"Call":7.0,"Import":1.0,"Return":3.0,"Contain":3.0,"Create":3.0}},{"src":3,"dest":43,"values":{"Call":38.0,"Parameter":13.0,"Import":1.0,"Contain":8.0,"Use":11.0}},{"src":3,"dest":83,"values":{"Call":2.0,"Import":1.0,"Contain":1.0,"Create":1.0}},{"src":3,"dest":22,"values":{"Call":1.0}},{"src":3,"dest":25,"values":{"Call":35.0,"Contain":7.0}},{"src":3,"dest":31,"values":{"Call":3.0,"Contain":1.0}},{"src":3,"dest":11,"values":{"Call":85.0,"Import":1.0,"Return":7.0,"Use":10.0,"Create":13.0,"Parameter":4.0,"Contain":7.0}},{"src":3,"dest":38,"values":{"Call":1.0}},{"src":3,"dest":82,"values":{"Call":5.0,"Import":1.0,"Use":5.0}},{"src":3,"dest":1,"values":{"Call":10.0,"Import":1.0,"Use":10.0}},{"src":3,"dest":42,"values":{"Call":10.0,"Parameter":2.0,"Contain":4.0,"Use":2.0}},{"src":4,"dest":5,"values":{"Import":1.0}},{"src":6,"dest":7,"values":{"Parameter":1.0,"Return":1.0,"Contain":1.0,"Use":1.0}},{"src":11,"dest":10,"values":{"Parameter":2.0,"Use":2.0}},{"src":13,"dest":27,"values":{"Parameter":1.0,"Return":1.0}},{"src":17,"dest":49,"values":{"Import":1.0}},{"src":17,"dest":14,"values":{"Parameter":1.0,"Return":1.0}},{"src":19,"dest":15,"values":{"Parameter":1.0,"Return":1.0}},{"src":19,"dest":18,"values":{"Parameter":1.0,"Return":1.0}},{"src":20,"dest":17,"values":{"Parameter":1.0,"Return":1.0}},{"src":20,"dest":24,"values":{"Parameter":1.0,"Return":1.0}},{"src":21,"dest":22,"values":{"Parameter":1.0,"Return":1.0}},{"src":23,"dest":53,"values":{"Import":1.0}},{"src":24,"dest":41,"values":{"Parameter":1.0}},{"src":24,"dest":23,"values":{"Parameter":1.0,"Return":1.0}},{"src":24,"dest":21,"values":{"Parameter":1.0,"Return":1.0}},{"src":25,"dest":56,"values":{"Import":1.0}},{"src":25,"dest":34,"values":{"Parameter":1.0,"Return":1.0}},{"src":27,"dest":41,"values":{"Parameter":4.0,"Return":4.0}},{"src":27,"dest":26,"values":{"Parameter":1.0,"Return":1.0}},{"src":27,"dest":25,"values":{"Parameter":1.0,"Return":1.0}},{"src":27,"dest":24,"values":{"Parameter":1.0,"Return":1.0}},{"src":29,"dest":13,"values":{"Parameter":1.0}},{"src":29,"dest":45,"values":{"Import":1.0,"Return":1.0}},{"src":29,"dest":38,"values":{"Parameter":1.0,"Return":1.0}},{"src":29,"dest":70,"values":{"Parameter":1.0,"Import":1.0}},{"src":30,"dest":42,"values":{"Parameter":1.0,"Return":1.0}},{"src":31,"dest":41,"values":{"Parameter":1.0,"Return":1.0}},{"src":31,"dest":61,"values":{"Import":1.0}},{"src":31,"dest":16,"values":{"Parameter":1.0,"Return":1.0}},{"src":31,"dest":17,"values":{"Parameter":1.0,"Return":1.0}},{"src":31,"dest":27,"values":{"Parameter":1.0,"Return":1.0}},{"src":32,"dest":31,"values":{"Parameter":2.0,"Return":2.0}},{"src":32,"dest":33,"values":{"Parameter":1.0,"Return":1.0}},{"src":37,"dest":67,"values":{"Import":1.0}},{"src":38,"dest":37,"values":{"Parameter":1.0,"Return":1.0}},{"src":38,"dest":40,"values":{"Parameter":1.0,"Return":1.0}},{"src":38,"dest":39,"values":{"Parameter":1.0,"Return":1.0}},{"src":41,"dest":35,"values":{"Parameter":1.0}},{"src":43,"dest":41,"values":{"Parameter":3.0,"Return":3.0}},{"src":43,"dest":26,"values":{"Parameter":1.0,"Return":1.0}},{"src":43,"dest":25,"values":{"Parameter":1.0,"Return":1.0}},{"src":43,"dest":60,"values":{"Import":1.0}},{"src":43,"dest":79,"values":{"Import":1.0}},{"src":43,"dest":24,"values":{"Parameter":1.0,"Return":1.0}},{"src":44,"dest":56,"values":{"Import":1.0}},{"src":44,"dest":78,"values":{"Parameter":1.0,"Import":1.0,"Return":1.0}},{"src":44,"dest":42,"values":{"Parameter":1.0,"Import":1.0,"Return":1.0}},{"src":45,"dest":13,"values":{"Implement":1.0,"Import":1.0}},{"src":45,"dest":56,"values":{"Cast":1.0,"Contain":1.0,"Use":1.0}},{"src":45,"dest":27,"values":{"Parameter":1.0,"Import":1.0,"Return":1.0}},{"src":46,"dest":19,"values":{"Parameter":2.0,"Import":1.0,"Use":2.0}},{"src":46,"dest":73,"values":{"Cast":1.0,"Import":1.0,"Contain":1.0,"Use":1.0}},{"src":46,"dest":17,"values":{"Implement":1.0,"Import":1.0}},{"src":46,"dest":48,"values":{"Use":1.0}},{"src":46,"dest":14,"values":{"Parameter":1.0,"Import":1.0,"Return":1.0}},{"src":46,"dest":49,"values":{"Parameter":2.0,"Use":2.0}},{"src":47,"dest":18,"values":{"Implement":1.0,"Import":1.0}},{"src":48,"dest":15,"values":{"Parameter":1.0,"Import":1.0,"Return":1.0}},{"src":48,"dest":19,"values":{"Implement":1.0,"Import":1.0}},{"src":48,"dest":47,"values":{"Cast":1.0,"Contain":1.0,"Use":1.0}},{"src":48,"dest":76,"values":{"Cast":1.0,"Import":1.0,"Contain":1.0,"Use":1.0}},{"src":48,"dest":18,"values":{"Parameter":1.0,"Import":1.0,"Return":1.0}},{"src":49,"dest":20,"values":{"Implement":1.0,"Import":1.0}},{"src":49,"dest":46,"values":{"Cast":1.0,"Contain":1.0,"Use":1.0}},{"src":49,"dest":53,"values":{"Cast":1.0,"Contain":1.0,"Use":1.0}},{"src":49,"dest":17,"values":{"Parameter":1.0,"Import":1.0,"Return":1.0}},{"src":49,"dest":24,"values":{"Parameter":1.0,"Import":1.0,"Return":1.0}},{"src":50,"dest":22,"values":{"Parameter":1.0,"Import":1.0,"Return":1.0}},{"src":50,"dest":51,"values":{"Cast":1.0,"Contain":1.0,"Use":1.0}},{"src":50,"dest":21,"values":{"Implement":1.0,"Import":1.0}},{"src":51,"dest":22,"values":{"Implement":1.0,"Import":1.0}},{"src":52,"dest":23,"values":{"Implement":1.0,"Import":1.0}},{"src":52,"dest":53,"values":{"Parameter":2.0,"Use":2.0}},{"src":53,"dest":41,"values":{"Call":1.0,"Parameter":6.0,"Import":1.0,"Contain":1.0,"Use":5.0}},{"src":53,"dest":52,"values":{"Cast":1.0,"Contain":1.0,"Use":1.0}},{"src":53,"dest":23,"values":{"Parameter":1.0,"Import":1.0,"Return":1.0}},{"src":53,"dest":70,"values":{"Use":1.0}},{"src":53,"dest":50,"values":{"Cast":1.0,"Contain":1.0,"Use":1.0}},{"src":53,"dest":24,"values":{"Implement":1.0,"Import":1.0}},{"src":53,"dest":21,"values":{"Parameter":1.0,"Import":1.0,"Return":1.0}},{"src":54,"dest":63,"values":{"Cast":1.0,"Contain":1.0,"Use":1.0}},{"src":54,"dest":25,"values":{"Implement":1.0,"Import":1.0}},{"src":54,"dest":56,"values":{"Parameter":2.0,"Use":2.0}},{"src":54,"dest":34,"values":{"Parameter":1.0,"Import":1.0,"Return":1.0}},{"src":55,"dest":26,"values":{"Implement":1.0,"Import":1.0}},{"src":56,"dest":13,"values":{"Parameter":3.0,"Contain":1.0,"Use":3.0}},{"src":56,"dest":41,"values":{"Parameter":4.0,"Return":4.0}},{"src":56,"dest":45,"values":{"Cast":1.0,"Parameter":2.0,"Contain":1.0,"Use":2.0}},{"src":56,"dest":26,"values":{"Parameter":1.0,"Return":1.0}},{"src":56,"dest":25,"values":{"Parameter":1.0,"Return":1.0}},{"src":56,"dest":55,"values":{"Cast":1.0,"Contain":1.0,"Use":1.0}},{"src":56,"dest":53,"values":{"Cast":1.0,"Contain":1.0,"Use":1.0}},{"src":56,"dest":54,"values":{"Cast":1.0,"Contain":1.0,"Use":1.0}},{"src":56,"dest":70,"values":{"Cast":4.0,"Contain":4.0,"Use":4.0}},{"src":56,"dest":24,"values":{"Parameter":1.0,"Return":1.0}},{"src":56,"dest":27,"values":{"Implement":1.0}},{"src":57,"dest":28,"values":{"Implement":1.0,"Import":1.0}},{"src":58,"dest":13,"values":{"Parameter":1.0,"Import":1.0}},{"src":58,"dest":45,"values":{"Cast":1.0,"Return":1.0,"Contain":1.0,"Use":1.0}},{"src":58,"dest":29,"values":{"Implement":1.0,"Import":1.0}},{"src":58,"dest":38,"values":{"Parameter":1.0,"Import":1.0,"Return":1.0}},{"src":58,"dest":70,"values":{"Call":2.0,"Parameter":1.0,"Contain":1.0,"Use":1.0}},{"src":58,"dest":67,"values":{"Cast":1.0,"Contain":1.0,"Use":1.0}},{"src":59,"dest":30,"values":{"Implement":1.0,"Import":1.0}},{"src":59,"dest":71,"values":{"Cast":1.0,"Contain":1.0,"Use":1.0}},{"src":59,"dest":42,"values":{"Parameter":1.0,"Import":1.0,"Return":1.0}},{"src":60,"dest":41,"values":{"Parameter":1.0,"Return":1.0}},{"src":60,"dest":46,"values":{"Cast":1.0,"Contain":1.0,"Use":1.0}},{"src":60,"dest":31,"values":{"Implement":1.0}},{"src":60,"dest":56,"values":{"Cast":1.0,"Contain":1.0,"Use":1.0}},{"src":60,"dest":77,"values":{"Cast":1.0,"Import":1.0,"Contain":1.0,"Use":1.0}},{"src":60,"dest":61,"values":{"Parameter":2.0,"Use":2.0}},{"src":60,"dest":16,"values":{"Parameter":1.0,"Return":1.0}},{"src":60,"dest":70,"values":{"Cast":1.0,"Contain":1.0,"Use":1.0}},{"src":60,"dest":17,"values":{"Parameter":1.0,"Return":1.0}},{"src":60,"dest":27,"values":{"Parameter":1.0,"Return":1.0}},{"src":61,"dest":32,"values":{"Implement":1.0,"Import":1.0}},{"src":61,"dest":31,"values":{"Parameter":2.0,"Import":1.0,"Return":2.0}},{"src":61,"dest":60,"values":{"Cast":2.0,"Contain":2.0,"Use":2.0}},{"src":61,"dest":62,"values":{"Cast":1.0,"Contain":1.0,"Use":1.0}},{"src":61,"dest":33,"values":{"Parameter":1.0,"Import":1.0,"Return":1.0}},{"src":62,"dest":33,"values":{"Implement":1.0,"Import":1.0}},{"src":63,"dest":34,"values":{"Implement":1.0,"Import":1.0}},{"src":64,"dest":35,"values":{"Implement":1.0,"Import":1.0}},{"src":65,"dest":36,"values":{"Implement":1.0,"Import":1.0}},{"src":66,"dest":37,"values":{"Implement":1.0,"Import":1.0}},{"src":66,"dest":67,"values":{"Parameter":2.0,"Use":2.0}},{"src":67,"dest":69,"values":{"Cast":1.0,"Contain":1.0,"Use":1.0}},{"src":67,"dest":38,"values":{"Implement":1.0,"Import":1.0}},{"src":67,"dest":37,"values":{"Parameter":1.0,"Import":1.0,"Return":1.0}},{"src":67,"dest":40,"values":{"Parameter":1.0,"Import":1.0,"Return":1.0}},{"src":67,"dest":68,"values":{"Cast":1.0,"Contain":1.0,"Use":1.0}},{"src":67,"dest":66,"values":{"Cast":1.0,"Contain":1.0,"Use":1.0}},{"src":67,"dest":39,"values":{"Parameter":1.0,"Import":1.0,"Return":1.0}},{"src":68,"dest":39,"values":{"Implement":1.0,"Import":1.0}},{"src":69,"dest":40,"values":{"Implement":1.0,"Import":1.0}},{"src":70,"dest":41,"values":{"Implement":1.0,"Import":1.0}},{"src":70,"dest":35,"values":{"Parameter":3.0,"Import":1.0,"Contain":1.0,"Use":2.0}},{"src":70,"dest":53,"values":{"Use":1.0}},{"src":70,"dest":24,"values":{"Parameter":2.0,"Import":1.0,"Use":2.0}},{"src":70,"dest":64,"values":{"Use":1.0}},{"src":71,"dest":42,"values":{"Implement":1.0,"Import":1.0}},{"src":72,"dest":19,"values":{"Parameter":2.0,"Import":1.0,"Use":2.0}},{"src":72,"dest":73,"values":{"Cast":1.0,"Contain":1.0,"Use":1.0}},{"src":72,"dest":17,"values":{"Implement":1.0,"Import":1.0}},{"src":72,"dest":49,"values":{"Import":1.0}},{"src":72,"dest":14,"values":{"Parameter":1.0,"Import":1.0,"Return":1.0}},{"src":72,"dest":75,"values":{"Use":1.0}},{"src":73,"dest":14,"values":{"Implement":1.0,"Import":1.0}},{"src":74,"dest":18,"values":{"Implement":1.0,"Import":1.0}},{"src":75,"dest":15,"values":{"Parameter":1.0,"Import":1.0,"Return":1.0}},{"src":75,"dest":19,"values":{"Implement":1.0,"Import":1.0}},{"src":75,"dest":76,"values":{"Cast":1.0,"Contain":1.0,"Use":1.0}},{"src":75,"dest":74,"values":{"Cast":1.0,"Contain":1.0,"Use":1.0}},{"src":75,"dest":18,"values":{"Parameter":1.0,"Import":1.0,"Return":1.0}},{"src":76,"dest":15,"values":{"Implement":1.0,"Import":1.0}},{"src":77,"dest":16,"values":{"Implement":1.0,"Import":1.0}},{"src":78,"dest":13,"values":{"Parameter":3.0,"Contain":1.0,"Use":3.0}},{"src":78,"dest":26,"values":{"Parameter":1.0,"Return":1.0}},{"src":78,"dest":55,"values":{"Cast":1.0,"Contain":1.0,"Use":1.0}},{"src":78,"dest":43,"values":{"Implement":1.0,"Import":1.0}},{"src":78,"dest":60,"values":{"Parameter":2.0,"Use":2.0}},{"src":78,"dest":79,"values":{"Parameter":2.0,"Use":2.0}},{"src":78,"dest":54,"values":{"Cast":1.0,"Contain":1.0,"Use":1.0}},{"src":78,"dest":70,"values":{"Cast":3.0,"Contain":3.0,"Use":3.0}},{"src":78,"dest":41,"values":{"Parameter":3.0,"Return":3.0}},{"src":78,"dest":45,"values":{"Cast":1.0,"Parameter":2.0,"Contain":1.0,"Use":2.0}},{"src":78,"dest":25,"values":{"Parameter":1.0,"Return":1.0}},{"src":78,"dest":53,"values":{"Cast":1.0,"Contain":1.0,"Use":1.0}},{"src":78,"dest":24,"values":{"Parameter":1.0,"Return":1.0}},{"src":79,"dest":56,"values":{"Import":1.0}},{"src":79,"dest":44,"values":{"Implement":1.0,"Import":1.0}},{"src":79,"dest":78,"values":{"Parameter":1.0,"Return":1.0,"Contain":1.0,"Use":1.0}},{"src":79,"dest":71,"values":{"Cast":1.0,"Import":1.0,"Contain":1.0,"Use":1.0}},{"src":79,"dest":42,"values":{"Parameter":1.0,"Import":1.0,"Return":1.0}},{"src":80,"dest":81,"values":{"Parameter":2.0,"Use":2.0}},{"src":82,"dest":6,"values":{"Call":4.0,"Parameter":1.0,"Import":1.0}},{"src":85,"dest":82,"values":{"Call":2.0,"Import":1.0,"Use":2.0}}],"relationTypes":["Call","Import","Use","Parameter","Return","Contain","Create","Implement","Cast"]}