{"name":"fg_195.json","variables":["femr/business/services/core/IEncounterService.java","femr/business/services/core/IMissionTripService.java","femr/business/services/core/ISessionService.java","femr/business/services/core/IUserService.java","femr/common/dtos/CurrentUser.java","femr/common/dtos/ServiceResponse.java","femr/common/models/MissionTripItem.java","femr/common/models/PatientEncounterItem.java","femr/common/models/PatientItem.java","femr/common/models/TeamItem.java","femr/common/models/TripItem.java","femr/common/models/UserItem.java","femr/data/models/core/IChiefComplaint.java","femr/data/models/core/IMissionCity.java","femr/data/models/core/IMissionCountry.java","femr/data/models/core/IMissionTeam.java","femr/data/models/core/IMissionTrip.java","femr/data/models/core/IPatient.java","femr/data/models/core/IPatientAgeClassification.java","femr/data/models/core/IPatientEncounter.java","femr/data/models/core/IPatientEncounterTabField.java","femr/data/models/core/IPhoto.java","femr/data/models/core/IRole.java","femr/data/models/core/ITab.java","femr/data/models/core/ITabField.java","femr/data/models/core/ITabFieldSize.java","femr/data/models/core/ITabFieldType.java","femr/data/models/core/IUser.java","femr/data/models/mysql/ChiefComplaint.java","femr/data/models/mysql/MissionCity.java","femr/data/models/mysql/MissionCountry.java","femr/data/models/mysql/MissionTeam.java","femr/data/models/mysql/MissionTrip.java","femr/data/models/mysql/Patient.java","femr/data/models/mysql/PatientAgeClassification.java","femr/data/models/mysql/PatientEncounter.java","femr/data/models/mysql/PatientEncounterTabField.java","femr/data/models/mysql/Photo.java","femr/data/models/mysql/Role.java","femr/data/models/mysql/Roles.java","femr/data/models/mysql/Tab.java","femr/data/models/mysql/TabField.java","femr/data/models/mysql/TabFieldSize.java","femr/data/models/mysql/TabFieldType.java","femr/data/models/mysql/User.java","femr/ui/controllers/manager/ManagerController.java","femr/ui/helpers/security/AllowedRoles.java","femr/ui/helpers/security/AllowedRolesAction.java","femr/ui/helpers/security/FEMRAuthenticated.java","femr/ui/models/manager/IndexViewModelGet.java","femr/util/calculations/dateUtils.java","femr/util/stringhelpers/StringUtils.java"],"cells":[{"src":0,"dest":5,"values":{"Import":1.0,"Return":13.0}},{"src":0,"dest":20,"values":{"Import":1.0}},{"src":0,"dest":36,"values":{"Import":1.0}},{"src":0,"dest":7,"values":{"Import":1.0}},{"src":0,"dest":19,"values":{"Import":1.0}},{"src":1,"dest":5,"values":{"Import":1.0,"Return":10.0}},{"src":1,"dest":16,"values":{"Import":1.0}},{"src":1,"dest":10,"values":{"Parameter":1.0}},{"src":1,"dest":9,"values":{"Parameter":1.0}},{"src":2,"dest":5,"values":{"Import":1.0,"Return":1.0}},{"src":2,"dest":4,"values":{"Import":1.0,"Return":1.0}},{"src":3,"dest":11,"values":{"Parameter":2.0,"Import":1.0}},{"src":3,"dest":27,"values":{"Parameter":1.0,"Import":1.0,"Return":2.0}},{"src":3,"dest":5,"values":{"Import":1.0,"Return":8.0}},{"src":3,"dest":22,"values":{"Import":1.0}},{"src":4,"dest":22,"values":{"Parameter":2.0,"Import":1.0,"Use":2.0}},{"src":5,"dest":6,"values":{"Import":1.0}},{"src":7,"dest":8,"values":{"Parameter":1.0,"Return":1.0,"Contain":1.0,"Use":1.0}},{"src":12,"dest":19,"values":{"Parameter":1.0,"Return":1.0}},{"src":13,"dest":14,"values":{"Parameter":1.0,"Return":1.0}},{"src":15,"dest":32,"values":{"Import":1.0}},{"src":16,"dest":27,"values":{"Parameter":1.0}},{"src":16,"dest":15,"values":{"Parameter":1.0,"Return":1.0}},{"src":16,"dest":13,"values":{"Parameter":1.0,"Return":1.0}},{"src":17,"dest":35,"values":{"Import":1.0}},{"src":17,"dest":21,"values":{"Parameter":1.0,"Return":1.0}},{"src":19,"dest":27,"values":{"Parameter":4.0,"Return":4.0}},{"src":19,"dest":18,"values":{"Parameter":1.0,"Return":1.0}},{"src":19,"dest":17,"values":{"Parameter":1.0,"Return":1.0}},{"src":19,"dest":16,"values":{"Parameter":1.0,"Return":1.0}},{"src":20,"dest":12,"values":{"Parameter":1.0}},{"src":20,"dest":28,"values":{"Import":1.0,"Return":1.0}},{"src":20,"dest":24,"values":{"Parameter":1.0,"Return":1.0}},{"src":20,"dest":44,"values":{"Parameter":1.0,"Import":1.0}},{"src":23,"dest":41,"values":{"Import":1.0}},{"src":24,"dest":23,"values":{"Parameter":1.0,"Return":1.0}},{"src":24,"dest":26,"values":{"Parameter":1.0,"Return":1.0}},{"src":24,"dest":25,"values":{"Parameter":1.0,"Return":1.0}},{"src":27,"dest":22,"values":{"Parameter":1.0}},{"src":28,"dest":12,"values":{"Implement":1.0,"Import":1.0}},{"src":28,"dest":35,"values":{"Cast":1.0,"Contain":1.0,"Use":1.0}},{"src":28,"dest":19,"values":{"Parameter":1.0,"Import":1.0,"Return":1.0}},{"src":29,"dest":14,"values":{"Parameter":1.0,"Import":1.0,"Return":1.0}},{"src":29,"dest":30,"values":{"Cast":1.0,"Contain":1.0,"Use":1.0}},{"src":29,"dest":13,"values":{"Implement":1.0,"Import":1.0}},{"src":30,"dest":14,"values":{"Implement":1.0,"Import":1.0}},{"src":31,"dest":15,"values":{"Implement":1.0,"Import":1.0}},{"src":31,"dest":32,"values":{"Parameter":2.0,"Use":2.0}},{"src":32,"dest":27,"values":{"Call":1.0,"Parameter":6.0,"Import":1.0,"Contain":1.0,"Use":5.0}},{"src":32,"dest":31,"values":{"Cast":1.0,"Contain":1.0,"Use":1.0}},{"src":32,"dest":15,"values":{"Parameter":1.0,"Import":1.0,"Return":1.0}},{"src":32,"dest":44,"values":{"Use":1.0}},{"src":32,"dest":29,"values":{"Cast":1.0,"Contain":1.0,"Use":1.0}},{"src":32,"dest":16,"values":{"Implement":1.0,"Import":1.0}},{"src":32,"dest":13,"values":{"Parameter":1.0,"Import":1.0,"Return":1.0}},{"src":33,"dest":37,"values":{"Cast":1.0,"Contain":1.0,"Use":1.0}},{"src":33,"dest":17,"values":{"Implement":1.0,"Import":1.0}},{"src":33,"dest":35,"values":{"Parameter":2.0,"Use":2.0}},{"src":33,"dest":21,"values":{"Parameter":1.0,"Import":1.0,"Return":1.0}},{"src":34,"dest":18,"values":{"Implement":1.0,"Import":1.0}},{"src":35,"dest":12,"values":{"Parameter":3.0,"Contain":1.0,"Use":3.0}},{"src":35,"dest":27,"values":{"Parameter":4.0,"Return":4.0}},{"src":35,"dest":28,"values":{"Cast":1.0,"Parameter":2.0,"Contain":1.0,"Use":2.0}},{"src":35,"dest":18,"values":{"Parameter":1.0,"Return":1.0}},{"src":35,"dest":17,"values":{"Parameter":1.0,"Return":1.0}},{"src":35,"dest":34,"values":{"Cast":1.0,"Contain":1.0,"Use":1.0}},{"src":35,"dest":32,"values":{"Cast":1.0,"Contain":1.0,"Use":1.0}},{"src":35,"dest":33,"values":{"Cast":1.0,"Contain":1.0,"Use":1.0}},{"src":35,"dest":44,"values":{"Cast":4.0,"Contain":4.0,"Use":4.0}},{"src":35,"dest":16,"values":{"Parameter":1.0,"Return":1.0}},{"src":35,"dest":19,"values":{"Implement":1.0}},{"src":36,"dest":12,"values":{"Parameter":1.0,"Import":1.0}},{"src":36,"dest":28,"values":{"Cast":1.0,"Return":1.0,"Contain":1.0,"Use":1.0}},{"src":36,"dest":20,"values":{"Implement":1.0,"Import":1.0}},{"src":36,"dest":24,"values":{"Parameter":1.0,"Import":1.0,"Return":1.0}},{"src":36,"dest":44,"values":{"Call":2.0,"Parameter":1.0,"Contain":1.0,"Use":1.0}},{"src":36,"dest":41,"values":{"Cast":1.0,"Contain":1.0,"Use":1.0}},{"src":37,"dest":21,"values":{"Implement":1.0,"Import":1.0}},{"src":38,"dest":22,"values":{"Implement":1.0,"Import":1.0}},{"src":40,"dest":23,"values":{"Implement":1.0,"Import":1.0}},{"src":40,"dest":41,"values":{"Parameter":2.0,"Use":2.0}},{"src":41,"dest":43,"values":{"Cast":1.0,"Contain":1.0,"Use":1.0}},{"src":41,"dest":24,"values":{"Implement":1.0,"Import":1.0}},{"src":41,"dest":23,"values":{"Parameter":1.0,"Import":1.0,"Return":1.0}},{"src":41,"dest":26,"values":{"Parameter":1.0,"Import":1.0,"Return":1.0}},{"src":41,"dest":42,"values":{"Cast":1.0,"Contain":1.0,"Use":1.0}},{"src":41,"dest":40,"values":{"Cast":1.0,"Contain":1.0,"Use":1.0}},{"src":41,"dest":25,"values":{"Parameter":1.0,"Import":1.0,"Return":1.0}},{"src":42,"dest":25,"values":{"Implement":1.0,"Import":1.0}},{"src":43,"dest":26,"values":{"Implement":1.0,"Import":1.0}},{"src":44,"dest":27,"values":{"Implement":1.0,"Import":1.0}},{"src":44,"dest":22,"values":{"Parameter":3.0,"Import":1.0,"Contain":1.0,"Use":2.0}},{"src":44,"dest":32,"values":{"Use":1.0}},{"src":44,"dest":16,"values":{"Parameter":2.0,"Import":1.0,"Use":2.0}},{"src":44,"dest":38,"values":{"Use":1.0}},{"src":45,"dest":6,"values":{"Parameter":3.0,"Import":1.0,"Use":3.0}},{"src":45,"dest":51,"values":{"Call":1.0,"Import":1.0,"Use":1.0}},{"src":45,"dest":48,"values":{"Use":1.0,"Import":1.0}},{"src":45,"dest":5,"values":{"Call":6.0,"Import":1.0,"Contain":2.0}},{"src":45,"dest":2,"values":{"Call":1.0,"Parameter":1.0,"Contain":1.0,"Use":1.0}},{"src":45,"dest":46,"values":{"Annotation":1.0,"Import":1.0}},{"src":45,"dest":4,"values":{"Call":3.0,"Import":1.0,"Contain":1.0}},{"src":45,"dest":49,"values":{"Call":4.0,"Import":1.0,"Contain":1.0,"Create":1.0}},{"src":45,"dest":1,"values":{"Call":1.0,"Parameter":1.0,"Contain":1.0,"Use":1.0}},{"src":45,"dest":7,"values":{"Parameter":3.0,"Import":1.0,"Use":3.0}},{"src":45,"dest":39,"values":{"Use":2.0,"Import":1.0}},{"src":45,"dest":50,"values":{"Call":1.0,"Import":1.0,"Use":1.0}},{"src":45,"dest":0,"values":{"Call":1.0,"Parameter":1.0,"Contain":1.0,"Use":1.0}},{"src":46,"dest":47,"values":{"Use":1.0}},{"src":47,"dest":22,"values":{"Call":1.0,"Parameter":3.0,"Import":1.0,"Contain":1.0,"Use":3.0}},{"src":47,"dest":3,"values":{"Call":1.0,"Parameter":1.0,"Import":1.0,"Contain":1.0,"Use":1.0}},{"src":49,"dest":7,"values":{"Parameter":2.0,"Import":1.0,"Use":2.0}},{"src":50,"dest":7,"values":{"Call":4.0,"Parameter":1.0,"Import":1.0}},{"src":51,"dest":50,"values":{"Call":2.0,"Import":1.0,"Use":2.0}}],"relationTypes":["Import","Return","Parameter","Use","Contain","Implement","Cast","Call","Annotation","Create"]}