{"name":"fg_204.json","variables":["femr/common/models/MissionTripItem.java","femr/common/models/PatientEncounterItem.java","femr/common/models/PatientItem.java","femr/ui/models/admin/users/EditViewModel.java","femr/util/calculations/dateUtils.java","femr/util/stringhelpers/StringUtils.java"],"cells":[{"src":1,"dest":2,"values":{"Parameter":1.0,"Return":1.0,"Contain":1.0,"Use":1.0}},{"src":3,"dest":0,"values":{"Parameter":2.0,"Import":1.0,"Use":2.0}},{"src":3,"dest":5,"values":{"Call":2.0,"Import":1.0,"Use":2.0}},{"src":4,"dest":1,"values":{"Call":4.0,"Parameter":1.0,"Import":1.0}},{"src":5,"dest":4,"values":{"Call":2.0,"Import":1.0,"Use":2.0}}],"relationTypes":["Parameter","Return","Contain","Use","Import","Call"]}