{"name":"fg_227.json","variables":["femr/business/services/core/IEncounterService.java","femr/business/services/core/ISearchService.java","femr/business/services/core/ITabService.java","femr/business/services/core/IUserService.java","femr/business/services/core/IVitalService.java","femr/common/dtos/ServiceResponse.java","femr/common/models/MedicationItem.java","femr/common/models/MissionTripItem.java","femr/common/models/PatientEncounterItem.java","femr/common/models/PatientItem.java","femr/common/models/PrescriptionItem.java","femr/common/models/ProblemItem.java","femr/common/models/TabFieldItem.java","femr/common/models/TabItem.java","femr/common/models/UserItem.java","femr/common/models/VitalItem.java","femr/data/models/core/IChiefComplaint.java","femr/data/models/core/IMissionCity.java","femr/data/models/core/IMissionCountry.java","femr/data/models/core/IMissionTeam.java","femr/data/models/core/IMissionTrip.java","femr/data/models/core/IPatient.java","femr/data/models/core/IPatientAgeClassification.java","femr/data/models/core/IPatientEncounter.java","femr/data/models/core/IPatientEncounterTabField.java","femr/data/models/core/IPhoto.java","femr/data/models/core/IRole.java","femr/data/models/core/ITab.java","femr/data/models/core/ITabField.java","femr/data/models/core/ITabFieldSize.java","femr/data/models/core/ITabFieldType.java","femr/data/models/core/IUser.java","femr/data/models/mysql/ChiefComplaint.java","femr/data/models/mysql/MissionCity.java","femr/data/models/mysql/MissionCountry.java","femr/data/models/mysql/MissionTeam.java","femr/data/models/mysql/MissionTrip.java","femr/data/models/mysql/Patient.java","femr/data/models/mysql/PatientAgeClassification.java","femr/data/models/mysql/PatientEncounter.java","femr/data/models/mysql/PatientEncounterTabField.java","femr/data/models/mysql/Photo.java","femr/data/models/mysql/Role.java","femr/data/models/mysql/Roles.java","femr/data/models/mysql/Tab.java","femr/data/models/mysql/TabField.java","femr/data/models/mysql/TabFieldSize.java","femr/data/models/mysql/TabFieldType.java","femr/data/models/mysql/User.java","femr/ui/controllers/PDFController.java","femr/ui/helpers/security/AllowedRoles.java","femr/ui/helpers/security/AllowedRolesAction.java","femr/ui/helpers/security/FEMRAuthenticated.java","femr/util/DataStructure/Mapping/AbstractMultiMap.java","femr/util/DataStructure/Mapping/TabFieldMultiMap.java","femr/util/DataStructure/Mapping/VitalMultiMap.java","femr/util/calculations/dateUtils.java","femr/util/stringhelpers/StringUtils.java"],"cells":[{"src":0,"dest":5,"values":{"Import":1.0,"Return":13.0}},{"src":0,"dest":24,"values":{"Import":1.0}},{"src":0,"dest":40,"values":{"Import":1.0}},{"src":0,"dest":8,"values":{"Import":1.0}},{"src":0,"dest":23,"values":{"Import":1.0}},{"src":1,"dest":5,"values":{"Import":1.0,"Return":14.0}},{"src":2,"dest":54,"values":{"Import":1.0}},{"src":2,"dest":5,"values":{"Import":1.0,"Return":16.0}},{"src":2,"dest":13,"values":{"Parameter":2.0,"Import":1.0}},{"src":2,"dest":12,"values":{"Parameter":2.0,"Import":1.0}},{"src":3,"dest":14,"values":{"Parameter":2.0,"Import":1.0}},{"src":3,"dest":31,"values":{"Parameter":1.0,"Import":1.0,"Return":2.0}},{"src":3,"dest":5,"values":{"Import":1.0,"Return":8.0}},{"src":3,"dest":26,"values":{"Import":1.0}},{"src":4,"dest":55,"values":{"Import":1.0}},{"src":4,"dest":5,"values":{"Import":1.0,"Return":4.0}},{"src":4,"dest":15,"values":{"Import":1.0}},{"src":5,"dest":7,"values":{"Import":1.0}},{"src":8,"dest":9,"values":{"Parameter":1.0,"Return":1.0,"Contain":1.0,"Use":1.0}},{"src":10,"dest":6,"values":{"Call":1.0,"Parameter":3.0,"Return":1.0,"Contain":1.0,"Use":3.0}},{"src":13,"dest":12,"values":{"Call":1.0,"Parameter":2.0,"Return":1.0,"Contain":1.0,"Use":2.0}},{"src":16,"dest":23,"values":{"Parameter":1.0,"Return":1.0}},{"src":17,"dest":18,"values":{"Parameter":1.0,"Return":1.0}},{"src":19,"dest":36,"values":{"Import":1.0}},{"src":20,"dest":31,"values":{"Parameter":1.0}},{"src":20,"dest":19,"values":{"Parameter":1.0,"Return":1.0}},{"src":20,"dest":17,"values":{"Parameter":1.0,"Return":1.0}},{"src":21,"dest":39,"values":{"Import":1.0}},{"src":21,"dest":25,"values":{"Parameter":1.0,"Return":1.0}},{"src":23,"dest":31,"values":{"Parameter":4.0,"Return":4.0}},{"src":23,"dest":22,"values":{"Parameter":1.0,"Return":1.0}},{"src":23,"dest":21,"values":{"Parameter":1.0,"Return":1.0}},{"src":23,"dest":20,"values":{"Parameter":1.0,"Return":1.0}},{"src":24,"dest":16,"values":{"Parameter":1.0}},{"src":24,"dest":32,"values":{"Import":1.0,"Return":1.0}},{"src":24,"dest":28,"values":{"Parameter":1.0,"Return":1.0}},{"src":24,"dest":48,"values":{"Parameter":1.0,"Import":1.0}},{"src":27,"dest":45,"values":{"Import":1.0}},{"src":28,"dest":27,"values":{"Parameter":1.0,"Return":1.0}},{"src":28,"dest":30,"values":{"Parameter":1.0,"Return":1.0}},{"src":28,"dest":29,"values":{"Parameter":1.0,"Return":1.0}},{"src":31,"dest":26,"values":{"Parameter":1.0}},{"src":32,"dest":16,"values":{"Implement":1.0,"Import":1.0}},{"src":32,"dest":39,"values":{"Cast":1.0,"Contain":1.0,"Use":1.0}},{"src":32,"dest":23,"values":{"Parameter":1.0,"Import":1.0,"Return":1.0}},{"src":33,"dest":18,"values":{"Parameter":1.0,"Import":1.0,"Return":1.0}},{"src":33,"dest":34,"values":{"Cast":1.0,"Contain":1.0,"Use":1.0}},{"src":33,"dest":17,"values":{"Implement":1.0,"Import":1.0}},{"src":34,"dest":18,"values":{"Implement":1.0,"Import":1.0}},{"src":35,"dest":19,"values":{"Implement":1.0,"Import":1.0}},{"src":35,"dest":36,"values":{"Parameter":2.0,"Use":2.0}},{"src":36,"dest":31,"values":{"Call":1.0,"Parameter":6.0,"Import":1.0,"Contain":1.0,"Use":5.0}},{"src":36,"dest":35,"values":{"Cast":1.0,"Contain":1.0,"Use":1.0}},{"src":36,"dest":19,"values":{"Parameter":1.0,"Import":1.0,"Return":1.0}},{"src":36,"dest":48,"values":{"Use":1.0}},{"src":36,"dest":33,"values":{"Cast":1.0,"Contain":1.0,"Use":1.0}},{"src":36,"dest":20,"values":{"Implement":1.0,"Import":1.0}},{"src":36,"dest":17,"values":{"Parameter":1.0,"Import":1.0,"Return":1.0}},{"src":37,"dest":41,"values":{"Cast":1.0,"Contain":1.0,"Use":1.0}},{"src":37,"dest":21,"values":{"Implement":1.0,"Import":1.0}},{"src":37,"dest":39,"values":{"Parameter":2.0,"Use":2.0}},{"src":37,"dest":25,"values":{"Parameter":1.0,"Import":1.0,"Return":1.0}},{"src":38,"dest":22,"values":{"Implement":1.0,"Import":1.0}},{"src":39,"dest":16,"values":{"Parameter":3.0,"Contain":1.0,"Use":3.0}},{"src":39,"dest":31,"values":{"Parameter":4.0,"Return":4.0}},{"src":39,"dest":32,"values":{"Cast":1.0,"Parameter":2.0,"Contain":1.0,"Use":2.0}},{"src":39,"dest":22,"values":{"Parameter":1.0,"Return":1.0}},{"src":39,"dest":21,"values":{"Parameter":1.0,"Return":1.0}},{"src":39,"dest":38,"values":{"Cast":1.0,"Contain":1.0,"Use":1.0}},{"src":39,"dest":36,"values":{"Cast":1.0,"Contain":1.0,"Use":1.0}},{"src":39,"dest":37,"values":{"Cast":1.0,"Contain":1.0,"Use":1.0}},{"src":39,"dest":48,"values":{"Cast":4.0,"Contain":4.0,"Use":4.0}},{"src":39,"dest":20,"values":{"Parameter":1.0,"Return":1.0}},{"src":39,"dest":23,"values":{"Implement":1.0}},{"src":40,"dest":16,"values":{"Parameter":1.0,"Import":1.0}},{"src":40,"dest":32,"values":{"Cast":1.0,"Return":1.0,"Contain":1.0,"Use":1.0}},{"src":40,"dest":24,"values":{"Implement":1.0,"Import":1.0}},{"src":40,"dest":28,"values":{"Parameter":1.0,"Import":1.0,"Return":1.0}},{"src":40,"dest":48,"values":{"Call":2.0,"Parameter":1.0,"Contain":1.0,"Use":1.0}},{"src":40,"dest":45,"values":{"Cast":1.0,"Contain":1.0,"Use":1.0}},{"src":41,"dest":25,"values":{"Implement":1.0,"Import":1.0}},{"src":42,"dest":26,"values":{"Implement":1.0,"Import":1.0}},{"src":44,"dest":27,"values":{"Implement":1.0,"Import":1.0}},{"src":44,"dest":45,"values":{"Parameter":2.0,"Use":2.0}},{"src":45,"dest":47,"values":{"Cast":1.0,"Contain":1.0,"Use":1.0}},{"src":45,"dest":28,"values":{"Implement":1.0,"Import":1.0}},{"src":45,"dest":27,"values":{"Parameter":1.0,"Import":1.0,"Return":1.0}},{"src":45,"dest":30,"values":{"Parameter":1.0,"Import":1.0,"Return":1.0}},{"src":45,"dest":46,"values":{"Cast":1.0,"Contain":1.0,"Use":1.0}},{"src":45,"dest":44,"values":{"Cast":1.0,"Contain":1.0,"Use":1.0}},{"src":45,"dest":29,"values":{"Parameter":1.0,"Import":1.0,"Return":1.0}},{"src":46,"dest":29,"values":{"Implement":1.0,"Import":1.0}},{"src":47,"dest":30,"values":{"Implement":1.0,"Import":1.0}},{"src":48,"dest":31,"values":{"Implement":1.0,"Import":1.0}},{"src":48,"dest":26,"values":{"Parameter":3.0,"Import":1.0,"Contain":1.0,"Use":2.0}},{"src":48,"dest":36,"values":{"Use":1.0}},{"src":48,"dest":20,"values":{"Parameter":2.0,"Import":1.0,"Use":2.0}},{"src":48,"dest":42,"values":{"Use":1.0}},{"src":49,"dest":2,"values":{"Call":1.0,"Parameter":1.0,"Contain":1.0,"Use":1.0}},{"src":49,"dest":9,"values":{"Call":9.0,"Parameter":4.0,"Contain":1.0,"Use":3.0}},{"src":49,"dest":57,"values":{"Import":1.0}},{"src":49,"dest":54,"values":{"Call":19.0,"Parameter":6.0,"Import":1.0,"Contain":1.0,"Use":3.0}},{"src":49,"dest":52,"values":{"Use":1.0,"Import":1.0}},{"src":49,"dest":55,"values":{"Call":7.0,"Parameter":5.0,"Import":1.0,"Contain":1.0,"Use":3.0}},{"src":49,"dest":5,"values":{"Call":12.0,"Import":1.0,"Contain":6.0}},{"src":49,"dest":50,"values":{"Annotation":1.0,"Import":1.0}},{"src":49,"dest":4,"values":{"Call":1.0,"Parameter":1.0,"Contain":1.0,"Use":1.0}},{"src":49,"dest":53,"values":{"Call":10.0}},{"src":49,"dest":10,"values":{"Call":7.0,"Parameter":6.0,"Contain":1.0,"Use":6.0}},{"src":49,"dest":11,"values":{"Call":1.0,"Parameter":6.0,"Contain":1.0,"Use":6.0}},{"src":49,"dest":8,"values":{"Call":6.0,"Parameter":5.0,"Contain":1.0,"Use":3.0}},{"src":49,"dest":43,"values":{"Use":6.0}},{"src":49,"dest":0,"values":{"Call":1.0,"Parameter":1.0,"Contain":1.0,"Use":1.0}},{"src":49,"dest":1,"values":{"Call":3.0,"Parameter":1.0,"Contain":1.0,"Use":1.0}},{"src":49,"dest":12,"values":{"Call":16.0,"Contain":7.0,"Use":1.0}},{"src":50,"dest":51,"values":{"Use":1.0}},{"src":51,"dest":26,"values":{"Call":1.0,"Parameter":3.0,"Import":1.0,"Contain":1.0,"Use":3.0}},{"src":51,"dest":3,"values":{"Call":1.0,"Parameter":1.0,"Import":1.0,"Contain":1.0,"Use":1.0}},{"src":53,"dest":57,"values":{"Call":1.0,"Import":1.0,"Use":1.0}},{"src":54,"dest":57,"values":{"Call":4.0,"Import":1.0,"Use":4.0}},{"src":54,"dest":53,"values":{"Call":3.0,"Extend":1.0,"Use":8.0}},{"src":54,"dest":12,"values":{"Cast":5.0,"Call":4.0,"Import":1.0,"Return":2.0,"Use":4.0,"Contain":2.0}},{"src":55,"dest":53,"values":{"Extend":1.0,"Use":5.0}},{"src":56,"dest":8,"values":{"Call":4.0,"Parameter":1.0,"Import":1.0}},{"src":57,"dest":56,"values":{"Call":2.0,"Import":1.0,"Use":2.0}}],"relationTypes":["Import","Return","Parameter","Contain","Use","Call","Implement","Cast","Annotation","Extend"]}