{"name":"fg_224.json","variables":["femr/business/services/core/ISessionService.java","femr/business/services/core/IUserService.java","femr/common/dtos/CurrentUser.java","femr/common/dtos/ServiceResponse.java","femr/common/models/MissionTripItem.java","femr/common/models/UserItem.java","femr/data/models/core/IRole.java","femr/data/models/core/IUser.java","femr/data/models/mysql/Roles.java","femr/ui/controllers/admin/AdminController.java","femr/ui/helpers/security/AllowedRoles.java","femr/ui/helpers/security/AllowedRolesAction.java","femr/ui/helpers/security/FEMRAuthenticated.java"],"cells":[{"src":0,"dest":3,"values":{"Import":1.0,"Return":1.0}},{"src":0,"dest":2,"values":{"Import":1.0,"Return":1.0}},{"src":1,"dest":5,"values":{"Parameter":2.0,"Import":1.0}},{"src":1,"dest":7,"values":{"Parameter":1.0,"Import":1.0,"Return":2.0}},{"src":1,"dest":3,"values":{"Import":1.0,"Return":8.0}},{"src":1,"dest":6,"values":{"Import":1.0}},{"src":2,"dest":6,"values":{"Parameter":2.0,"Import":1.0,"Use":2.0}},{"src":3,"dest":4,"values":{"Import":1.0}},{"src":7,"dest":6,"values":{"Parameter":1.0}},{"src":9,"dest":12,"values":{"Use":1.0,"Import":1.0}},{"src":9,"dest":0,"values":{"Call":1.0,"Parameter":1.0,"Import":1.0,"Contain":1.0,"Use":1.0}},{"src":9,"dest":8,"values":{"Use":4.0,"Import":1.0}},{"src":9,"dest":10,"values":{"Annotation":1.0,"Import":1.0}},{"src":9,"dest":2,"values":{"Import":1.0,"Contain":1.0}},{"src":10,"dest":11,"values":{"Use":1.0}},{"src":11,"dest":6,"values":{"Call":1.0,"Parameter":3.0,"Import":1.0,"Contain":1.0,"Use":3.0}},{"src":11,"dest":1,"values":{"Call":1.0,"Parameter":1.0,"Import":1.0,"Contain":1.0,"Use":1.0}}],"relationTypes":["Import","Return","Parameter","Use","Call","Contain","Annotation"]}