{"name":"fg_212.json","variables":["femr/business/services/core/IMissionTripService.java","femr/business/services/core/ISessionService.java","femr/business/services/core/IUserService.java","femr/common/dtos/CurrentUser.java","femr/common/dtos/ServiceResponse.java","femr/common/models/CityItem.java","femr/common/models/MissionItem.java","femr/common/models/MissionTripItem.java","femr/common/models/TeamItem.java","femr/common/models/TripItem.java","femr/common/models/UserItem.java","femr/data/models/core/IMissionCity.java","femr/data/models/core/IMissionCountry.java","femr/data/models/core/IMissionTeam.java","femr/data/models/core/IMissionTrip.java","femr/data/models/core/IRole.java","femr/data/models/core/IUser.java","femr/data/models/mysql/MissionCity.java","femr/data/models/mysql/MissionCountry.java","femr/data/models/mysql/MissionTeam.java","femr/data/models/mysql/MissionTrip.java","femr/data/models/mysql/Role.java","femr/data/models/mysql/Roles.java","femr/data/models/mysql/User.java","femr/ui/controllers/admin/TripController.java","femr/ui/helpers/security/AllowedRoles.java","femr/ui/helpers/security/AllowedRolesAction.java","femr/ui/helpers/security/FEMRAuthenticated.java","femr/ui/models/admin/trips/EditViewModelGet.java","femr/ui/models/admin/trips/EditViewModelPost.java","femr/ui/models/admin/trips/TripViewModelGet.java","femr/ui/models/admin/trips/TripViewModelPost.java"],"cells":[{"src":0,"dest":4,"values":{"Import":1.0,"Return":10.0}},{"src":0,"dest":14,"values":{"Import":1.0}},{"src":0,"dest":9,"values":{"Parameter":1.0}},{"src":0,"dest":8,"values":{"Parameter":1.0}},{"src":1,"dest":4,"values":{"Import":1.0,"Return":1.0}},{"src":1,"dest":3,"values":{"Import":1.0,"Return":1.0}},{"src":2,"dest":10,"values":{"Parameter":2.0,"Import":1.0}},{"src":2,"dest":16,"values":{"Parameter":1.0,"Import":1.0,"Return":2.0}},{"src":2,"dest":4,"values":{"Import":1.0,"Return":8.0}},{"src":2,"dest":15,"values":{"Import":1.0}},{"src":3,"dest":15,"values":{"Parameter":2.0,"Import":1.0,"Use":2.0}},{"src":4,"dest":7,"values":{"Import":1.0}},{"src":6,"dest":7,"values":{"Parameter":3.0,"Use":2.0}},{"src":11,"dest":12,"values":{"Parameter":1.0,"Return":1.0}},{"src":13,"dest":20,"values":{"Import":1.0}},{"src":14,"dest":16,"values":{"Parameter":1.0}},{"src":14,"dest":13,"values":{"Parameter":1.0,"Return":1.0}},{"src":14,"dest":11,"values":{"Parameter":1.0,"Return":1.0}},{"src":16,"dest":15,"values":{"Parameter":1.0}},{"src":17,"dest":12,"values":{"Parameter":1.0,"Import":1.0,"Return":1.0}},{"src":17,"dest":18,"values":{"Cast":1.0,"Contain":1.0,"Use":1.0}},{"src":17,"dest":11,"values":{"Implement":1.0,"Import":1.0}},{"src":18,"dest":12,"values":{"Implement":1.0,"Import":1.0}},{"src":19,"dest":13,"values":{"Implement":1.0,"Import":1.0}},{"src":19,"dest":20,"values":{"Parameter":2.0,"Use":2.0}},{"src":20,"dest":16,"values":{"Call":1.0,"Parameter":6.0,"Import":1.0,"Contain":1.0,"Use":5.0}},{"src":20,"dest":19,"values":{"Cast":1.0,"Contain":1.0,"Use":1.0}},{"src":20,"dest":13,"values":{"Parameter":1.0,"Import":1.0,"Return":1.0}},{"src":20,"dest":23,"values":{"Use":1.0}},{"src":20,"dest":17,"values":{"Cast":1.0,"Contain":1.0,"Use":1.0}},{"src":20,"dest":14,"values":{"Implement":1.0,"Import":1.0}},{"src":20,"dest":11,"values":{"Parameter":1.0,"Import":1.0,"Return":1.0}},{"src":21,"dest":15,"values":{"Implement":1.0,"Import":1.0}},{"src":23,"dest":16,"values":{"Implement":1.0,"Import":1.0}},{"src":23,"dest":15,"values":{"Parameter":3.0,"Import":1.0,"Contain":1.0,"Use":2.0}},{"src":23,"dest":20,"values":{"Use":1.0}},{"src":23,"dest":14,"values":{"Parameter":2.0,"Import":1.0,"Use":2.0}},{"src":23,"dest":21,"values":{"Use":1.0}},{"src":24,"dest":7,"values":{"Parameter":11.0,"Use":11.0}},{"src":24,"dest":27,"values":{"Use":1.0,"Import":1.0}},{"src":24,"dest":4,"values":{"Call":23.0,"Import":1.0,"Contain":11.0}},{"src":24,"dest":31,"values":{"Call":10.0,"Parameter":9.0,"Import":1.0,"Contain":3.0,"Use":12.0}},{"src":24,"dest":5,"values":{"Parameter":6.0,"Use":6.0}},{"src":24,"dest":1,"values":{"Call":8.0,"Parameter":1.0,"Import":1.0,"Contain":1.0,"Use":1.0}},{"src":24,"dest":25,"values":{"Annotation":1.0,"Import":1.0}},{"src":24,"dest":3,"values":{"Import":1.0,"Contain":8.0}},{"src":24,"dest":9,"values":{"Call":6.0,"Parameter":3.0,"Contain":1.0,"Create":1.0,"Use":3.0}},{"src":24,"dest":10,"values":{"Parameter":9.0,"Use":9.0}},{"src":24,"dest":28,"values":{"Call":6.0,"Import":1.0,"Contain":1.0,"Create":1.0}},{"src":24,"dest":0,"values":{"Call":9.0,"Parameter":1.0,"Import":1.0,"Contain":1.0,"Use":1.0}},{"src":24,"dest":6,"values":{"Parameter":3.0,"Use":3.0}},{"src":24,"dest":29,"values":{"Call":4.0,"Parameter":3.0,"Import":1.0,"Contain":1.0,"Use":4.0}},{"src":24,"dest":2,"values":{"Call":2.0,"Parameter":1.0,"Import":1.0,"Contain":1.0,"Use":1.0}},{"src":24,"dest":22,"values":{"Use":2.0,"Import":1.0}},{"src":24,"dest":30,"values":{"Call":6.0,"Import":1.0,"Return":1.0,"Contain":8.0,"Create":1.0}},{"src":24,"dest":8,"values":{"Call":4.0,"Parameter":3.0,"Contain":1.0,"Create":1.0,"Use":3.0}},{"src":25,"dest":26,"values":{"Use":1.0}},{"src":26,"dest":15,"values":{"Call":1.0,"Parameter":3.0,"Import":1.0,"Contain":1.0,"Use":3.0}},{"src":26,"dest":2,"values":{"Call":1.0,"Parameter":1.0,"Import":1.0,"Contain":1.0,"Use":1.0}},{"src":28,"dest":7,"values":{"Parameter":1.0,"Import":1.0,"Return":1.0,"Contain":1.0,"Use":1.0}},{"src":28,"dest":10,"values":{"Parameter":4.0,"Import":1.0,"Use":4.0}},{"src":30,"dest":6,"values":{"Parameter":2.0,"Import":1.0,"Use":2.0}},{"src":30,"dest":5,"values":{"Parameter":2.0,"Import":1.0,"Use":2.0}}],"relationTypes":["Import","Return","Parameter","Use","Cast","Contain","Implement","Call","Annotation","Create"]}