{"name":"fg_226.json","variables":["femr/business/helpers/LogicDoer.java","femr/business/services/core/IPhotoService.java","femr/business/services/core/IUserService.java","femr/common/dtos/ServiceResponse.java","femr/common/models/MedicationItem.java","femr/common/models/MissionTripItem.java","femr/common/models/PatientEncounterItem.java","femr/common/models/PatientItem.java","femr/common/models/PhotoItem.java","femr/common/models/PrescriptionItem.java","femr/common/models/ProblemItem.java","femr/common/models/TabFieldItem.java","femr/common/models/UserItem.java","femr/data/models/core/IChiefComplaint.java","femr/data/models/core/IMissionCity.java","femr/data/models/core/IMissionCountry.java","femr/data/models/core/IMissionTeam.java","femr/data/models/core/IMissionTrip.java","femr/data/models/core/IPatient.java","femr/data/models/core/IPatientAgeClassification.java","femr/data/models/core/IPatientEncounter.java","femr/data/models/core/IPhoto.java","femr/data/models/core/IRole.java","femr/data/models/core/IUser.java","femr/data/models/mysql/ChiefComplaint.java","femr/data/models/mysql/MissionCity.java","femr/data/models/mysql/MissionCountry.java","femr/data/models/mysql/MissionTeam.java","femr/data/models/mysql/MissionTrip.java","femr/data/models/mysql/Patient.java","femr/data/models/mysql/PatientAgeClassification.java","femr/data/models/mysql/PatientEncounter.java","femr/data/models/mysql/Photo.java","femr/data/models/mysql/Role.java","femr/data/models/mysql/Roles.java","femr/data/models/mysql/User.java","femr/ui/controllers/PhotoController.java","femr/ui/helpers/security/AllowedRoles.java","femr/ui/helpers/security/AllowedRolesAction.java","femr/ui/helpers/security/FEMRAuthenticated.java","femr/ui/models/medical/EditViewModelPost.java","femr/util/calculations/dateUtils.java","femr/util/stringhelpers/StringUtils.java"],"cells":[{"src":0,"dest":41,"values":{"Call":1.0,"Import":1.0,"Use":1.0}},{"src":0,"dest":20,"values":{"Call":3.0,"Parameter":1.0,"Import":1.0}},{"src":1,"dest":3,"values":{"Import":1.0,"Return":5.0}},{"src":1,"dest":40,"values":{"Parameter":1.0,"Import":1.0}},{"src":1,"dest":6,"values":{"Parameter":1.0,"Import":1.0}},{"src":1,"dest":8,"values":{"Import":1.0}},{"src":2,"dest":12,"values":{"Parameter":2.0,"Import":1.0}},{"src":2,"dest":23,"values":{"Parameter":1.0,"Import":1.0,"Return":2.0}},{"src":2,"dest":3,"values":{"Import":1.0,"Return":8.0}},{"src":2,"dest":22,"values":{"Import":1.0}},{"src":3,"dest":5,"values":{"Import":1.0}},{"src":6,"dest":7,"values":{"Parameter":1.0,"Return":1.0,"Contain":1.0,"Use":1.0}},{"src":9,"dest":4,"values":{"Call":1.0,"Parameter":3.0,"Return":1.0,"Contain":1.0,"Use":3.0}},{"src":13,"dest":20,"values":{"Parameter":1.0,"Return":1.0}},{"src":14,"dest":15,"values":{"Parameter":1.0,"Return":1.0}},{"src":16,"dest":28,"values":{"Import":1.0}},{"src":17,"dest":23,"values":{"Parameter":1.0}},{"src":17,"dest":16,"values":{"Parameter":1.0,"Return":1.0}},{"src":17,"dest":14,"values":{"Parameter":1.0,"Return":1.0}},{"src":18,"dest":31,"values":{"Import":1.0}},{"src":18,"dest":21,"values":{"Parameter":1.0,"Return":1.0}},{"src":20,"dest":23,"values":{"Parameter":4.0,"Return":4.0}},{"src":20,"dest":19,"values":{"Parameter":1.0,"Return":1.0}},{"src":20,"dest":18,"values":{"Parameter":1.0,"Return":1.0}},{"src":20,"dest":17,"values":{"Parameter":1.0,"Return":1.0}},{"src":23,"dest":22,"values":{"Parameter":1.0}},{"src":24,"dest":13,"values":{"Implement":1.0,"Import":1.0}},{"src":24,"dest":31,"values":{"Cast":1.0,"Contain":1.0,"Use":1.0}},{"src":24,"dest":20,"values":{"Parameter":1.0,"Import":1.0,"Return":1.0}},{"src":25,"dest":15,"values":{"Parameter":1.0,"Import":1.0,"Return":1.0}},{"src":25,"dest":26,"values":{"Cast":1.0,"Contain":1.0,"Use":1.0}},{"src":25,"dest":14,"values":{"Implement":1.0,"Import":1.0}},{"src":26,"dest":15,"values":{"Implement":1.0,"Import":1.0}},{"src":27,"dest":16,"values":{"Implement":1.0,"Import":1.0}},{"src":27,"dest":28,"values":{"Parameter":2.0,"Use":2.0}},{"src":28,"dest":23,"values":{"Call":1.0,"Parameter":6.0,"Import":1.0,"Contain":1.0,"Use":5.0}},{"src":28,"dest":27,"values":{"Cast":1.0,"Contain":1.0,"Use":1.0}},{"src":28,"dest":16,"values":{"Parameter":1.0,"Import":1.0,"Return":1.0}},{"src":28,"dest":35,"values":{"Use":1.0}},{"src":28,"dest":25,"values":{"Cast":1.0,"Contain":1.0,"Use":1.0}},{"src":28,"dest":17,"values":{"Implement":1.0,"Import":1.0}},{"src":28,"dest":14,"values":{"Parameter":1.0,"Import":1.0,"Return":1.0}},{"src":29,"dest":32,"values":{"Cast":1.0,"Contain":1.0,"Use":1.0}},{"src":29,"dest":18,"values":{"Implement":1.0,"Import":1.0}},{"src":29,"dest":31,"values":{"Parameter":2.0,"Use":2.0}},{"src":29,"dest":21,"values":{"Parameter":1.0,"Import":1.0,"Return":1.0}},{"src":30,"dest":19,"values":{"Implement":1.0,"Import":1.0}},{"src":31,"dest":13,"values":{"Parameter":3.0,"Contain":1.0,"Use":3.0}},{"src":31,"dest":23,"values":{"Parameter":4.0,"Return":4.0}},{"src":31,"dest":24,"values":{"Cast":1.0,"Parameter":2.0,"Contain":1.0,"Use":2.0}},{"src":31,"dest":19,"values":{"Parameter":1.0,"Return":1.0}},{"src":31,"dest":18,"values":{"Parameter":1.0,"Return":1.0}},{"src":31,"dest":30,"values":{"Cast":1.0,"Contain":1.0,"Use":1.0}},{"src":31,"dest":28,"values":{"Cast":1.0,"Contain":1.0,"Use":1.0}},{"src":31,"dest":29,"values":{"Cast":1.0,"Contain":1.0,"Use":1.0}},{"src":31,"dest":35,"values":{"Cast":4.0,"Contain":4.0,"Use":4.0}},{"src":31,"dest":17,"values":{"Parameter":1.0,"Return":1.0}},{"src":31,"dest":20,"values":{"Implement":1.0}},{"src":32,"dest":21,"values":{"Implement":1.0,"Import":1.0}},{"src":33,"dest":22,"values":{"Implement":1.0,"Import":1.0}},{"src":35,"dest":23,"values":{"Implement":1.0,"Import":1.0}},{"src":35,"dest":22,"values":{"Parameter":3.0,"Import":1.0,"Contain":1.0,"Use":2.0}},{"src":35,"dest":28,"values":{"Use":1.0}},{"src":35,"dest":17,"values":{"Parameter":2.0,"Import":1.0,"Use":2.0}},{"src":35,"dest":33,"values":{"Use":1.0}},{"src":36,"dest":42,"values":{"Import":1.0}},{"src":36,"dest":39,"values":{"Use":1.0,"Import":1.0}},{"src":36,"dest":0,"values":{"Import":1.0}},{"src":36,"dest":3,"values":{"Call":6.0,"Import":1.0,"Contain":2.0}},{"src":36,"dest":34,"values":{"Use":6.0,"Import":1.0}},{"src":36,"dest":37,"values":{"Annotation":1.0,"Import":1.0}},{"src":36,"dest":1,"values":{"Call":2.0,"Parameter":1.0,"Import":1.0,"Contain":1.0,"Use":1.0}},{"src":37,"dest":38,"values":{"Use":1.0}},{"src":38,"dest":22,"values":{"Call":1.0,"Parameter":3.0,"Import":1.0,"Contain":1.0,"Use":3.0}},{"src":38,"dest":2,"values":{"Call":1.0,"Parameter":1.0,"Import":1.0,"Contain":1.0,"Use":1.0}},{"src":40,"dest":9,"values":{"Parameter":2.0,"Import":1.0,"Use":2.0}},{"src":40,"dest":10,"values":{"Parameter":2.0,"Import":1.0,"Use":2.0}},{"src":40,"dest":11,"values":{"Parameter":2.0,"Import":1.0,"Use":2.0}},{"src":41,"dest":6,"values":{"Call":4.0,"Parameter":1.0,"Import":1.0}},{"src":42,"dest":41,"values":{"Call":2.0,"Import":1.0,"Use":2.0}}],"relationTypes":["Call","Import","Use","Parameter","Return","Contain","Implement","Cast","Annotation"]}