{"name":"fg_222.json","variables":["femr/business/services/core/IConfigureService.java","femr/business/services/core/ISessionService.java","femr/business/services/core/IUserService.java","femr/common/dtos/CurrentUser.java","femr/common/dtos/ServiceResponse.java","femr/common/models/MissionTripItem.java","femr/common/models/UserItem.java","femr/data/models/core/IRole.java","femr/data/models/core/ISystemSetting.java","femr/data/models/core/IUser.java","femr/data/models/mysql/Roles.java","femr/ui/controllers/admin/ConfigureController.java","femr/ui/helpers/security/AllowedRoles.java","femr/ui/helpers/security/AllowedRolesAction.java","femr/ui/helpers/security/FEMRAuthenticated.java","femr/ui/models/admin/configure/IndexViewModelGet.java","femr/ui/models/admin/configure/IndexViewModelPost.java"],"cells":[{"src":0,"dest":4,"values":{"Import":1.0,"Return":2.0}},{"src":0,"dest":8,"values":{"Import":1.0}},{"src":1,"dest":4,"values":{"Import":1.0,"Return":1.0}},{"src":1,"dest":3,"values":{"Import":1.0,"Return":1.0}},{"src":2,"dest":6,"values":{"Parameter":2.0,"Import":1.0}},{"src":2,"dest":9,"values":{"Parameter":1.0,"Import":1.0,"Return":2.0}},{"src":2,"dest":4,"values":{"Import":1.0,"Return":8.0}},{"src":2,"dest":7,"values":{"Import":1.0}},{"src":3,"dest":7,"values":{"Parameter":2.0,"Import":1.0,"Use":2.0}},{"src":4,"dest":5,"values":{"Import":1.0}},{"src":9,"dest":7,"values":{"Parameter":1.0}},{"src":11,"dest":14,"values":{"Use":1.0,"Import":1.0}},{"src":11,"dest":4,"values":{"Call":3.0,"Import":1.0,"Contain":2.0}},{"src":11,"dest":1,"values":{"Call":1.0,"Parameter":1.0,"Import":1.0,"Contain":1.0,"Use":1.0}},{"src":11,"dest":0,"values":{"Call":2.0,"Parameter":1.0,"Import":1.0,"Contain":1.0,"Use":1.0}},{"src":11,"dest":10,"values":{"Use":4.0,"Import":1.0}},{"src":11,"dest":12,"values":{"Annotation":1.0,"Import":1.0}},{"src":11,"dest":16,"values":{"Call":1.0,"Parameter":3.0,"Import":1.0,"Contain":1.0,"Use":4.0}},{"src":11,"dest":3,"values":{"Import":1.0,"Contain":1.0}},{"src":11,"dest":8,"values":{"Call":4.0,"Parameter":6.0,"Import":1.0,"Contain":1.0,"Use":6.0}},{"src":11,"dest":15,"values":{"Call":3.0,"Import":1.0,"Contain":1.0,"Create":1.0}},{"src":12,"dest":13,"values":{"Use":1.0}},{"src":13,"dest":7,"values":{"Call":1.0,"Parameter":3.0,"Import":1.0,"Contain":1.0,"Use":3.0}},{"src":13,"dest":2,"values":{"Call":1.0,"Parameter":1.0,"Import":1.0,"Contain":1.0,"Use":1.0}}],"relationTypes":["Import","Return","Parameter","Use","Call","Contain","Annotation","Create"]}