{"name":"fg_205.json","variables":["femr/common/models/PatientEncounterItem.java","femr/common/models/PatientItem.java","femr/ui/models/admin/users/CreateViewModel.java","femr/util/calculations/dateUtils.java","femr/util/stringhelpers/StringUtils.java"],"cells":[{"src":0,"dest":1,"values":{"Parameter":1.0,"Return":1.0,"Contain":1.0,"Use":1.0}},{"src":2,"dest":4,"values":{"Call":3.0,"Import":1.0,"Use":3.0}},{"src":3,"dest":0,"values":{"Call":4.0,"Parameter":1.0,"Import":1.0}},{"src":4,"dest":3,"values":{"Call":2.0,"Import":1.0,"Use":2.0}}],"relationTypes":["Parameter","Return","Contain","Use","Call","Import"]}