{"name":"fg_219.json","variables":["femr/business/services/core/IConceptService.java","femr/business/services/core/IInventoryService.java","femr/business/services/core/IMedicationService.java","femr/business/services/core/IMissionTripService.java","femr/business/services/core/ISessionService.java","femr/business/services/core/IUserService.java","femr/common/dtos/CurrentUser.java","femr/common/dtos/ServiceResponse.java","femr/common/models/MedicationAdministrationItem.java","femr/common/models/MedicationItem.java","femr/common/models/MissionTripItem.java","femr/common/models/PatientEncounterItem.java","femr/common/models/PatientItem.java","femr/common/models/PrescriptionItem.java","femr/common/models/TeamItem.java","femr/common/models/TripItem.java","femr/common/models/UserItem.java","femr/data/models/core/IMissionCity.java","femr/data/models/core/IMissionCountry.java","femr/data/models/core/IMissionTeam.java","femr/data/models/core/IMissionTrip.java","femr/data/models/core/IRole.java","femr/data/models/core/IUser.java","femr/data/models/mysql/MissionCity.java","femr/data/models/mysql/MissionCountry.java","femr/data/models/mysql/MissionTeam.java","femr/data/models/mysql/MissionTrip.java","femr/data/models/mysql/Role.java","femr/data/models/mysql/Roles.java","femr/data/models/mysql/User.java","femr/ui/controllers/admin/InventoryController.java","femr/ui/helpers/security/AllowedRoles.java","femr/ui/helpers/security/AllowedRolesAction.java","femr/ui/helpers/security/FEMRAuthenticated.java","femr/ui/models/admin/inventory/CustomViewModelGet.java","femr/ui/models/admin/inventory/CustomViewModelPost.java","femr/ui/models/admin/inventory/ExistingViewModelGet.java","femr/ui/models/admin/inventory/ExistingViewModelPost.java","femr/ui/models/admin/inventory/ManageViewModelGet.java","femr/ui/models/admin/inventory/ManageViewModelPost.java","femr/util/calculations/dateUtils.java","femr/util/stringhelpers/StringUtils.java"],"cells":[{"src":0,"dest":7,"values":{"Import":1.0,"Return":2.0}},{"src":0,"dest":9,"values":{"Import":1.0}},{"src":1,"dest":7,"values":{"Import":1.0,"Return":10.0}},{"src":1,"dest":9,"values":{"Import":1.0}},{"src":2,"dest":13,"values":{"Import":1.0}},{"src":2,"dest":7,"values":{"Import":1.0,"Return":9.0}},{"src":2,"dest":8,"values":{"Import":1.0}},{"src":2,"dest":9,"values":{"Import":1.0}},{"src":3,"dest":7,"values":{"Import":1.0,"Return":10.0}},{"src":3,"dest":20,"values":{"Import":1.0}},{"src":3,"dest":15,"values":{"Parameter":1.0}},{"src":3,"dest":14,"values":{"Parameter":1.0}},{"src":4,"dest":7,"values":{"Import":1.0,"Return":1.0}},{"src":4,"dest":6,"values":{"Import":1.0,"Return":1.0}},{"src":5,"dest":16,"values":{"Parameter":2.0,"Import":1.0}},{"src":5,"dest":22,"values":{"Parameter":1.0,"Import":1.0,"Return":2.0}},{"src":5,"dest":7,"values":{"Import":1.0,"Return":8.0}},{"src":5,"dest":21,"values":{"Import":1.0}},{"src":6,"dest":21,"values":{"Parameter":2.0,"Import":1.0,"Use":2.0}},{"src":7,"dest":10,"values":{"Import":1.0}},{"src":11,"dest":12,"values":{"Parameter":1.0,"Return":1.0,"Contain":1.0,"Use":1.0}},{"src":13,"dest":9,"values":{"Call":1.0,"Parameter":3.0,"Return":1.0,"Contain":1.0,"Use":3.0}},{"src":17,"dest":18,"values":{"Parameter":1.0,"Return":1.0}},{"src":19,"dest":26,"values":{"Import":1.0}},{"src":20,"dest":22,"values":{"Parameter":1.0}},{"src":20,"dest":19,"values":{"Parameter":1.0,"Return":1.0}},{"src":20,"dest":17,"values":{"Parameter":1.0,"Return":1.0}},{"src":22,"dest":21,"values":{"Parameter":1.0}},{"src":23,"dest":18,"values":{"Parameter":1.0,"Import":1.0,"Return":1.0}},{"src":23,"dest":24,"values":{"Cast":1.0,"Contain":1.0,"Use":1.0}},{"src":23,"dest":17,"values":{"Implement":1.0,"Import":1.0}},{"src":24,"dest":18,"values":{"Implement":1.0,"Import":1.0}},{"src":25,"dest":19,"values":{"Implement":1.0,"Import":1.0}},{"src":25,"dest":26,"values":{"Parameter":2.0,"Use":2.0}},{"src":26,"dest":22,"values":{"Call":1.0,"Parameter":6.0,"Import":1.0,"Contain":1.0,"Use":5.0}},{"src":26,"dest":25,"values":{"Cast":1.0,"Contain":1.0,"Use":1.0}},{"src":26,"dest":19,"values":{"Parameter":1.0,"Import":1.0,"Return":1.0}},{"src":26,"dest":29,"values":{"Use":1.0}},{"src":26,"dest":23,"values":{"Cast":1.0,"Contain":1.0,"Use":1.0}},{"src":26,"dest":20,"values":{"Implement":1.0,"Import":1.0}},{"src":26,"dest":17,"values":{"Parameter":1.0,"Import":1.0,"Return":1.0}},{"src":27,"dest":21,"values":{"Implement":1.0,"Import":1.0}},{"src":29,"dest":22,"values":{"Implement":1.0,"Import":1.0}},{"src":29,"dest":21,"values":{"Parameter":3.0,"Import":1.0,"Contain":1.0,"Use":2.0}},{"src":29,"dest":26,"values":{"Use":1.0}},{"src":29,"dest":20,"values":{"Parameter":2.0,"Import":1.0,"Use":2.0}},{"src":29,"dest":27,"values":{"Use":1.0}},{"src":30,"dest":10,"values":{"Parameter":12.0,"Import":1.0,"Use":12.0}},{"src":30,"dest":2,"values":{"Call":4.0,"Parameter":1.0,"Contain":1.0,"Use":1.0}},{"src":30,"dest":38,"values":{"Call":6.0,"Contain":1.0,"Create":1.0}},{"src":30,"dest":33,"values":{"Use":1.0,"Import":1.0}},{"src":30,"dest":1,"values":{"Call":14.0,"Parameter":1.0,"Contain":1.0,"Use":1.0}},{"src":30,"dest":7,"values":{"Call":35.0,"Import":1.0,"Contain":21.0,"Use":6.0}},{"src":30,"dest":4,"values":{"Call":3.0,"Parameter":1.0,"Contain":1.0,"Use":1.0}},{"src":30,"dest":39,"values":{"Call":1.0,"Parameter":3.0,"Contain":1.0,"Use":4.0}},{"src":30,"dest":37,"values":{"Call":2.0,"Parameter":6.0,"Contain":1.0,"Use":7.0}},{"src":30,"dest":31,"values":{"Annotation":1.0,"Import":1.0}},{"src":30,"dest":0,"values":{"Call":2.0,"Parameter":1.0,"Contain":1.0,"Use":1.0}},{"src":30,"dest":6,"values":{"Call":2.0,"Import":1.0,"Contain":3.0}},{"src":30,"dest":9,"values":{"Call":6.0,"Import":1.0,"Use":39.0,"Create":1.0,"Parameter":39.0,"Contain":2.0}},{"src":30,"dest":34,"values":{"Call":4.0,"Contain":1.0,"Create":1.0}},{"src":30,"dest":3,"values":{"Call":4.0,"Parameter":1.0,"Contain":1.0,"Use":1.0}},{"src":30,"dest":35,"values":{"Call":11.0,"Parameter":6.0,"Contain":1.0,"Use":7.0}},{"src":30,"dest":36,"values":{"Call":3.0,"Contain":1.0,"Create":1.0}},{"src":30,"dest":28,"values":{"Use":4.0,"Import":1.0}},{"src":31,"dest":32,"values":{"Use":1.0}},{"src":32,"dest":21,"values":{"Call":1.0,"Parameter":3.0,"Import":1.0,"Contain":1.0,"Use":3.0}},{"src":32,"dest":5,"values":{"Call":1.0,"Parameter":1.0,"Import":1.0,"Contain":1.0,"Use":1.0}},{"src":34,"dest":10,"values":{"Parameter":1.0,"Import":1.0,"Return":1.0,"Contain":1.0,"Use":1.0}},{"src":35,"dest":41,"values":{"Call":3.0,"Import":1.0,"Use":3.0}},{"src":36,"dest":10,"values":{"Parameter":1.0,"Import":1.0,"Return":1.0,"Contain":1.0,"Use":1.0}},{"src":36,"dest":9,"values":{"Parameter":2.0,"Import":1.0,"Use":2.0}},{"src":38,"dest":10,"values":{"Parameter":3.0,"Import":1.0,"Return":1.0,"Contain":1.0,"Use":3.0}},{"src":38,"dest":9,"values":{"Parameter":4.0,"Import":1.0,"Use":4.0}},{"src":39,"dest":10,"values":{"Import":1.0}},{"src":39,"dest":9,"values":{"Import":1.0}},{"src":40,"dest":11,"values":{"Call":4.0,"Parameter":1.0,"Import":1.0}},{"src":41,"dest":40,"values":{"Call":2.0,"Import":1.0,"Use":2.0}}],"relationTypes":["Import","Return","Parameter","Use","Contain","Call","Cast","Implement","Create","Annotation"]}