{"name":"fg_206.json","variables":["femr/business/services/core/IMissionTripService.java","femr/business/services/core/IRoleService.java","femr/business/services/core/ISessionService.java","femr/business/services/core/IUserService.java","femr/common/dtos/CurrentUser.java","femr/common/dtos/ServiceResponse.java","femr/common/models/MissionTripItem.java","femr/common/models/PatientEncounterItem.java","femr/common/models/PatientItem.java","femr/common/models/TeamItem.java","femr/common/models/TripItem.java","femr/common/models/UserItem.java","femr/data/models/core/IMissionCity.java","femr/data/models/core/IMissionCountry.java","femr/data/models/core/IMissionTeam.java","femr/data/models/core/IMissionTrip.java","femr/data/models/core/IRole.java","femr/data/models/core/IUser.java","femr/data/models/mysql/MissionCity.java","femr/data/models/mysql/MissionCountry.java","femr/data/models/mysql/MissionTeam.java","femr/data/models/mysql/MissionTrip.java","femr/data/models/mysql/Role.java","femr/data/models/mysql/Roles.java","femr/data/models/mysql/User.java","femr/ui/controllers/admin/UsersController.java","femr/ui/helpers/security/AllowedRoles.java","femr/ui/helpers/security/AllowedRolesAction.java","femr/ui/helpers/security/FEMRAuthenticated.java","femr/ui/models/admin/users/CreateViewModel.java","femr/ui/models/admin/users/EditViewModel.java","femr/ui/models/admin/users/ManageViewModelGet.java","femr/util/calculations/dateUtils.java","femr/util/stringhelpers/StringUtils.java"],"cells":[{"src":0,"dest":5,"values":{"Import":1.0,"Return":10.0}},{"src":0,"dest":15,"values":{"Import":1.0}},{"src":0,"dest":10,"values":{"Parameter":1.0}},{"src":0,"dest":9,"values":{"Parameter":1.0}},{"src":1,"dest":5,"values":{"Import":1.0,"Return":1.0}},{"src":1,"dest":16,"values":{"Import":1.0}},{"src":2,"dest":5,"values":{"Import":1.0,"Return":1.0}},{"src":2,"dest":4,"values":{"Import":1.0,"Return":1.0}},{"src":3,"dest":11,"values":{"Parameter":2.0,"Import":1.0}},{"src":3,"dest":17,"values":{"Parameter":1.0,"Import":1.0,"Return":2.0}},{"src":3,"dest":5,"values":{"Import":1.0,"Return":8.0}},{"src":3,"dest":16,"values":{"Import":1.0}},{"src":4,"dest":16,"values":{"Parameter":2.0,"Import":1.0,"Use":2.0}},{"src":5,"dest":6,"values":{"Import":1.0}},{"src":7,"dest":8,"values":{"Parameter":1.0,"Return":1.0,"Contain":1.0,"Use":1.0}},{"src":12,"dest":13,"values":{"Parameter":1.0,"Return":1.0}},{"src":14,"dest":21,"values":{"Import":1.0}},{"src":15,"dest":17,"values":{"Parameter":1.0}},{"src":15,"dest":14,"values":{"Parameter":1.0,"Return":1.0}},{"src":15,"dest":12,"values":{"Parameter":1.0,"Return":1.0}},{"src":17,"dest":16,"values":{"Parameter":1.0}},{"src":18,"dest":13,"values":{"Parameter":1.0,"Import":1.0,"Return":1.0}},{"src":18,"dest":19,"values":{"Cast":1.0,"Contain":1.0,"Use":1.0}},{"src":18,"dest":12,"values":{"Implement":1.0,"Import":1.0}},{"src":19,"dest":13,"values":{"Implement":1.0,"Import":1.0}},{"src":20,"dest":14,"values":{"Implement":1.0,"Import":1.0}},{"src":20,"dest":21,"values":{"Parameter":2.0,"Use":2.0}},{"src":21,"dest":17,"values":{"Call":1.0,"Parameter":6.0,"Import":1.0,"Contain":1.0,"Use":5.0}},{"src":21,"dest":20,"values":{"Cast":1.0,"Contain":1.0,"Use":1.0}},{"src":21,"dest":14,"values":{"Parameter":1.0,"Import":1.0,"Return":1.0}},{"src":21,"dest":24,"values":{"Use":1.0}},{"src":21,"dest":18,"values":{"Cast":1.0,"Contain":1.0,"Use":1.0}},{"src":21,"dest":15,"values":{"Implement":1.0,"Import":1.0}},{"src":21,"dest":12,"values":{"Parameter":1.0,"Import":1.0,"Return":1.0}},{"src":22,"dest":16,"values":{"Implement":1.0,"Import":1.0}},{"src":24,"dest":17,"values":{"Implement":1.0,"Import":1.0}},{"src":24,"dest":16,"values":{"Parameter":3.0,"Import":1.0,"Contain":1.0,"Use":2.0}},{"src":24,"dest":21,"values":{"Use":1.0}},{"src":24,"dest":15,"values":{"Parameter":2.0,"Import":1.0,"Use":2.0}},{"src":24,"dest":22,"values":{"Use":1.0}},{"src":25,"dest":6,"values":{"Parameter":3.0,"Import":1.0,"Use":3.0}},{"src":25,"dest":33,"values":{"Call":3.0,"Import":1.0,"Use":3.0}},{"src":25,"dest":28,"values":{"Use":1.0,"Import":1.0}},{"src":25,"dest":5,"values":{"Call":24.0,"Import":1.0,"Contain":12.0}},{"src":25,"dest":2,"values":{"Call":5.0,"Parameter":1.0,"Import":1.0,"Contain":1.0,"Use":1.0}},{"src":25,"dest":26,"values":{"Annotation":1.0,"Import":1.0}},{"src":25,"dest":4,"values":{"Call":1.0,"Import":1.0,"Contain":5.0}},{"src":25,"dest":30,"values":{"Call":20.0,"Parameter":9.0,"Contain":2.0,"Create":1.0,"Use":11.0}},{"src":25,"dest":29,"values":{"Call":8.0,"Parameter":10.0,"Contain":1.0,"Use":11.0}},{"src":25,"dest":11,"values":{"Call":26.0,"Import":1.0,"Return":1.0,"Use":18.0,"Create":1.0,"Parameter":18.0,"Contain":4.0}},{"src":25,"dest":0,"values":{"Call":1.0,"Parameter":1.0,"Import":1.0,"Contain":1.0,"Use":1.0}},{"src":25,"dest":3,"values":{"Call":6.0,"Parameter":1.0,"Import":1.0,"Contain":1.0,"Use":1.0}},{"src":25,"dest":23,"values":{"Use":4.0,"Import":1.0}},{"src":25,"dest":1,"values":{"Call":5.0,"Parameter":1.0,"Import":1.0,"Contain":1.0,"Use":1.0}},{"src":25,"dest":31,"values":{"Call":2.0,"Contain":1.0,"Create":1.0}},{"src":26,"dest":27,"values":{"Use":1.0}},{"src":27,"dest":16,"values":{"Call":1.0,"Parameter":3.0,"Import":1.0,"Contain":1.0,"Use":3.0}},{"src":27,"dest":3,"values":{"Call":1.0,"Parameter":1.0,"Import":1.0,"Contain":1.0,"Use":1.0}},{"src":29,"dest":33,"values":{"Call":3.0,"Import":1.0,"Use":3.0}},{"src":30,"dest":6,"values":{"Parameter":2.0,"Import":1.0,"Use":2.0}},{"src":30,"dest":33,"values":{"Call":2.0,"Import":1.0,"Use":2.0}},{"src":31,"dest":11,"values":{"Parameter":2.0,"Import":1.0,"Return":1.0,"Use":2.0}},{"src":32,"dest":7,"values":{"Call":4.0,"Parameter":1.0,"Import":1.0}},{"src":33,"dest":32,"values":{"Call":2.0,"Import":1.0,"Use":2.0}}],"relationTypes":["Import","Return","Parameter","Use","Contain","Cast","Implement","Call","Annotation","Create"]}