{"name":"fg_228.json","variables":["femr/business/services/core/ISessionService.java","femr/common/dtos/CurrentUser.java","femr/common/dtos/ServiceResponse.java","femr/common/models/MissionTripItem.java","femr/data/models/core/IRole.java","femr/ui/controllers/HomeController.java"],"cells":[{"src":0,"dest":2,"values":{"Import":1.0,"Return":1.0}},{"src":0,"dest":1,"values":{"Import":1.0,"Return":1.0}},{"src":1,"dest":4,"values":{"Parameter":2.0,"Import":1.0,"Use":2.0}},{"src":2,"dest":3,"values":{"Import":1.0}},{"src":5,"dest":0,"values":{"Call":1.0,"Parameter":1.0,"Import":1.0,"Contain":1.0,"Use":1.0}},{"src":5,"dest":1,"values":{"Import":1.0,"Contain":1.0}}],"relationTypes":["Import","Return","Parameter","Use","Call","Contain"]}