{"name":"fg_200.json","variables":["femr/common/models/PatientEncounterItem.java","femr/common/models/PatientItem.java","femr/common/models/PhotoItem.java","femr/common/models/SettingItem.java","femr/common/models/TabFieldItem.java","femr/ui/models/history/IndexEncounterMedicalViewModel.java","femr/util/DataStructure/Mapping/AbstractMultiMap.java","femr/util/DataStructure/Mapping/VitalMultiMap.java","femr/util/calculations/dateUtils.java","femr/util/stringhelpers/StringUtils.java"],"cells":[{"src":0,"dest":1,"values":{"Parameter":1.0,"Return":1.0,"Contain":1.0,"Use":1.0}},{"src":5,"dest":7,"values":{"Parameter":1.0,"Import":1.0,"Return":1.0,"Contain":1.0,"Use":1.0}},{"src":5,"dest":3,"values":{"Parameter":1.0,"Return":1.0,"Contain":1.0,"Use":1.0}},{"src":5,"dest":2,"values":{"Parameter":2.0,"Import":1.0,"Return":1.0,"Use":2.0}},{"src":5,"dest":4,"values":{"Parameter":10.0,"Import":1.0,"Use":10.0}},{"src":6,"dest":9,"values":{"Call":1.0,"Import":1.0,"Use":1.0}},{"src":7,"dest":6,"values":{"Extend":1.0,"Use":5.0}},{"src":8,"dest":0,"values":{"Call":4.0,"Parameter":1.0,"Import":1.0}},{"src":9,"dest":8,"values":{"Call":2.0,"Import":1.0,"Use":2.0}}],"relationTypes":["Parameter","Return","Contain","Use","Import","Call","Extend"]}