{"name":"demo-design2_6.json","variables":["Answer.java","MatchingAnswer.java","MatchingQuestion.java","MultipleChoiceAnswer.java","MultipleChoiceQuestion.java","Question.java"],"cells":[{"src":1,"dest":0,"values":{"Extend":1.0}},{"src":2,"dest":5,"values":{"Call":1.0,"Extend":1.0,"Use":1.0}},{"src":2,"dest":1,"values":{"Parameter":2.0,"Return":2.0,"Contain":2.0,"Use":2.0}},{"src":3,"dest":0,"values":{"Extend":1.0}},{"src":4,"dest":3,"values":{"Call":6.0,"Return":1.0,"Use":16.0,"Create":5.0,"Parameter":2.0,"Contain":1.0}},{"src":4,"dest":5,"values":{"Call":1.0,"Extend":1.0,"Use":6.0}},{"src":5,"dest":3,"values":{"Cast":2.0,"Call":2.0,"Contain":2.0}},{"src":5,"dest":2,"values":{"Cast":1.0}},{"src":5,"dest":1,"values":{"Cast":2.0,"Contain":2.0}},{"src":5,"dest":0,"values":{"Parameter":2.0,"Return":2.0,"Contain":2.0,"Use":2.0}},{"src":5,"dest":4,"values":{"Cast":1.0}}],"relationTypes":["Extend","Call","Use","Parameter","Return","Contain","Create","Cast"]}