{"name":"fg_7.json","variables":["Answer.java","EssayAnswer.java","EssayQuestion.java","Form.java","Interface.java","MatchingAnswer.java","MatchingQuestion.java","MultipleChoiceAnswer.java","MultipleChoiceQuestion.java","Question.java","Survey.java","Test.java"],"cells":[{"src":1,"dest":0,"values":{"Extend":1.0}},{"src":2,"dest":9,"values":{"Call":1.0,"Extend":1.0,"Use":1.0}},{"src":2,"dest":1,"values":{"Call":1.0,"Return":2.0,"Use":3.0,"Create":1.0,"Parameter":2.0,"Contain":2.0}},{"src":3,"dest":2,"values":{"Cast":2.0,"Use":2.0}},{"src":3,"dest":7,"values":{"Cast":1.0,"Call":5.0,"Contain":1.0}},{"src":3,"dest":6,"values":{"Cast":1.0}},{"src":3,"dest":9,"values":{"Call":3.0,"Parameter":4.0,"Return":1.0,"Contain":1.0,"Use":2.0}},{"src":3,"dest":5,"values":{"Cast":1.0,"Contain":1.0}},{"src":3,"dest":1,"values":{"Cast":1.0,"Contain":1.0}},{"src":3,"dest":8,"values":{"Cast":5.0,"Call":3.0,"Use":5.0}},{"src":4,"dest":3,"values":{"Cast":1.0,"Call":21.0,"Return":1.0,"Use":2.0,"Parameter":4.0,"Contain":2.0}},{"src":4,"dest":2,"values":{"Cast":2.0,"Call":6.0,"Contain":5.0,"Create":4.0}},{"src":4,"dest":7,"values":{"Call":4.0,"Contain":1.0,"Create":1.0}},{"src":4,"dest":6,"values":{"Cast":5.0,"Call":13.0,"Contain":5.0,"Create":4.0,"Use":3.0}},{"src":4,"dest":9,"values":{"Call":7.0,"Parameter":4.0,"Return":1.0,"Contain":2.0,"Use":4.0}},{"src":4,"dest":5,"values":{"Call":1.0,"Create":1.0}},{"src":4,"dest":11,"values":{"Cast":1.0,"Call":5.0,"Return":1.0,"Create":2.0,"Use":2.0,"Contain":2.0}},{"src":4,"dest":10,"values":{"Cast":1.0,"Call":4.0,"Return":1.0,"Create":2.0,"Use":2.0,"Contain":2.0}},{"src":4,"dest":1,"values":{"Call":1.0,"Contain":1.0,"Create":1.0}},{"src":4,"dest":8,"values":{"Cast":3.0,"Call":16.0,"Contain":5.0,"Create":4.0,"Use":1.0}},{"src":5,"dest":0,"values":{"Extend":1.0}},{"src":6,"dest":9,"values":{"Call":1.0,"Extend":1.0,"Use":1.0}},{"src":6,"dest":5,"values":{"Parameter":2.0,"Return":2.0,"Contain":2.0,"Use":2.0}},{"src":7,"dest":0,"values":{"Extend":1.0}},{"src":8,"dest":7,"values":{"Call":6.0,"Return":1.0,"Use":16.0,"Create":5.0,"Parameter":2.0,"Contain":1.0}},{"src":8,"dest":9,"values":{"Call":1.0,"Extend":1.0,"Use":6.0}},{"src":9,"dest":7,"values":{"Cast":2.0,"Call":2.0,"Contain":2.0}},{"src":9,"dest":6,"values":{"Cast":1.0}},{"src":9,"dest":5,"values":{"Cast":2.0,"Contain":2.0}},{"src":9,"dest":0,"values":{"Parameter":2.0,"Return":2.0,"Contain":2.0,"Use":2.0}},{"src":9,"dest":8,"values":{"Cast":1.0}},{"src":10,"dest":3,"values":{"Call":1.0,"Extend":1.0}},{"src":11,"dest":3,"values":{"Call":2.0,"Extend":1.0}},{"src":11,"dest":2,"values":{"Cast":1.0,"Use":2.0}},{"src":11,"dest":9,"values":{"Call":1.0,"Contain":1.0}}],"relationTypes":["Extend","Call","Use","Return","Create","Parameter","Contain","Cast"]}