{"name":"archinaut_12.json","variables":["src.main.java.mx.uam.dsmviewer.business.constraintservice.ConstraintsService_java","src.main.java.mx.uam.dsmviewer.business.dsmservice.DesignStructureMatrixService_java","src.main.java.mx.uam.dsmviewer.business.logservice.GitLogService_java","src.main.java.mx.uam.dsmviewer.business.metricsservice.MetricsService_java","src.main.java.mx.uam.dsmviewer.data.constraintsloader.ConstraintsLoader_java","src.main.java.mx.uam.dsmviewer.data.dsmloader.DesignStructureMatrixLoader_java","src.main.java.mx.uam.dsmviewer.data.logloader.LogLoader_java","src.main.java.mx.uam.dsmviewer.data.metricsloader.MetricsLoader_java","src.main.java.mx.uam.dsmviewer.data.nameprocessing.CharacterSubstituteNameProcessor_java","src.main.java.mx.uam.dsmviewer.data.nameprocessing.NameProcessor_java","src.main.java.mx.uam.dsmviewer.data.nameprocessing.PrefixRemovalNameProcessor_java","src.main.java.mx.uam.dsmviewer.model.AggregateMatrixDependencyGroup_java","src.main.java.mx.uam.dsmviewer.model.ArchitecturalDiff_java","src.main.java.mx.uam.dsmviewer.model.Delta_java","src.main.java.mx.uam.dsmviewer.model.DependencyConstraintViolation_java","src.main.java.mx.uam.dsmviewer.model.DependencyConstraint_java","src.main.java.mx.uam.dsmviewer.model.DependencyMetric_java","src.main.java.mx.uam.dsmviewer.model.DesignStructureMatrixModel_java","src.main.java.mx.uam.dsmviewer.model.DesignStructureMatrix_java","src.main.java.mx.uam.dsmviewer.model.ElementConstraint_java","src.main.java.mx.uam.dsmviewer.model.ElementMethod_java","src.main.java.mx.uam.dsmviewer.model.ElementMetric_java","src.main.java.mx.uam.dsmviewer.model.MatrixDependencyGroup_java","src.main.java.mx.uam.dsmviewer.model.MatrixElementGroup_java","src.main.java.mx.uam.dsmviewer.model.MatrixElement_java","src.main.java.mx.uam.dsmviewer.model.dto.DependencyConstraintDTO_java","src.main.java.mx.uam.dsmviewer.model.dto.ElementConstraintDTO_java","src.main.java.mx.uam.dsmviewer.model.dto.MatrixConstraintsDTO_java","src.main.java.mx.uam.dsmviewer.presentation.events.ElementExpandedMessage_java","src.main.java.mx.uam.dsmviewer.presentation.events.ElementSelectedMessage_java","src.main.java.mx.uam.dsmviewer.presentation.events.EventChannel_java","src.main.java.mx.uam.dsmviewer.presentation.events.EventReceiver_java","src.main.java.mx.uam.dsmviewer.presentation.events.Message_java","src.main.java.mx.uam.dsmviewer.presentation.events.Topic_java","src.main.java.mx.uam.dsmviewer.presentation.views.DesignStructureMatrixViewerController_java","src.main.java.mx.uam.dsmviewer.presentation.views.treeview.DSMTreeModel_java","src.main.java.mx.uam.dsmviewer.presentation.views.treeview.JTreeDesignStructureMatrix_java","src.main.java.mx.uam.dsmviewer.presentation.views.treeview.JTreeDesignStuctureMatrixMouseListener_java"],"cells":[{"src":0,"dest":4,"values":{"Call":2.0,"Parameter":1.0,"Import":1.0,"Contain":1.0,"Use":1.0}},{"src":0,"dest":19,"values":{"Call":8.0,"Import":1.0,"Return":1.0,"Create":2.0,"Use":2.0,"Parameter":1.0,"Contain":5.0}},{"src":0,"dest":21,"values":{"Call":1.0,"Parameter":1.0,"Contain":1.0,"Import":1.0,"Use":1.0}},{"src":0,"dest":17,"values":{"Call":5.0,"Import":1.0,"Contain":1.0,"Use":1.0}},{"src":0,"dest":15,"values":{"Call":4.0,"Import":1.0,"Contain":5.0,"Create":2.0}},{"src":0,"dest":14,"values":{"Call":1.0,"Import":1.0,"Contain":1.0,"Create":1.0,"Use":2.0}},{"src":0,"dest":18,"values":{"Call":14.0,"Parameter":8.0,"Import":1.0}},{"src":0,"dest":27,"values":{"Call":5.0,"Contain":2.0,"Import":1.0,"Create":1.0}},{"src":0,"dest":26,"values":{"Call":1.0,"Contain":2.0,"Import":1.0,"Create":1.0}},{"src":0,"dest":22,"values":{"Call":5.0,"Parameter":2.0,"Import":1.0,"Contain":1.0}},{"src":0,"dest":25,"values":{"Call":5.0,"Import":1.0,"Contain":2.0,"Create":1.0}},{"src":0,"dest":24,"values":{"Call":7.0,"Parameter":1.0,"Import":1.0,"Contain":4.0}},{"src":1,"dest":5,"values":{"Call":1.0,"Parameter":1.0,"Import":1.0,"Contain":1.0,"Use":1.0}},{"src":1,"dest":17,"values":{"Call":5.0,"Import":1.0,"Return":2.0,"Create":2.0,"Use":1.0,"Contain":2.0}},{"src":1,"dest":23,"values":{"Cast":2.0,"Call":8.0,"Import":1.0,"Return":1.0,"Create":3.0,"Parameter":1.0,"Contain":4.0}},{"src":1,"dest":9,"values":{"Import":1.0,"Contain":1.0}},{"src":1,"dest":2,"values":{"Call":2.0,"Parameter":1.0,"Import":1.0,"Contain":1.0,"Use":1.0}},{"src":1,"dest":3,"values":{"Call":2.0,"Parameter":1.0,"Contain":1.0,"Import":1.0,"Use":1.0}},{"src":1,"dest":18,"values":{"Call":6.0,"Import":1.0,"Return":2.0,"Create":1.0,"Parameter":3.0,"Contain":2.0}},{"src":1,"dest":22,"values":{"Call":7.0,"Import":1.0,"Contain":2.0,"Create":1.0}},{"src":1,"dest":10,"values":{"Call":1.0,"Import":1.0,"Create":1.0}},{"src":1,"dest":24,"values":{"Call":12.0,"Import":1.0,"Create":1.0,"Use":16.0,"Parameter":3.0,"Contain":8.0}},{"src":2,"dest":21,"values":{"Use":4.0,"Import":1.0}},{"src":2,"dest":9,"values":{"Call":5.0,"Contain":6.0,"Import":1.0}},{"src":2,"dest":6,"values":{"Call":5.0,"Parameter":1.0,"Contain":1.0,"Import":1.0,"Use":1.0}},{"src":2,"dest":8,"values":{"Call":4.0,"Import":1.0,"Create":4.0}},{"src":2,"dest":18,"values":{"Call":11.0,"Parameter":3.0,"Import":1.0,"Use":1.0}},{"src":2,"dest":22,"values":{"Call":8.0,"Contain":4.0,"Import":1.0,"Create":2.0}},{"src":2,"dest":10,"values":{"Call":2.0,"Import":1.0,"Create":2.0}},{"src":2,"dest":24,"values":{"Call":8.0,"Contain":3.0,"Import":1.0}},{"src":2,"dest":16,"values":{"Use":2.0,"Import":1.0}},{"src":3,"dest":21,"values":{"Use":7.0,"Import":1.0}},{"src":3,"dest":17,"values":{"Call":5.0,"Contain":1.0,"Import":1.0,"Create":1.0}},{"src":3,"dest":7,"values":{"Parameter":1.0,"Call":4.0,"Import":1.0,"Contain":1.0,"Use":1.0}},{"src":3,"dest":9,"values":{"Call":4.0,"Contain":3.0,"Import":1.0}},{"src":3,"dest":8,"values":{"Call":2.0,"Import":1.0,"Create":2.0}},{"src":3,"dest":18,"values":{"Call":11.0,"Parameter":3.0,"Import":1.0}},{"src":3,"dest":10,"values":{"Call":1.0,"Import":1.0,"Create":1.0}},{"src":3,"dest":24,"values":{"Call":10.0,"Contain":4.0,"Import":1.0,"Use":3.0}},{"src":3,"dest":20,"values":{"Call":1.0,"Contain":1.0,"Import":1.0,"Create":1.0}},{"src":4,"dest":27,"values":{"Parameter":1.0,"Contain":1.0,"Return":1.0,"Import":1.0,"Use":1.0}},{"src":5,"dest":9,"values":{"Call":1.0,"Parameter":1.0,"Import":1.0}},{"src":5,"dest":18,"values":{"Call":2.0,"Contain":1.0,"Import":1.0,"Return":1.0,"Create":1.0}},{"src":5,"dest":22,"values":{"Call":3.0,"Contain":1.0,"Import":1.0,"Create":1.0}},{"src":5,"dest":24,"values":{"Call":2.0,"Contain":2.0,"Import":1.0,"Create":1.0,"Use":2.0}},{"src":5,"dest":16,"values":{"Use":2.0,"Import":1.0}},{"src":6,"dest":9,"values":{"Call":5.0,"Parameter":3.0,"Import":1.0}},{"src":7,"dest":21,"values":{"Use":3.0,"Import":1.0}},{"src":7,"dest":9,"values":{"Call":1.0,"Parameter":1.0,"Import":1.0}},{"src":7,"dest":18,"values":{"Call":3.0,"Parameter":1.0,"Import":1.0}},{"src":7,"dest":24,"values":{"Call":5.0,"Import":1.0,"Contain":1.0}},{"src":8,"dest":9,"values":{"Extend":1.0}},{"src":10,"dest":9,"values":{"Extend":1.0}},{"src":11,"dest":22,"values":{"Call":3.0,"Extend":1.0,"Use":3.0}},{"src":11,"dest":24,"values":{"Parameter":2.0}},{"src":12,"dest":13,"values":{"Call":1.0,"Contain":1.0,"Return":1.0,"Create":1.0,"Use":3.0}},{"src":12,"dest":18,"values":{"Call":4.0,"Parameter":2.0,"Contain":2.0,"Use":1.0}},{"src":12,"dest":24,"values":{"Contain":3.0,"Import":1.0}},{"src":13,"dest":12,"values":{"Parameter":1.0,"Contain":1.0,"Import":1.0,"Use":3.0}},{"src":13,"dest":21,"values":{"Use":2.0}},{"src":13,"dest":24,"values":{"Call":4.0,"Import":1.0,"Return":2.0,"Use":4.0,"Parameter":3.0,"Contain":3.0}},{"src":14,"dest":15,"values":{"Parameter":1.0,"Contain":1.0,"Return":1.0,"Use":1.0}},{"src":14,"dest":22,"values":{"Call":2.0,"Parameter":1.0,"Contain":1.0,"Return":1.0,"Use":1.0}},{"src":15,"dest":24,"values":{"Parameter":2.0,"Contain":2.0,"Return":2.0,"Use":1.0}},{"src":17,"dest":23,"values":{"Cast":3.0,"Call":1.0,"Use":2.0}},{"src":17,"dest":15,"values":{"Call":3.0,"Contain":2.0,"Return":1.0,"Create":1.0,"Use":2.0}},{"src":17,"dest":18,"values":{"Call":4.0,"Parameter":2.0,"Contain":1.0,"Return":1.0,"Use":1.0}},{"src":17,"dest":22,"values":{"Call":17.0,"Contain":9.0,"Return":1.0,"Create":2.0,"Use":4.0}},{"src":17,"dest":24,"values":{"Call":2.0,"Parameter":15.0,"Contain":8.0,"Return":2.0,"Use":16.0}},{"src":18,"dest":12,"values":{"Parameter":1.0,"Contain":1.0,"Return":1.0,"Use":1.0}},{"src":18,"dest":19,"values":{"Parameter":2.0,"Use":2.0}},{"src":18,"dest":21,"values":{"Call":4.0,"Parameter":4.0,"Use":1.0}},{"src":18,"dest":23,"values":{"Cast":2.0,"Call":1.0,"Return":1.0,"Use":2.0,"Parameter":1.0,"Contain":1.0}},{"src":18,"dest":15,"values":{"Parameter":2.0,"Call":2.0,"Contain":1.0,"Return":1.0,"Use":2.0}},{"src":18,"dest":24,"values":{"Call":1.0,"Return":3.0,"Import":1.0,"Use":9.0,"Parameter":4.0,"Contain":3.0}},{"src":18,"dest":16,"values":{"Call":2.0,"Parameter":2.0,"Use":1.0}},{"src":19,"dest":21,"values":{"Parameter":1.0,"Return":1.0,"Contain":1.0,"Use":1.0}},{"src":19,"dest":24,"values":{"Call":1.0,"Parameter":1.0,"Return":1.0,"Contain":1.0,"Use":1.0}},{"src":22,"dest":11,"values":{"Cast":2.0,"Call":3.0,"Contain":1.0,"Create":2.0,"Use":1.0}},{"src":22,"dest":23,"values":{"Cast":2.0,"Call":1.0,"Contain":1.0,"Use":1.0}},{"src":22,"dest":24,"values":{"Call":5.0,"Parameter":6.0,"Contain":5.0,"Return":3.0,"Use":6.0}},{"src":23,"dest":21,"values":{"Parameter":1.0}},{"src":23,"dest":24,"values":{"Call":5.0,"Return":1.0,"Extend":1.0,"Use":2.0}},{"src":24,"dest":19,"values":{"Parameter":2.0,"Use":2.0}},{"src":24,"dest":21,"values":{"Call":4.0,"Parameter":2.0,"Contain":1.0,"Use":4.0}},{"src":24,"dest":23,"values":{"Cast":1.0,"Parameter":1.0,"Contain":1.0,"Return":1.0,"Use":1.0}},{"src":24,"dest":22,"values":{"Call":1.0,"Parameter":1.0,"Use":2.0}},{"src":24,"dest":20,"values":{"Parameter":1.0,"Return":1.0,"Use":2.0}},{"src":27,"dest":26,"values":{"Parameter":1.0,"Use":2.0}},{"src":27,"dest":25,"values":{"Parameter":1.0,"Use":2.0}},{"src":28,"dest":32,"values":{"Extend":1.0,"Call":2.0}},{"src":29,"dest":32,"values":{"Extend":1.0,"Call":2.0}},{"src":30,"dest":33,"values":{"Parameter":2.0,"Use":2.0}},{"src":30,"dest":31,"values":{"Parameter":2.0,"Call":1.0,"Contain":1.0,"Use":4.0}},{"src":30,"dest":32,"values":{"Parameter":1.0}},{"src":31,"dest":32,"values":{"Parameter":1.0}},{"src":34,"dest":17,"values":{"Import":1.0,"Return":1.0}},{"src":34,"dest":0,"values":{"Parameter":1.0,"Call":2.0,"Contain":1.0,"Import":1.0,"Use":1.0}},{"src":34,"dest":18,"values":{"Parameter":3.0,"Import":1.0}},{"src":34,"dest":1,"values":{"Parameter":1.0,"Call":2.0,"Contain":1.0,"Import":1.0,"Use":1.0}},{"src":34,"dest":22,"values":{"Parameter":2.0,"Import":1.0}},{"src":34,"dest":24,"values":{"Parameter":2.0,"Import":1.0}},{"src":35,"dest":18,"values":{"Parameter":1.0,"Return":1.0,"Contain":1.0,"Import":1.0,"Use":1.0}},{"src":35,"dest":24,"values":{"Cast":1.0,"Call":1.0,"Contain":1.0,"Import":1.0}},{"src":36,"dest":30,"values":{"Call":6.0,"Import":1.0,"Use":2.0}},{"src":36,"dest":29,"values":{"Cast":2.0,"Call":1.0,"Import":1.0,"Use":1.0}},{"src":36,"dest":33,"values":{"Use":3.0,"Import":1.0}},{"src":36,"dest":18,"values":{"Call":2.0}},{"src":36,"dest":31,"values":{"Implement":1.0,"Import":1.0}},{"src":36,"dest":28,"values":{"Cast":2.0,"Call":1.0,"Import":1.0,"Use":1.0}},{"src":36,"dest":32,"values":{"Parameter":1.0,"Import":1.0}},{"src":36,"dest":34,"values":{"Parameter":1.0,"Return":1.0,"Contain":1.0,"Import":1.0,"Use":1.0}},{"src":36,"dest":37,"values":{"Call":1.0,"Create":1.0}},{"src":36,"dest":24,"values":{"Cast":5.0,"Call":7.0,"Import":1.0,"Use":3.0,"Parameter":1.0,"Contain":6.0}},{"src":36,"dest":35,"values":{"Cast":4.0,"Parameter":1.0,"Call":4.0,"Use":2.0}},{"src":37,"dest":23,"values":{"Cast":1.0,"Call":2.0,"Import":1.0,"Use":3.0}},{"src":37,"dest":30,"values":{"Call":2.0,"Import":1.0,"Use":1.0}},{"src":37,"dest":29,"values":{"Call":1.0,"Import":1.0,"Create":1.0}},{"src":37,"dest":33,"values":{"Use":2.0,"Import":1.0}},{"src":37,"dest":34,"values":{"Call":1.0}},{"src":37,"dest":24,"values":{"Cast":7.0,"Call":5.0,"Contain":2.0,"Import":1.0,"Use":1.0}},{"src":37,"dest":35,"values":{"Cast":4.0,"Use":1.0}},{"src":37,"dest":36,"values":{"Parameter":1.0,"Call":8.0,"Contain":1.0,"Use":1.0}}],"relationTypes":["Call","Parameter","Import","Contain","Use","Return","Create","Cast","Extend","Implement"]}