{"name":"archinaut_34.json","variables":["src.main.java.mx.uam.dsmviewer.model.AggregateMatrixDependencyGroup_java","src.main.java.mx.uam.dsmviewer.model.ElementConstraint_java","src.main.java.mx.uam.dsmviewer.model.ElementMethod_java","src.main.java.mx.uam.dsmviewer.model.ElementMetric_java","src.main.java.mx.uam.dsmviewer.model.MatrixDependencyGroup_java","src.main.java.mx.uam.dsmviewer.model.MatrixElementGroup_java","src.main.java.mx.uam.dsmviewer.model.MatrixElement_java","src.test.java.mx.uam.dsmviewer.model.MatrixElementTest_java"],"cells":[{"src":0,"dest":4,"values":{"Call":3.0,"Extend":1.0,"Use":3.0}},{"src":0,"dest":6,"values":{"Parameter":2.0}},{"src":1,"dest":3,"values":{"Parameter":1.0,"Return":1.0,"Contain":1.0,"Use":1.0}},{"src":1,"dest":6,"values":{"Call":1.0,"Parameter":1.0,"Return":1.0,"Contain":1.0,"Use":1.0}},{"src":4,"dest":0,"values":{"Cast":2.0,"Call":3.0,"Contain":1.0,"Create":2.0,"Use":1.0}},{"src":4,"dest":5,"values":{"Cast":2.0,"Call":1.0,"Contain":1.0,"Use":1.0}},{"src":4,"dest":6,"values":{"Call":5.0,"Parameter":6.0,"Contain":5.0,"Return":3.0,"Use":6.0}},{"src":5,"dest":3,"values":{"Parameter":1.0}},{"src":5,"dest":6,"values":{"Call":5.0,"Return":1.0,"Extend":1.0,"Use":2.0}},{"src":6,"dest":1,"values":{"Parameter":2.0,"Use":2.0}},{"src":6,"dest":3,"values":{"Call":4.0,"Parameter":2.0,"Contain":1.0,"Use":4.0}},{"src":6,"dest":5,"values":{"Cast":1.0,"Parameter":1.0,"Contain":1.0,"Return":1.0,"Use":1.0}},{"src":6,"dest":4,"values":{"Call":1.0,"Parameter":1.0,"Use":2.0}},{"src":6,"dest":2,"values":{"Parameter":1.0,"Return":1.0,"Use":2.0}},{"src":7,"dest":3,"values":{"Use":7.0}},{"src":7,"dest":4,"values":{"Call":3.0,"Contain":3.0,"Use":5.0,"Create":3.0}},{"src":7,"dest":6,"values":{"Call":19.0,"Contain":3.0,"Use":1.0,"Create":3.0}}],"relationTypes":["Call","Extend","Use","Parameter","Return","Contain","Cast","Create"]}