{"name":"archinaut_36.json","variables":["src.main.java.mx.uam.dsmviewer.presentation.events.EventChannel_java","src.main.java.mx.uam.dsmviewer.presentation.events.EventReceiver_java","src.main.java.mx.uam.dsmviewer.presentation.events.Message_java","src.main.java.mx.uam.dsmviewer.presentation.events.Topic_java"],"cells":[{"src":0,"dest":3,"values":{"Parameter":2.0,"Use":2.0}},{"src":0,"dest":1,"values":{"Parameter":2.0,"Call":1.0,"Contain":1.0,"Use":4.0}},{"src":0,"dest":2,"values":{"Parameter":1.0}},{"src":1,"dest":2,"values":{"Parameter":1.0}}],"relationTypes":["Parameter","Use","Call","Contain"]}