{"name":"archinaut_18.json","variables":["src.main.java.mx.uam.dsmviewer.business.dsmservice.DesignStructureMatrixService_java","src.main.java.mx.uam.dsmviewer.business.logservice.GitLogService_java","src.main.java.mx.uam.dsmviewer.business.metricsservice.MetricsService_java","src.main.java.mx.uam.dsmviewer.data.dsmloader.DesignStructureMatrixLoader_java","src.main.java.mx.uam.dsmviewer.data.logloader.LogLoader_java","src.main.java.mx.uam.dsmviewer.data.metricsloader.MetricsLoader_java","src.main.java.mx.uam.dsmviewer.data.nameprocessing.CharacterSubstituteNameProcessor_java","src.main.java.mx.uam.dsmviewer.data.nameprocessing.NameProcessor_java","src.main.java.mx.uam.dsmviewer.data.nameprocessing.PrefixRemovalNameProcessor_java","src.main.java.mx.uam.dsmviewer.model.AggregateMatrixDependencyGroup_java","src.main.java.mx.uam.dsmviewer.model.ArchitecturalDiff_java","src.main.java.mx.uam.dsmviewer.model.Delta_java","src.main.java.mx.uam.dsmviewer.model.DependencyConstraint_java","src.main.java.mx.uam.dsmviewer.model.DependencyMetric_java","src.main.java.mx.uam.dsmviewer.model.DesignStructureMatrixModel_java","src.main.java.mx.uam.dsmviewer.model.DesignStructureMatrix_java","src.main.java.mx.uam.dsmviewer.model.ElementConstraint_java","src.main.java.mx.uam.dsmviewer.model.ElementMethod_java","src.main.java.mx.uam.dsmviewer.model.ElementMetric_java","src.main.java.mx.uam.dsmviewer.model.MatrixDependencyGroup_java","src.main.java.mx.uam.dsmviewer.model.MatrixElementGroup_java","src.main.java.mx.uam.dsmviewer.model.MatrixElement_java"],"cells":[{"src":0,"dest":3,"values":{"Call":1.0,"Parameter":1.0,"Import":1.0,"Contain":1.0,"Use":1.0}},{"src":0,"dest":14,"values":{"Call":5.0,"Import":1.0,"Return":2.0,"Create":2.0,"Use":1.0,"Contain":2.0}},{"src":0,"dest":20,"values":{"Cast":2.0,"Call":8.0,"Import":1.0,"Return":1.0,"Create":3.0,"Parameter":1.0,"Contain":4.0}},{"src":0,"dest":7,"values":{"Import":1.0,"Contain":1.0}},{"src":0,"dest":1,"values":{"Call":2.0,"Parameter":1.0,"Import":1.0,"Contain":1.0,"Use":1.0}},{"src":0,"dest":2,"values":{"Call":2.0,"Parameter":1.0,"Contain":1.0,"Import":1.0,"Use":1.0}},{"src":0,"dest":15,"values":{"Call":6.0,"Import":1.0,"Return":2.0,"Create":1.0,"Parameter":3.0,"Contain":2.0}},{"src":0,"dest":19,"values":{"Call":7.0,"Import":1.0,"Contain":2.0,"Create":1.0}},{"src":0,"dest":8,"values":{"Call":1.0,"Import":1.0,"Create":1.0}},{"src":0,"dest":21,"values":{"Call":12.0,"Import":1.0,"Create":1.0,"Use":16.0,"Parameter":3.0,"Contain":8.0}},{"src":1,"dest":18,"values":{"Use":4.0,"Import":1.0}},{"src":1,"dest":7,"values":{"Call":5.0,"Contain":6.0,"Import":1.0}},{"src":1,"dest":4,"values":{"Call":5.0,"Parameter":1.0,"Contain":1.0,"Import":1.0,"Use":1.0}},{"src":1,"dest":6,"values":{"Call":4.0,"Import":1.0,"Create":4.0}},{"src":1,"dest":15,"values":{"Call":11.0,"Parameter":3.0,"Import":1.0,"Use":1.0}},{"src":1,"dest":19,"values":{"Call":8.0,"Contain":4.0,"Import":1.0,"Create":2.0}},{"src":1,"dest":8,"values":{"Call":2.0,"Import":1.0,"Create":2.0}},{"src":1,"dest":21,"values":{"Call":8.0,"Contain":3.0,"Import":1.0}},{"src":1,"dest":13,"values":{"Use":2.0,"Import":1.0}},{"src":2,"dest":18,"values":{"Use":7.0,"Import":1.0}},{"src":2,"dest":14,"values":{"Call":5.0,"Contain":1.0,"Import":1.0,"Create":1.0}},{"src":2,"dest":5,"values":{"Parameter":1.0,"Call":4.0,"Import":1.0,"Contain":1.0,"Use":1.0}},{"src":2,"dest":7,"values":{"Call":4.0,"Contain":3.0,"Import":1.0}},{"src":2,"dest":6,"values":{"Call":2.0,"Import":1.0,"Create":2.0}},{"src":2,"dest":15,"values":{"Call":11.0,"Parameter":3.0,"Import":1.0}},{"src":2,"dest":8,"values":{"Call":1.0,"Import":1.0,"Create":1.0}},{"src":2,"dest":21,"values":{"Call":10.0,"Contain":4.0,"Import":1.0,"Use":3.0}},{"src":2,"dest":17,"values":{"Call":1.0,"Contain":1.0,"Import":1.0,"Create":1.0}},{"src":3,"dest":7,"values":{"Call":1.0,"Parameter":1.0,"Import":1.0}},{"src":3,"dest":15,"values":{"Call":2.0,"Contain":1.0,"Import":1.0,"Return":1.0,"Create":1.0}},{"src":3,"dest":19,"values":{"Call":3.0,"Contain":1.0,"Import":1.0,"Create":1.0}},{"src":3,"dest":21,"values":{"Call":2.0,"Contain":2.0,"Import":1.0,"Create":1.0,"Use":2.0}},{"src":3,"dest":13,"values":{"Use":2.0,"Import":1.0}},{"src":4,"dest":7,"values":{"Call":5.0,"Parameter":3.0,"Import":1.0}},{"src":5,"dest":18,"values":{"Use":3.0,"Import":1.0}},{"src":5,"dest":7,"values":{"Call":1.0,"Parameter":1.0,"Import":1.0}},{"src":5,"dest":15,"values":{"Call":3.0,"Parameter":1.0,"Import":1.0}},{"src":5,"dest":21,"values":{"Call":5.0,"Import":1.0,"Contain":1.0}},{"src":6,"dest":7,"values":{"Extend":1.0}},{"src":8,"dest":7,"values":{"Extend":1.0}},{"src":9,"dest":19,"values":{"Call":3.0,"Extend":1.0,"Use":3.0}},{"src":9,"dest":21,"values":{"Parameter":2.0}},{"src":10,"dest":11,"values":{"Call":1.0,"Contain":1.0,"Return":1.0,"Create":1.0,"Use":3.0}},{"src":10,"dest":15,"values":{"Call":4.0,"Parameter":2.0,"Contain":2.0,"Use":1.0}},{"src":10,"dest":21,"values":{"Contain":3.0,"Import":1.0}},{"src":11,"dest":10,"values":{"Parameter":1.0,"Contain":1.0,"Import":1.0,"Use":3.0}},{"src":11,"dest":18,"values":{"Use":2.0}},{"src":11,"dest":21,"values":{"Call":4.0,"Import":1.0,"Return":2.0,"Use":4.0,"Parameter":3.0,"Contain":3.0}},{"src":12,"dest":21,"values":{"Parameter":2.0,"Contain":2.0,"Return":2.0,"Use":1.0}},{"src":14,"dest":20,"values":{"Cast":3.0,"Call":1.0,"Use":2.0}},{"src":14,"dest":12,"values":{"Call":3.0,"Contain":2.0,"Return":1.0,"Create":1.0,"Use":2.0}},{"src":14,"dest":15,"values":{"Call":4.0,"Parameter":2.0,"Contain":1.0,"Return":1.0,"Use":1.0}},{"src":14,"dest":19,"values":{"Call":17.0,"Contain":9.0,"Return":1.0,"Create":2.0,"Use":4.0}},{"src":14,"dest":21,"values":{"Call":2.0,"Parameter":15.0,"Contain":8.0,"Return":2.0,"Use":16.0}},{"src":15,"dest":10,"values":{"Parameter":1.0,"Contain":1.0,"Return":1.0,"Use":1.0}},{"src":15,"dest":16,"values":{"Parameter":2.0,"Use":2.0}},{"src":15,"dest":18,"values":{"Call":4.0,"Parameter":4.0,"Use":1.0}},{"src":15,"dest":20,"values":{"Cast":2.0,"Call":1.0,"Return":1.0,"Use":2.0,"Parameter":1.0,"Contain":1.0}},{"src":15,"dest":12,"values":{"Parameter":2.0,"Call":2.0,"Contain":1.0,"Return":1.0,"Use":2.0}},{"src":15,"dest":21,"values":{"Call":1.0,"Return":3.0,"Import":1.0,"Use":9.0,"Parameter":4.0,"Contain":3.0}},{"src":15,"dest":13,"values":{"Call":2.0,"Parameter":2.0,"Use":1.0}},{"src":16,"dest":18,"values":{"Parameter":1.0,"Return":1.0,"Contain":1.0,"Use":1.0}},{"src":16,"dest":21,"values":{"Call":1.0,"Parameter":1.0,"Return":1.0,"Contain":1.0,"Use":1.0}},{"src":19,"dest":9,"values":{"Cast":2.0,"Call":3.0,"Contain":1.0,"Create":2.0,"Use":1.0}},{"src":19,"dest":20,"values":{"Cast":2.0,"Call":1.0,"Contain":1.0,"Use":1.0}},{"src":19,"dest":21,"values":{"Call":5.0,"Parameter":6.0,"Contain":5.0,"Return":3.0,"Use":6.0}},{"src":20,"dest":18,"values":{"Parameter":1.0}},{"src":20,"dest":21,"values":{"Call":5.0,"Return":1.0,"Extend":1.0,"Use":2.0}},{"src":21,"dest":16,"values":{"Parameter":2.0,"Use":2.0}},{"src":21,"dest":18,"values":{"Call":4.0,"Parameter":2.0,"Contain":1.0,"Use":4.0}},{"src":21,"dest":20,"values":{"Cast":1.0,"Parameter":1.0,"Contain":1.0,"Return":1.0,"Use":1.0}},{"src":21,"dest":19,"values":{"Call":1.0,"Parameter":1.0,"Use":2.0}},{"src":21,"dest":17,"values":{"Parameter":1.0,"Return":1.0,"Use":2.0}}],"relationTypes":["Call","Parameter","Import","Contain","Use","Return","Create","Cast","Extend"]}