{"name":"archinaut_33.json","variables":["src.main.java.mx.uam.dsmviewer.model.AggregateMatrixDependencyGroup_java","src.main.java.mx.uam.dsmviewer.model.DependencyConstraintViolation_java","src.main.java.mx.uam.dsmviewer.model.DependencyConstraint_java","src.main.java.mx.uam.dsmviewer.model.ElementConstraint_java","src.main.java.mx.uam.dsmviewer.model.ElementMethod_java","src.main.java.mx.uam.dsmviewer.model.ElementMetric_java","src.main.java.mx.uam.dsmviewer.model.MatrixDependencyGroup_java","src.main.java.mx.uam.dsmviewer.model.MatrixElementGroup_java","src.main.java.mx.uam.dsmviewer.model.MatrixElement_java"],"cells":[{"src":0,"dest":6,"values":{"Call":3.0,"Extend":1.0,"Use":3.0}},{"src":0,"dest":8,"values":{"Parameter":2.0}},{"src":1,"dest":2,"values":{"Parameter":1.0,"Contain":1.0,"Return":1.0,"Use":1.0}},{"src":1,"dest":6,"values":{"Call":2.0,"Parameter":1.0,"Contain":1.0,"Return":1.0,"Use":1.0}},{"src":2,"dest":8,"values":{"Parameter":2.0,"Contain":2.0,"Return":2.0,"Use":1.0}},{"src":3,"dest":5,"values":{"Parameter":1.0,"Return":1.0,"Contain":1.0,"Use":1.0}},{"src":3,"dest":8,"values":{"Call":1.0,"Parameter":1.0,"Return":1.0,"Contain":1.0,"Use":1.0}},{"src":6,"dest":0,"values":{"Cast":2.0,"Call":3.0,"Contain":1.0,"Create":2.0,"Use":1.0}},{"src":6,"dest":7,"values":{"Cast":2.0,"Call":1.0,"Contain":1.0,"Use":1.0}},{"src":6,"dest":8,"values":{"Call":5.0,"Parameter":6.0,"Contain":5.0,"Return":3.0,"Use":6.0}},{"src":7,"dest":5,"values":{"Parameter":1.0}},{"src":7,"dest":8,"values":{"Call":5.0,"Return":1.0,"Extend":1.0,"Use":2.0}},{"src":8,"dest":3,"values":{"Parameter":2.0,"Use":2.0}},{"src":8,"dest":5,"values":{"Call":4.0,"Parameter":2.0,"Contain":1.0,"Use":4.0}},{"src":8,"dest":7,"values":{"Cast":1.0,"Parameter":1.0,"Contain":1.0,"Return":1.0,"Use":1.0}},{"src":8,"dest":6,"values":{"Call":1.0,"Parameter":1.0,"Use":2.0}},{"src":8,"dest":4,"values":{"Parameter":1.0,"Return":1.0,"Use":2.0}}],"relationTypes":["Call","Extend","Use","Parameter","Contain","Return","Cast","Create"]}