{"name":"archinaut_3.json","variables":["src.main.java.mx.uam.dsmviewer.business.constraintservice.ConstraintsService_java","src.main.java.mx.uam.dsmviewer.business.dsmservice.DesignStructureMatrixService_java","src.main.java.mx.uam.dsmviewer.business.logservice.GitLogService_java","src.main.java.mx.uam.dsmviewer.business.metricsservice.MetricsService_java","src.main.java.mx.uam.dsmviewer.business.trendsanalysisservice.TrendsAnalysisService_java","src.main.java.mx.uam.dsmviewer.data.constraintsloader.ConstraintsLoader_java","src.main.java.mx.uam.dsmviewer.data.dsmloader.DesignStructureMatrixLoader_java","src.main.java.mx.uam.dsmviewer.data.logloader.LogLoader_java","src.main.java.mx.uam.dsmviewer.data.metricsloader.MetricsLoader_java","src.main.java.mx.uam.dsmviewer.data.nameprocessing.CharacterSubstituteNameProcessor_java","src.main.java.mx.uam.dsmviewer.data.nameprocessing.NameProcessor_java","src.main.java.mx.uam.dsmviewer.data.nameprocessing.PrefixRemovalNameProcessor_java","src.main.java.mx.uam.dsmviewer.data.trendsanalysisloader.TrendsAnalysisLoader_java","src.main.java.mx.uam.dsmviewer.model.AggregateMatrixDependencyGroup_java","src.main.java.mx.uam.dsmviewer.model.ArchitecturalDiff_java","src.main.java.mx.uam.dsmviewer.model.Delta_java","src.main.java.mx.uam.dsmviewer.model.DependencyConstraintViolation_java","src.main.java.mx.uam.dsmviewer.model.DependencyConstraint_java","src.main.java.mx.uam.dsmviewer.model.DependencyMetric_java","src.main.java.mx.uam.dsmviewer.model.DesignStructureMatrixModel_java","src.main.java.mx.uam.dsmviewer.model.DesignStructureMatrix_java","src.main.java.mx.uam.dsmviewer.model.ElementConstraint_java","src.main.java.mx.uam.dsmviewer.model.ElementMethod_java","src.main.java.mx.uam.dsmviewer.model.ElementMetric_java","src.main.java.mx.uam.dsmviewer.model.MatrixDependencyGroup_java","src.main.java.mx.uam.dsmviewer.model.MatrixElementGroup_java","src.main.java.mx.uam.dsmviewer.model.MatrixElement_java","src.main.java.mx.uam.dsmviewer.model.TrendsAnalysis_java","src.main.java.mx.uam.dsmviewer.model.dto.DependencyConstraintDTO_java","src.main.java.mx.uam.dsmviewer.model.dto.DesignStructureMatrixDTO_java","src.main.java.mx.uam.dsmviewer.model.dto.ElementConstraintDTO_java","src.main.java.mx.uam.dsmviewer.model.dto.MatrixConstraintsDTO_java","src.main.java.mx.uam.dsmviewer.model.dto.TrendsAnalysisDTO_java","src.main.java.mx.uam.dsmviewer.presentation.creatediffview.CreateDiffViewController_java","src.main.java.mx.uam.dsmviewer.presentation.creatediffview.CreateDiffView_java","src.main.java.mx.uam.dsmviewer.presentation.creatediffview.DiffViewModel_java","src.main.java.mx.uam.dsmviewer.presentation.events.ElementExpandedMessage_java","src.main.java.mx.uam.dsmviewer.presentation.events.ElementSelectedMessage_java","src.main.java.mx.uam.dsmviewer.presentation.events.EventChannel_java","src.main.java.mx.uam.dsmviewer.presentation.events.EventReceiver_java","src.main.java.mx.uam.dsmviewer.presentation.events.Message_java","src.main.java.mx.uam.dsmviewer.presentation.events.Topic_java","src.main.java.mx.uam.dsmviewer.presentation.mainview.TabManager_java","src.main.java.mx.uam.dsmviewer.presentation.util.HeatmapColorProvider_java","src.main.java.mx.uam.dsmviewer.presentation.util.TabbedComponent_java","src.main.java.mx.uam.dsmviewer.presentation.views.DesignStructureMatrixViewerController_java","src.main.java.mx.uam.dsmviewer.presentation.views.DesignStructureMatrixViewer_java","src.main.java.mx.uam.dsmviewer.presentation.views.matrixview.CellColor_java","src.main.java.mx.uam.dsmviewer.presentation.views.matrixview.CellContents_java","src.main.java.mx.uam.dsmviewer.presentation.views.matrixview.DSMTableModel_java","src.main.java.mx.uam.dsmviewer.presentation.views.matrixview.HeaderRenderer_java","src.main.java.mx.uam.dsmviewer.presentation.views.matrixview.HeatmapSource_java","src.main.java.mx.uam.dsmviewer.presentation.views.matrixview.JTableDesignStructureMatrix_java","src.main.java.mx.uam.dsmviewer.presentation.views.matrixview.MatrixCellRenderer_java","src.main.java.mx.uam.dsmviewer.presentation.views.matrixview.RowHeaderRenderer_java","src.main.java.mx.uam.dsmviewer.presentation.views.tableview.HotspotsTableModel_java","src.main.java.mx.uam.dsmviewer.presentation.views.tableview.HotspotsTable_java","src.main.java.mx.uam.dsmviewer.presentation.views.treemapview.TreeMapDesignStructureMatrix_java","src.main.java.mx.uam.dsmviewer.presentation.views.treemapview.TreeMapModelBuilder_java","src.main.java.mx.uam.dsmviewer.presentation.views.treeview.DSMTreeModel_java","src.main.java.mx.uam.dsmviewer.presentation.views.treeview.JTreeDesignStructureMatrix_java","src.main.java.mx.uam.dsmviewer.presentation.views.treeview.JTreeDesignStuctureMatrixMouseListener_java"],"cells":[{"src":0,"dest":5,"values":{"Call":2.0,"Parameter":1.0,"Import":1.0,"Contain":1.0,"Use":1.0}},{"src":0,"dest":21,"values":{"Call":8.0,"Import":1.0,"Return":1.0,"Create":2.0,"Use":2.0,"Parameter":1.0,"Contain":5.0}},{"src":0,"dest":23,"values":{"Call":1.0,"Parameter":1.0,"Contain":1.0,"Import":1.0,"Use":1.0}},{"src":0,"dest":19,"values":{"Call":5.0,"Import":1.0,"Contain":1.0,"Use":1.0}},{"src":0,"dest":17,"values":{"Call":4.0,"Import":1.0,"Contain":5.0,"Create":2.0}},{"src":0,"dest":16,"values":{"Call":1.0,"Import":1.0,"Contain":1.0,"Create":1.0,"Use":2.0}},{"src":0,"dest":20,"values":{"Call":14.0,"Parameter":8.0,"Import":1.0}},{"src":0,"dest":31,"values":{"Call":5.0,"Contain":2.0,"Import":1.0,"Create":1.0}},{"src":0,"dest":30,"values":{"Call":1.0,"Contain":2.0,"Import":1.0,"Create":1.0}},{"src":0,"dest":24,"values":{"Call":5.0,"Parameter":2.0,"Import":1.0,"Contain":1.0}},{"src":0,"dest":28,"values":{"Call":5.0,"Import":1.0,"Contain":2.0,"Create":1.0}},{"src":0,"dest":26,"values":{"Call":7.0,"Parameter":1.0,"Import":1.0,"Contain":4.0}},{"src":1,"dest":6,"values":{"Call":1.0,"Parameter":1.0,"Import":1.0,"Contain":1.0,"Use":1.0}},{"src":1,"dest":19,"values":{"Call":5.0,"Import":1.0,"Return":2.0,"Create":2.0,"Use":1.0,"Contain":2.0}},{"src":1,"dest":25,"values":{"Cast":2.0,"Call":8.0,"Import":1.0,"Return":1.0,"Create":3.0,"Parameter":1.0,"Contain":4.0}},{"src":1,"dest":10,"values":{"Import":1.0,"Contain":1.0}},{"src":1,"dest":2,"values":{"Call":2.0,"Parameter":1.0,"Import":1.0,"Contain":1.0,"Use":1.0}},{"src":1,"dest":3,"values":{"Call":2.0,"Parameter":1.0,"Contain":1.0,"Import":1.0,"Use":1.0}},{"src":1,"dest":20,"values":{"Call":6.0,"Import":1.0,"Return":2.0,"Create":1.0,"Parameter":3.0,"Contain":2.0}},{"src":1,"dest":24,"values":{"Call":7.0,"Import":1.0,"Contain":2.0,"Create":1.0}},{"src":1,"dest":11,"values":{"Call":1.0,"Import":1.0,"Create":1.0}},{"src":1,"dest":26,"values":{"Call":12.0,"Import":1.0,"Create":1.0,"Use":16.0,"Parameter":3.0,"Contain":8.0}},{"src":2,"dest":23,"values":{"Use":4.0,"Import":1.0}},{"src":2,"dest":10,"values":{"Call":5.0,"Contain":6.0,"Import":1.0}},{"src":2,"dest":7,"values":{"Call":5.0,"Parameter":1.0,"Contain":1.0,"Import":1.0,"Use":1.0}},{"src":2,"dest":9,"values":{"Call":4.0,"Import":1.0,"Create":4.0}},{"src":2,"dest":20,"values":{"Call":11.0,"Parameter":3.0,"Import":1.0,"Use":1.0}},{"src":2,"dest":24,"values":{"Call":8.0,"Contain":4.0,"Import":1.0,"Create":2.0}},{"src":2,"dest":11,"values":{"Call":2.0,"Import":1.0,"Create":2.0}},{"src":2,"dest":26,"values":{"Call":8.0,"Contain":3.0,"Import":1.0}},{"src":2,"dest":18,"values":{"Use":2.0,"Import":1.0}},{"src":3,"dest":23,"values":{"Use":7.0,"Import":1.0}},{"src":3,"dest":19,"values":{"Call":5.0,"Contain":1.0,"Import":1.0,"Create":1.0}},{"src":3,"dest":8,"values":{"Parameter":1.0,"Call":4.0,"Import":1.0,"Contain":1.0,"Use":1.0}},{"src":3,"dest":10,"values":{"Call":4.0,"Contain":3.0,"Import":1.0}},{"src":3,"dest":9,"values":{"Call":2.0,"Import":1.0,"Create":2.0}},{"src":3,"dest":20,"values":{"Call":11.0,"Parameter":3.0,"Import":1.0}},{"src":3,"dest":11,"values":{"Call":1.0,"Import":1.0,"Create":1.0}},{"src":3,"dest":26,"values":{"Call":10.0,"Contain":4.0,"Import":1.0,"Use":3.0}},{"src":3,"dest":22,"values":{"Call":1.0,"Contain":1.0,"Import":1.0,"Create":1.0}},{"src":4,"dest":12,"values":{"Call":4.0,"Parameter":1.0,"Import":1.0,"Contain":1.0,"Use":1.0}},{"src":4,"dest":14,"values":{"Call":2.0,"Import":2.0,"Contain":2.0,"Create":2.0,"Use":3.0}},{"src":4,"dest":23,"values":{"Call":1.0,"Contain":5.0,"Import":1.0,"Use":6.0}},{"src":4,"dest":29,"values":{"Call":9.0,"Contain":2.0,"Import":1.0,"Create":1.0}},{"src":4,"dest":27,"values":{"Call":6.0,"Parameter":2.0,"Import":1.0,"Return":2.0,"Create":2.0}},{"src":4,"dest":20,"values":{"Call":14.0,"Import":1.0,"Return":1.0,"Create":1.0,"Use":2.0,"Parameter":4.0,"Contain":3.0}},{"src":4,"dest":1,"values":{"Call":1.0,"Parameter":1.0,"Contain":1.0,"Import":1.0,"Use":1.0}},{"src":4,"dest":32,"values":{"Call":4.0,"Contain":2.0,"Import":1.0,"Create":1.0}},{"src":4,"dest":26,"values":{"Call":7.0,"Import":1.0,"Contain":3.0,"Create":1.0,"Use":2.0}},{"src":5,"dest":31,"values":{"Parameter":1.0,"Contain":1.0,"Return":1.0,"Import":1.0,"Use":1.0}},{"src":6,"dest":10,"values":{"Call":1.0,"Parameter":1.0,"Import":1.0}},{"src":6,"dest":20,"values":{"Call":2.0,"Contain":1.0,"Import":1.0,"Return":1.0,"Create":1.0}},{"src":6,"dest":24,"values":{"Call":3.0,"Contain":1.0,"Import":1.0,"Create":1.0}},{"src":6,"dest":26,"values":{"Call":2.0,"Contain":2.0,"Import":1.0,"Create":1.0,"Use":2.0}},{"src":6,"dest":18,"values":{"Use":2.0,"Import":1.0}},{"src":7,"dest":10,"values":{"Call":5.0,"Parameter":3.0,"Import":1.0}},{"src":8,"dest":23,"values":{"Use":3.0,"Import":1.0}},{"src":8,"dest":10,"values":{"Call":1.0,"Parameter":1.0,"Import":1.0}},{"src":8,"dest":20,"values":{"Call":3.0,"Parameter":1.0,"Import":1.0}},{"src":8,"dest":26,"values":{"Call":5.0,"Import":1.0,"Contain":1.0}},{"src":9,"dest":10,"values":{"Extend":1.0}},{"src":11,"dest":10,"values":{"Extend":1.0}},{"src":12,"dest":32,"values":{"Parameter":1.0,"Contain":1.0,"Import":1.0,"Return":1.0,"Use":1.0}},{"src":13,"dest":24,"values":{"Call":3.0,"Extend":1.0,"Use":3.0}},{"src":13,"dest":26,"values":{"Parameter":2.0}},{"src":14,"dest":15,"values":{"Call":1.0,"Contain":1.0,"Return":1.0,"Create":1.0,"Use":3.0}},{"src":14,"dest":20,"values":{"Call":4.0,"Parameter":2.0,"Contain":2.0,"Use":1.0}},{"src":14,"dest":26,"values":{"Contain":3.0,"Import":1.0}},{"src":15,"dest":14,"values":{"Parameter":1.0,"Contain":1.0,"Import":1.0,"Use":3.0}},{"src":15,"dest":23,"values":{"Use":2.0}},{"src":15,"dest":26,"values":{"Call":4.0,"Import":1.0,"Return":2.0,"Use":4.0,"Parameter":3.0,"Contain":3.0}},{"src":16,"dest":17,"values":{"Parameter":1.0,"Contain":1.0,"Return":1.0,"Use":1.0}},{"src":16,"dest":24,"values":{"Call":2.0,"Parameter":1.0,"Contain":1.0,"Return":1.0,"Use":1.0}},{"src":17,"dest":26,"values":{"Parameter":2.0,"Contain":2.0,"Return":2.0,"Use":1.0}},{"src":19,"dest":25,"values":{"Cast":3.0,"Call":1.0,"Use":2.0}},{"src":19,"dest":17,"values":{"Call":3.0,"Contain":2.0,"Return":1.0,"Create":1.0,"Use":2.0}},{"src":19,"dest":20,"values":{"Call":4.0,"Parameter":2.0,"Contain":1.0,"Return":1.0,"Use":1.0}},{"src":19,"dest":24,"values":{"Call":17.0,"Contain":9.0,"Return":1.0,"Create":2.0,"Use":4.0}},{"src":19,"dest":26,"values":{"Call":2.0,"Parameter":15.0,"Contain":8.0,"Return":2.0,"Use":16.0}},{"src":20,"dest":14,"values":{"Parameter":1.0,"Contain":1.0,"Return":1.0,"Use":1.0}},{"src":20,"dest":21,"values":{"Parameter":2.0,"Use":2.0}},{"src":20,"dest":23,"values":{"Call":4.0,"Parameter":4.0,"Use":1.0}},{"src":20,"dest":25,"values":{"Cast":2.0,"Call":1.0,"Return":1.0,"Use":2.0,"Parameter":1.0,"Contain":1.0}},{"src":20,"dest":17,"values":{"Parameter":2.0,"Call":2.0,"Contain":1.0,"Return":1.0,"Use":2.0}},{"src":20,"dest":26,"values":{"Call":1.0,"Return":3.0,"Import":1.0,"Use":9.0,"Parameter":4.0,"Contain":3.0}},{"src":20,"dest":18,"values":{"Call":2.0,"Parameter":2.0,"Use":1.0}},{"src":21,"dest":23,"values":{"Parameter":1.0,"Return":1.0,"Contain":1.0,"Use":1.0}},{"src":21,"dest":26,"values":{"Call":1.0,"Parameter":1.0,"Return":1.0,"Contain":1.0,"Use":1.0}},{"src":24,"dest":13,"values":{"Cast":2.0,"Call":3.0,"Contain":1.0,"Create":2.0,"Use":1.0}},{"src":24,"dest":25,"values":{"Cast":2.0,"Call":1.0,"Contain":1.0,"Use":1.0}},{"src":24,"dest":26,"values":{"Call":5.0,"Parameter":6.0,"Contain":5.0,"Return":3.0,"Use":6.0}},{"src":25,"dest":23,"values":{"Parameter":1.0}},{"src":25,"dest":26,"values":{"Call":5.0,"Return":1.0,"Extend":1.0,"Use":2.0}},{"src":26,"dest":21,"values":{"Parameter":2.0,"Use":2.0}},{"src":26,"dest":23,"values":{"Call":4.0,"Parameter":2.0,"Contain":1.0,"Use":4.0}},{"src":26,"dest":25,"values":{"Cast":1.0,"Parameter":1.0,"Contain":1.0,"Return":1.0,"Use":1.0}},{"src":26,"dest":24,"values":{"Call":1.0,"Parameter":1.0,"Use":2.0}},{"src":26,"dest":22,"values":{"Parameter":1.0,"Return":1.0,"Use":2.0}},{"src":27,"dest":23,"values":{"Call":2.0,"Parameter":9.0,"Contain":1.0,"Use":1.0}},{"src":27,"dest":20,"values":{"Call":13.0,"Contain":9.0,"Return":2.0,"Use":2.0}},{"src":27,"dest":26,"values":{"Call":18.0,"Return":1.0,"Import":1.0,"Create":1.0,"Use":14.0,"Parameter":1.0,"Contain":13.0}},{"src":31,"dest":30,"values":{"Parameter":1.0,"Use":2.0}},{"src":31,"dest":28,"values":{"Parameter":1.0,"Use":2.0}},{"src":32,"dest":29,"values":{"Parameter":1.0,"Use":2.0}},{"src":33,"dest":35,"values":{"Call":1.0,"Contain":1.0,"Create":1.0}},{"src":33,"dest":34,"values":{"Call":1.0,"Contain":1.0,"Create":1.0}},{"src":33,"dest":27,"values":{"Parameter":1.0,"Import":1.0}},{"src":33,"dest":42,"values":{"Parameter":1.0,"Call":1.0,"Import":1.0,"Contain":1.0,"Use":1.0}},{"src":33,"dest":4,"values":{"Parameter":1.0,"Import":1.0,"Contain":1.0,"Use":1.0}},{"src":34,"dest":35,"values":{"Parameter":1.0,"Call":5.0,"Contain":1.0,"Use":1.0}},{"src":34,"dest":27,"values":{"Call":1.0}},{"src":34,"dest":33,"values":{"Parameter":1.0,"Contain":1.0,"Use":1.0}},{"src":34,"dest":44,"values":{"Implement":1.0,"Import":1.0}},{"src":34,"dest":46,"values":{"Call":5.0,"Contain":2.0,"Import":1.0,"Create":2.0}},{"src":35,"dest":14,"values":{"Call":2.0,"Import":2.0,"Contain":2.0,"Create":2.0,"Use":3.0}},{"src":35,"dest":19,"values":{"Call":8.0,"Import":1.0,"Return":2.0,"Create":2.0,"Use":2.0,"Contain":2.0}},{"src":35,"dest":25,"values":{"Call":2.0}},{"src":35,"dest":27,"values":{"Call":2.0,"Import":1.0,"Return":1.0,"Use":1.0,"Parameter":1.0,"Contain":1.0}},{"src":35,"dest":20,"values":{"Call":4.0,"Import":1.0,"Contain":2.0}},{"src":35,"dest":26,"values":{"Import":1.0,"Contain":2.0,"Use":4.0}},{"src":36,"dest":40,"values":{"Extend":1.0,"Call":2.0}},{"src":37,"dest":40,"values":{"Extend":1.0,"Call":2.0}},{"src":38,"dest":41,"values":{"Parameter":2.0,"Use":2.0}},{"src":38,"dest":39,"values":{"Parameter":2.0,"Call":1.0,"Contain":1.0,"Use":4.0}},{"src":38,"dest":40,"values":{"Parameter":1.0}},{"src":39,"dest":40,"values":{"Parameter":1.0}},{"src":42,"dest":44,"values":{"Parameter":1.0,"Import":1.0}},{"src":45,"dest":19,"values":{"Import":1.0,"Return":1.0}},{"src":45,"dest":0,"values":{"Parameter":1.0,"Call":2.0,"Contain":1.0,"Import":1.0,"Use":1.0}},{"src":45,"dest":20,"values":{"Parameter":3.0,"Import":1.0}},{"src":45,"dest":1,"values":{"Parameter":1.0,"Call":2.0,"Contain":1.0,"Import":1.0,"Use":1.0}},{"src":45,"dest":24,"values":{"Parameter":2.0,"Import":1.0}},{"src":45,"dest":26,"values":{"Parameter":2.0,"Import":1.0}},{"src":46,"dest":58,"values":{"Call":2.0,"Import":1.0,"Use":2.0}},{"src":46,"dest":19,"values":{"Parameter":2.0,"Call":6.0,"Import":1.0,"Return":1.0}},{"src":46,"dest":56,"values":{"Call":4.0,"Contain":1.0,"Import":1.0,"Use":1.0,"Create":1.0}},{"src":46,"dest":44,"values":{"Implement":1.0,"Import":1.0}},{"src":46,"dest":45,"values":{"Parameter":1.0}},{"src":46,"dest":52,"values":{"Call":5.0,"Contain":1.0,"Import":1.0,"Use":1.0,"Create":1.0}},{"src":46,"dest":49,"values":{"Call":2.0,"Contain":1.0,"Import":1.0,"Use":2.0,"Create":2.0}},{"src":46,"dest":55,"values":{"Call":1.0,"Contain":1.0,"Import":1.0,"Create":1.0}},{"src":46,"dest":57,"values":{"Call":4.0,"Contain":1.0,"Import":1.0,"Use":1.0,"Create":1.0}},{"src":46,"dest":59,"values":{"Call":2.0,"Contain":1.0,"Import":1.0,"Use":2.0,"Create":2.0}},{"src":46,"dest":60,"values":{"Call":5.0,"Contain":1.0,"Import":1.0,"Use":1.0,"Create":1.0}},{"src":49,"dest":19,"values":{"Call":8.0,"Return":1.0,"Import":1.0,"Use":2.0,"Parameter":2.0,"Contain":1.0}},{"src":49,"dest":25,"values":{"Cast":1.0,"Call":1.0,"Parameter":1.0,"Import":1.0,"Use":2.0}},{"src":49,"dest":17,"values":{"Import":1.0,"Return":1.0}},{"src":49,"dest":20,"values":{"Call":1.0}},{"src":49,"dest":26,"values":{"Call":3.0,"Parameter":2.0,"Contain":1.0,"Import":1.0}},{"src":50,"dest":19,"values":{"Call":1.0,"Contain":1.0,"Import":1.0}},{"src":50,"dest":52,"values":{"Call":4.0,"Parameter":1.0,"Contain":1.0,"Use":1.0}},{"src":50,"dest":26,"values":{"Call":1.0}},{"src":52,"dest":23,"values":{"Use":8.0,"Import":1.0}},{"src":52,"dest":54,"values":{"Call":1.0,"Create":1.0}},{"src":52,"dest":38,"values":{"Call":10.0,"Import":1.0,"Use":4.0}},{"src":52,"dest":37,"values":{"Cast":2.0,"Call":4.0,"Contain":1.0,"Import":1.0,"Create":1.0}},{"src":52,"dest":39,"values":{"Implement":1.0,"Import":1.0}},{"src":52,"dest":47,"values":{"Use":1.0,"Contain":1.0}},{"src":52,"dest":51,"values":{"Use":1.0,"Contain":1.0}},{"src":52,"dest":24,"values":{"Cast":1.0,"Call":17.0,"Contain":1.0,"Import":1.0}},{"src":52,"dest":36,"values":{"Call":2.0,"Import":1.0,"Create":2.0}},{"src":52,"dest":48,"values":{"Call":3.0,"Contain":1.0,"Use":1.0}},{"src":52,"dest":50,"values":{"Call":1.0,"Create":1.0}},{"src":52,"dest":26,"values":{"Call":19.0,"Parameter":2.0,"Import":1.0,"Contain":6.0,"Use":2.0}},{"src":52,"dest":53,"values":{"Call":10.0,"Contain":1.0,"Use":1.0,"Create":1.0}},{"src":52,"dest":60,"values":{"Parameter":1.0,"Call":1.0,"Contain":1.0,"Import":1.0,"Use":1.0}},{"src":52,"dest":19,"values":{"Call":34.0,"Return":1.0,"Import":1.0,"Use":1.0,"Create":1.0,"Parameter":2.0,"Contain":6.0}},{"src":52,"dest":41,"values":{"Use":6.0,"Import":1.0}},{"src":52,"dest":20,"values":{"Call":3.0}},{"src":52,"dest":40,"values":{"Parameter":1.0,"Import":1.0}},{"src":52,"dest":45,"values":{"Call":2.0,"Parameter":2.0,"Import":1.0}},{"src":52,"dest":18,"values":{"Use":3.0,"Import":1.0}},{"src":52,"dest":49,"values":{"Cast":2.0,"Call":6.0,"Create":1.0,"Use":2.0,"Parameter":1.0,"Contain":1.0}},{"src":53,"dest":13,"values":{"Cast":4.0,"Call":2.0,"Import":1.0,"Use":1.0}},{"src":53,"dest":25,"values":{"Call":2.0,"Contain":3.0,"Import":1.0}},{"src":53,"dest":17,"values":{"Contain":1.0,"Import":1.0}},{"src":53,"dest":43,"values":{"Call":1.0,"Import":1.0,"Use":1.0}},{"src":53,"dest":47,"values":{"Parameter":1.0,"Contain":1.0,"Use":7.0}},{"src":53,"dest":51,"values":{"Parameter":1.0,"Contain":1.0,"Use":5.0}},{"src":53,"dest":24,"values":{"Cast":1.0,"Call":6.0,"Contain":1.0,"Import":1.0}},{"src":53,"dest":48,"values":{"Parameter":1.0,"Contain":1.0,"Use":5.0}},{"src":53,"dest":52,"values":{"Call":16.0,"Parameter":1.0,"Contain":1.0,"Use":1.0}},{"src":53,"dest":26,"values":{"Call":2.0}},{"src":53,"dest":49,"values":{"Cast":2.0,"Call":2.0,"Use":1.0}},{"src":54,"dest":19,"values":{"Call":1.0,"Contain":1.0,"Import":1.0}},{"src":54,"dest":52,"values":{"Call":4.0,"Parameter":1.0,"Contain":1.0,"Use":1.0}},{"src":54,"dest":26,"values":{"Call":1.0}},{"src":55,"dest":23,"values":{"Call":3.0,"Import":1.0,"Use":2.0}},{"src":55,"dest":20,"values":{"Call":2.0,"Return":1.0,"Import":1.0,"Use":1.0,"Parameter":1.0,"Contain":1.0}},{"src":55,"dest":26,"values":{"Call":2.0,"Contain":1.0,"Import":1.0,"Use":1.0}},{"src":56,"dest":23,"values":{"Call":1.0,"Import":1.0,"Use":1.0}},{"src":56,"dest":38,"values":{"Call":6.0,"Import":1.0,"Use":3.0}},{"src":56,"dest":37,"values":{"Cast":2.0,"Call":2.0,"Import":1.0,"Use":1.0,"Create":1.0}},{"src":56,"dest":41,"values":{"Use":4.0,"Import":1.0}},{"src":56,"dest":43,"values":{"Call":1.0,"Import":1.0,"Use":1.0}},{"src":56,"dest":20,"values":{"Call":2.0,"Parameter":2.0,"Import":1.0,"Contain":1.0,"Use":1.0}},{"src":56,"dest":39,"values":{"Implement":1.0,"Import":1.0}},{"src":56,"dest":40,"values":{"Parameter":1.0,"Import":1.0}},{"src":56,"dest":26,"values":{"Cast":2.0,"Call":5.0,"Contain":3.0,"Import":1.0}},{"src":56,"dest":55,"values":{"Cast":2.0,"Call":3.0,"Use":2.0,"Create":1.0,"Parameter":1.0,"Contain":1.0}},{"src":56,"dest":60,"values":{"Parameter":1.0,"Contain":1.0,"Import":1.0,"Use":1.0}},{"src":57,"dest":14,"values":{"Call":1.0,"Contain":1.0,"Import":1.0}},{"src":57,"dest":23,"values":{"Cast":5.0,"Contain":1.0,"Import":1.0,"Use":1.0}},{"src":57,"dest":38,"values":{"Call":6.0,"Import":1.0,"Use":3.0}},{"src":57,"dest":37,"values":{"Cast":2.0,"Call":2.0,"Import":1.0,"Use":1.0,"Create":1.0}},{"src":57,"dest":39,"values":{"Implement":1.0,"Import":1.0}},{"src":57,"dest":26,"values":{"Cast":2.0,"Call":5.0,"Contain":3.0,"Import":1.0}},{"src":57,"dest":59,"values":{"Cast":1.0,"Call":5.0,"Import":1.0,"Use":2.0,"Parameter":1.0,"Contain":1.0}},{"src":57,"dest":60,"values":{"Parameter":1.0,"Import":1.0}},{"src":57,"dest":41,"values":{"Use":4.0,"Import":1.0}},{"src":57,"dest":43,"values":{"Call":1.0,"Import":1.0,"Use":1.0}},{"src":57,"dest":15,"values":{"Call":3.0,"Contain":2.0,"Import":2.0,"Use":1.0}},{"src":57,"dest":20,"values":{"Call":4.0}},{"src":57,"dest":40,"values":{"Parameter":1.0,"Import":1.0}},{"src":58,"dest":23,"values":{"Use":2.0,"Import":1.0}},{"src":58,"dest":25,"values":{"Cast":2.0,"Call":1.0,"Import":1.0,"Use":1.0}},{"src":58,"dest":20,"values":{"Call":1.0,"Parameter":1.0,"Import":1.0}},{"src":58,"dest":26,"values":{"Call":3.0,"Parameter":1.0,"Contain":1.0,"Import":1.0}},{"src":59,"dest":20,"values":{"Parameter":1.0,"Return":1.0,"Contain":1.0,"Import":1.0,"Use":1.0}},{"src":59,"dest":26,"values":{"Cast":1.0,"Call":1.0,"Contain":1.0,"Import":1.0}},{"src":60,"dest":38,"values":{"Call":6.0,"Import":1.0,"Use":2.0}},{"src":60,"dest":37,"values":{"Cast":2.0,"Call":1.0,"Import":1.0,"Use":1.0}},{"src":60,"dest":41,"values":{"Use":3.0,"Import":1.0}},{"src":60,"dest":20,"values":{"Call":2.0}},{"src":60,"dest":39,"values":{"Implement":1.0,"Import":1.0}},{"src":60,"dest":36,"values":{"Cast":2.0,"Call":1.0,"Import":1.0,"Use":1.0}},{"src":60,"dest":40,"values":{"Parameter":1.0,"Import":1.0}},{"src":60,"dest":45,"values":{"Parameter":1.0,"Return":1.0,"Contain":1.0,"Import":1.0,"Use":1.0}},{"src":60,"dest":61,"values":{"Call":1.0,"Create":1.0}},{"src":60,"dest":26,"values":{"Cast":5.0,"Call":7.0,"Import":1.0,"Use":3.0,"Parameter":1.0,"Contain":6.0}},{"src":60,"dest":59,"values":{"Cast":4.0,"Parameter":1.0,"Call":4.0,"Use":2.0}},{"src":61,"dest":25,"values":{"Cast":1.0,"Call":2.0,"Import":1.0,"Use":3.0}},{"src":61,"dest":38,"values":{"Call":2.0,"Import":1.0,"Use":1.0}},{"src":61,"dest":37,"values":{"Call":1.0,"Import":1.0,"Create":1.0}},{"src":61,"dest":41,"values":{"Use":2.0,"Import":1.0}},{"src":61,"dest":45,"values":{"Call":1.0}},{"src":61,"dest":26,"values":{"Cast":7.0,"Call":5.0,"Contain":2.0,"Import":1.0,"Use":1.0}},{"src":61,"dest":59,"values":{"Cast":4.0,"Use":1.0}},{"src":61,"dest":60,"values":{"Parameter":1.0,"Call":8.0,"Contain":1.0,"Use":1.0}}],"relationTypes":["Call","Parameter","Import","Contain","Use","Return","Create","Cast","Extend","Implement"]}