{"name":"archinaut_27.json","variables":["src.main.java.mx.uam.dsmviewer.model.AggregateMatrixDependencyGroup_java","src.main.java.mx.uam.dsmviewer.model.ArchitecturalDiff_java","src.main.java.mx.uam.dsmviewer.model.Delta_java","src.main.java.mx.uam.dsmviewer.model.DependencyConstraint_java","src.main.java.mx.uam.dsmviewer.model.DependencyMetric_java","src.main.java.mx.uam.dsmviewer.model.DesignStructureMatrixModel_java","src.main.java.mx.uam.dsmviewer.model.DesignStructureMatrix_java","src.main.java.mx.uam.dsmviewer.model.ElementConstraint_java","src.main.java.mx.uam.dsmviewer.model.ElementMethod_java","src.main.java.mx.uam.dsmviewer.model.ElementMetric_java","src.main.java.mx.uam.dsmviewer.model.MatrixDependencyGroup_java","src.main.java.mx.uam.dsmviewer.model.MatrixElementGroup_java","src.main.java.mx.uam.dsmviewer.model.MatrixElement_java"],"cells":[{"src":0,"dest":10,"values":{"Call":3.0,"Extend":1.0,"Use":3.0}},{"src":0,"dest":12,"values":{"Parameter":2.0}},{"src":1,"dest":2,"values":{"Call":1.0,"Contain":1.0,"Return":1.0,"Create":1.0,"Use":3.0}},{"src":1,"dest":6,"values":{"Call":4.0,"Parameter":2.0,"Contain":2.0,"Use":1.0}},{"src":1,"dest":12,"values":{"Contain":3.0,"Import":1.0}},{"src":2,"dest":1,"values":{"Parameter":1.0,"Contain":1.0,"Import":1.0,"Use":3.0}},{"src":2,"dest":9,"values":{"Use":2.0}},{"src":2,"dest":12,"values":{"Call":4.0,"Import":1.0,"Return":2.0,"Use":4.0,"Parameter":3.0,"Contain":3.0}},{"src":3,"dest":12,"values":{"Parameter":2.0,"Contain":2.0,"Return":2.0,"Use":1.0}},{"src":5,"dest":11,"values":{"Cast":3.0,"Call":1.0,"Use":2.0}},{"src":5,"dest":3,"values":{"Call":3.0,"Contain":2.0,"Return":1.0,"Create":1.0,"Use":2.0}},{"src":5,"dest":6,"values":{"Call":4.0,"Parameter":2.0,"Contain":1.0,"Return":1.0,"Use":1.0}},{"src":5,"dest":10,"values":{"Call":17.0,"Contain":9.0,"Return":1.0,"Create":2.0,"Use":4.0}},{"src":5,"dest":12,"values":{"Call":2.0,"Parameter":15.0,"Contain":8.0,"Return":2.0,"Use":16.0}},{"src":6,"dest":1,"values":{"Parameter":1.0,"Contain":1.0,"Return":1.0,"Use":1.0}},{"src":6,"dest":7,"values":{"Parameter":2.0,"Use":2.0}},{"src":6,"dest":9,"values":{"Call":4.0,"Parameter":4.0,"Use":1.0}},{"src":6,"dest":11,"values":{"Cast":2.0,"Call":1.0,"Return":1.0,"Use":2.0,"Parameter":1.0,"Contain":1.0}},{"src":6,"dest":3,"values":{"Parameter":2.0,"Call":2.0,"Contain":1.0,"Return":1.0,"Use":2.0}},{"src":6,"dest":12,"values":{"Call":1.0,"Return":3.0,"Import":1.0,"Use":9.0,"Parameter":4.0,"Contain":3.0}},{"src":6,"dest":4,"values":{"Call":2.0,"Parameter":2.0,"Use":1.0}},{"src":7,"dest":9,"values":{"Parameter":1.0,"Return":1.0,"Contain":1.0,"Use":1.0}},{"src":7,"dest":12,"values":{"Call":1.0,"Parameter":1.0,"Return":1.0,"Contain":1.0,"Use":1.0}},{"src":10,"dest":0,"values":{"Cast":2.0,"Call":3.0,"Contain":1.0,"Create":2.0,"Use":1.0}},{"src":10,"dest":11,"values":{"Cast":2.0,"Call":1.0,"Contain":1.0,"Use":1.0}},{"src":10,"dest":12,"values":{"Call":5.0,"Parameter":6.0,"Contain":5.0,"Return":3.0,"Use":6.0}},{"src":11,"dest":9,"values":{"Parameter":1.0}},{"src":11,"dest":12,"values":{"Call":5.0,"Return":1.0,"Extend":1.0,"Use":2.0}},{"src":12,"dest":7,"values":{"Parameter":2.0,"Use":2.0}},{"src":12,"dest":9,"values":{"Call":4.0,"Parameter":2.0,"Contain":1.0,"Use":4.0}},{"src":12,"dest":11,"values":{"Cast":1.0,"Parameter":1.0,"Contain":1.0,"Return":1.0,"Use":1.0}},{"src":12,"dest":10,"values":{"Call":1.0,"Parameter":1.0,"Use":2.0}},{"src":12,"dest":8,"values":{"Parameter":1.0,"Return":1.0,"Use":2.0}}],"relationTypes":["Call","Extend","Use","Parameter","Contain","Return","Create","Import","Cast"]}