{"name":"archinaut_37.json","variables":["src.main.java.mx.uam.dsmviewer.data.constraintsloader.ConstraintsLoader_java","src.main.java.mx.uam.dsmviewer.model.dto.DependencyConstraintDTO_java","src.main.java.mx.uam.dsmviewer.model.dto.ElementConstraintDTO_java","src.main.java.mx.uam.dsmviewer.model.dto.MatrixConstraintsDTO_java"],"cells":[{"src":0,"dest":3,"values":{"Parameter":1.0,"Contain":1.0,"Return":1.0,"Import":1.0,"Use":1.0}},{"src":3,"dest":2,"values":{"Parameter":1.0,"Use":2.0}},{"src":3,"dest":1,"values":{"Parameter":1.0,"Use":2.0}}],"relationTypes":["Parameter","Contain","Return","Import","Use"]}