{"name":"archinaut_6.json","variables":["src.main.java.mx.uam.dsmviewer.business.constraintservice.ConstraintsService_java","src.main.java.mx.uam.dsmviewer.business.dsmservice.DesignStructureMatrixService_java","src.main.java.mx.uam.dsmviewer.business.issueanalysisservice.IssueAnalysisService_java","src.main.java.mx.uam.dsmviewer.business.logservice.GitLogService_java","src.main.java.mx.uam.dsmviewer.business.metricsservice.MetricsService_java","src.main.java.mx.uam.dsmviewer.business.trendsanalysisservice.TrendsAnalysisService_java","src.main.java.mx.uam.dsmviewer.data.constraintsloader.ConstraintsLoader_java","src.main.java.mx.uam.dsmviewer.data.dsmloader.DesignStructureMatrixLoader_java","src.main.java.mx.uam.dsmviewer.data.logloader.LogLoader_java","src.main.java.mx.uam.dsmviewer.data.metricsloader.MetricsLoader_java","src.main.java.mx.uam.dsmviewer.data.nameprocessing.CharacterSubstituteNameProcessor_java","src.main.java.mx.uam.dsmviewer.data.nameprocessing.NameProcessor_java","src.main.java.mx.uam.dsmviewer.data.nameprocessing.PrefixRemovalNameProcessor_java","src.main.java.mx.uam.dsmviewer.data.trendsanalysisloader.TrendsAnalysisLoader_java","src.main.java.mx.uam.dsmviewer.model.AggregateMatrixDependencyGroup_java","src.main.java.mx.uam.dsmviewer.model.ArchitecturalDiff_java","src.main.java.mx.uam.dsmviewer.model.Delta_java","src.main.java.mx.uam.dsmviewer.model.DependencyConstraintViolation_java","src.main.java.mx.uam.dsmviewer.model.DependencyConstraint_java","src.main.java.mx.uam.dsmviewer.model.DependencyMetric_java","src.main.java.mx.uam.dsmviewer.model.DesignStructureMatrixModel_java","src.main.java.mx.uam.dsmviewer.model.DesignStructureMatrix_java","src.main.java.mx.uam.dsmviewer.model.ElementConstraint_java","src.main.java.mx.uam.dsmviewer.model.ElementMethod_java","src.main.java.mx.uam.dsmviewer.model.ElementMetric_java","src.main.java.mx.uam.dsmviewer.model.MatrixDependencyGroup_java","src.main.java.mx.uam.dsmviewer.model.MatrixElementGroup_java","src.main.java.mx.uam.dsmviewer.model.MatrixElement_java","src.main.java.mx.uam.dsmviewer.model.TrendsAnalysis_java","src.main.java.mx.uam.dsmviewer.model.dto.DependencyConstraintDTO_java","src.main.java.mx.uam.dsmviewer.model.dto.DesignStructureMatrixDTO_java","src.main.java.mx.uam.dsmviewer.model.dto.ElementConstraintDTO_java","src.main.java.mx.uam.dsmviewer.model.dto.MatrixConstraintsDTO_java","src.main.java.mx.uam.dsmviewer.model.dto.TrendsAnalysisDTO_java","src.main.java.mx.uam.dsmviewer.presentation.events.ElementExpandedMessage_java","src.main.java.mx.uam.dsmviewer.presentation.events.ElementSelectedMessage_java","src.main.java.mx.uam.dsmviewer.presentation.events.EventChannel_java","src.main.java.mx.uam.dsmviewer.presentation.events.EventReceiver_java","src.main.java.mx.uam.dsmviewer.presentation.events.Message_java","src.main.java.mx.uam.dsmviewer.presentation.events.Topic_java","src.main.java.mx.uam.dsmviewer.presentation.loadproject.LoadProjectController_java","src.main.java.mx.uam.dsmviewer.presentation.loadproject.LoadProjectView_java","src.main.java.mx.uam.dsmviewer.presentation.mainview.TabManager_java","src.main.java.mx.uam.dsmviewer.presentation.trendsanalysis.TrendsAnalysisController_java","src.main.java.mx.uam.dsmviewer.presentation.trendsanalysis.TrendsAnalysisTableModel_java","src.main.java.mx.uam.dsmviewer.presentation.trendsanalysis.TrendsAnalysisView_java","src.main.java.mx.uam.dsmviewer.presentation.util.HeatmapColorProvider_java","src.main.java.mx.uam.dsmviewer.presentation.util.TabbedComponent_java","src.main.java.mx.uam.dsmviewer.presentation.views.DesignStructureMatrixViewerController_java","src.main.java.mx.uam.dsmviewer.presentation.views.treemapview.TreeMapModelBuilder_java","src.main.java.mx.uam.dsmviewer.presentation.views.treeview.DSMTreeModel_java","src.main.java.mx.uam.dsmviewer.presentation.views.treeview.JTreeDesignStructureMatrix_java","src.main.java.mx.uam.dsmviewer.presentation.views.treeview.JTreeDesignStuctureMatrixMouseListener_java"],"cells":[{"src":0,"dest":6,"values":{"Call":2.0,"Parameter":1.0,"Import":1.0,"Contain":1.0,"Use":1.0}},{"src":0,"dest":22,"values":{"Call":8.0,"Import":1.0,"Return":1.0,"Create":2.0,"Use":2.0,"Parameter":1.0,"Contain":5.0}},{"src":0,"dest":24,"values":{"Call":1.0,"Parameter":1.0,"Contain":1.0,"Import":1.0,"Use":1.0}},{"src":0,"dest":20,"values":{"Call":5.0,"Import":1.0,"Contain":1.0,"Use":1.0}},{"src":0,"dest":18,"values":{"Call":4.0,"Import":1.0,"Contain":5.0,"Create":2.0}},{"src":0,"dest":17,"values":{"Call":1.0,"Import":1.0,"Contain":1.0,"Create":1.0,"Use":2.0}},{"src":0,"dest":21,"values":{"Call":14.0,"Parameter":8.0,"Import":1.0}},{"src":0,"dest":32,"values":{"Call":5.0,"Contain":2.0,"Import":1.0,"Create":1.0}},{"src":0,"dest":31,"values":{"Call":1.0,"Contain":2.0,"Import":1.0,"Create":1.0}},{"src":0,"dest":25,"values":{"Call":5.0,"Parameter":2.0,"Import":1.0,"Contain":1.0}},{"src":0,"dest":29,"values":{"Call":5.0,"Import":1.0,"Contain":2.0,"Create":1.0}},{"src":0,"dest":27,"values":{"Call":7.0,"Parameter":1.0,"Import":1.0,"Contain":4.0}},{"src":1,"dest":7,"values":{"Call":1.0,"Parameter":1.0,"Import":1.0,"Contain":1.0,"Use":1.0}},{"src":1,"dest":20,"values":{"Call":5.0,"Import":1.0,"Return":2.0,"Create":2.0,"Use":1.0,"Contain":2.0}},{"src":1,"dest":26,"values":{"Cast":2.0,"Call":8.0,"Import":1.0,"Return":1.0,"Create":3.0,"Parameter":1.0,"Contain":4.0}},{"src":1,"dest":11,"values":{"Import":1.0,"Contain":1.0}},{"src":1,"dest":3,"values":{"Call":2.0,"Parameter":1.0,"Import":1.0,"Contain":1.0,"Use":1.0}},{"src":1,"dest":4,"values":{"Call":2.0,"Parameter":1.0,"Contain":1.0,"Import":1.0,"Use":1.0}},{"src":1,"dest":21,"values":{"Call":6.0,"Import":1.0,"Return":2.0,"Create":1.0,"Parameter":3.0,"Contain":2.0}},{"src":1,"dest":25,"values":{"Call":7.0,"Import":1.0,"Contain":2.0,"Create":1.0}},{"src":1,"dest":12,"values":{"Call":1.0,"Import":1.0,"Create":1.0}},{"src":1,"dest":27,"values":{"Call":12.0,"Import":1.0,"Create":1.0,"Use":16.0,"Parameter":3.0,"Contain":8.0}},{"src":2,"dest":24,"values":{"Use":2.0,"Import":1.0}},{"src":2,"dest":20,"values":{"Call":2.0,"Contain":1.0,"Import":1.0}},{"src":2,"dest":28,"values":{"Parameter":1.0,"Call":13.0,"Import":1.0}},{"src":2,"dest":21,"values":{"Call":5.0,"Contain":2.0,"Import":1.0}},{"src":2,"dest":1,"values":{"Parameter":1.0,"Call":1.0,"Contain":1.0,"Import":1.0,"Use":1.0}},{"src":2,"dest":27,"values":{"Call":11.0,"Contain":5.0,"Import":1.0,"Use":6.0}},{"src":3,"dest":24,"values":{"Use":4.0,"Import":1.0}},{"src":3,"dest":11,"values":{"Call":5.0,"Contain":6.0,"Import":1.0}},{"src":3,"dest":8,"values":{"Call":5.0,"Parameter":1.0,"Contain":1.0,"Import":1.0,"Use":1.0}},{"src":3,"dest":10,"values":{"Call":4.0,"Import":1.0,"Create":4.0}},{"src":3,"dest":21,"values":{"Call":11.0,"Parameter":3.0,"Import":1.0,"Use":1.0}},{"src":3,"dest":25,"values":{"Call":8.0,"Contain":4.0,"Import":1.0,"Create":2.0}},{"src":3,"dest":12,"values":{"Call":2.0,"Import":1.0,"Create":2.0}},{"src":3,"dest":27,"values":{"Call":8.0,"Contain":3.0,"Import":1.0}},{"src":3,"dest":19,"values":{"Use":2.0,"Import":1.0}},{"src":4,"dest":24,"values":{"Use":7.0,"Import":1.0}},{"src":4,"dest":20,"values":{"Call":5.0,"Contain":1.0,"Import":1.0,"Create":1.0}},{"src":4,"dest":9,"values":{"Parameter":1.0,"Call":4.0,"Import":1.0,"Contain":1.0,"Use":1.0}},{"src":4,"dest":11,"values":{"Call":4.0,"Contain":3.0,"Import":1.0}},{"src":4,"dest":10,"values":{"Call":2.0,"Import":1.0,"Create":2.0}},{"src":4,"dest":21,"values":{"Call":11.0,"Parameter":3.0,"Import":1.0}},{"src":4,"dest":12,"values":{"Call":1.0,"Import":1.0,"Create":1.0}},{"src":4,"dest":27,"values":{"Call":10.0,"Contain":4.0,"Import":1.0,"Use":3.0}},{"src":4,"dest":23,"values":{"Call":1.0,"Contain":1.0,"Import":1.0,"Create":1.0}},{"src":5,"dest":13,"values":{"Call":4.0,"Parameter":1.0,"Import":1.0,"Contain":1.0,"Use":1.0}},{"src":5,"dest":15,"values":{"Call":2.0,"Import":2.0,"Contain":2.0,"Create":2.0,"Use":3.0}},{"src":5,"dest":24,"values":{"Call":1.0,"Contain":5.0,"Import":1.0,"Use":6.0}},{"src":5,"dest":30,"values":{"Call":9.0,"Contain":2.0,"Import":1.0,"Create":1.0}},{"src":5,"dest":28,"values":{"Call":6.0,"Parameter":2.0,"Import":1.0,"Return":2.0,"Create":2.0}},{"src":5,"dest":21,"values":{"Call":14.0,"Import":1.0,"Return":1.0,"Create":1.0,"Use":2.0,"Parameter":4.0,"Contain":3.0}},{"src":5,"dest":1,"values":{"Call":1.0,"Parameter":1.0,"Contain":1.0,"Import":1.0,"Use":1.0}},{"src":5,"dest":33,"values":{"Call":4.0,"Contain":2.0,"Import":1.0,"Create":1.0}},{"src":5,"dest":27,"values":{"Call":7.0,"Import":1.0,"Contain":3.0,"Create":1.0,"Use":2.0}},{"src":6,"dest":32,"values":{"Parameter":1.0,"Contain":1.0,"Return":1.0,"Import":1.0,"Use":1.0}},{"src":7,"dest":11,"values":{"Call":1.0,"Parameter":1.0,"Import":1.0}},{"src":7,"dest":21,"values":{"Call":2.0,"Contain":1.0,"Import":1.0,"Return":1.0,"Create":1.0}},{"src":7,"dest":25,"values":{"Call":3.0,"Contain":1.0,"Import":1.0,"Create":1.0}},{"src":7,"dest":27,"values":{"Call":2.0,"Contain":2.0,"Import":1.0,"Create":1.0,"Use":2.0}},{"src":7,"dest":19,"values":{"Use":2.0,"Import":1.0}},{"src":8,"dest":11,"values":{"Call":5.0,"Parameter":3.0,"Import":1.0}},{"src":9,"dest":24,"values":{"Use":3.0,"Import":1.0}},{"src":9,"dest":11,"values":{"Call":1.0,"Parameter":1.0,"Import":1.0}},{"src":9,"dest":21,"values":{"Call":3.0,"Parameter":1.0,"Import":1.0}},{"src":9,"dest":27,"values":{"Call":5.0,"Import":1.0,"Contain":1.0}},{"src":10,"dest":11,"values":{"Extend":1.0}},{"src":12,"dest":11,"values":{"Extend":1.0}},{"src":13,"dest":33,"values":{"Parameter":1.0,"Contain":1.0,"Import":1.0,"Return":1.0,"Use":1.0}},{"src":14,"dest":25,"values":{"Call":3.0,"Extend":1.0,"Use":3.0}},{"src":14,"dest":27,"values":{"Parameter":2.0}},{"src":15,"dest":16,"values":{"Call":1.0,"Contain":1.0,"Return":1.0,"Create":1.0,"Use":3.0}},{"src":15,"dest":21,"values":{"Call":4.0,"Parameter":2.0,"Contain":2.0,"Use":1.0}},{"src":15,"dest":27,"values":{"Contain":3.0,"Import":1.0}},{"src":16,"dest":15,"values":{"Parameter":1.0,"Contain":1.0,"Import":1.0,"Use":3.0}},{"src":16,"dest":24,"values":{"Use":2.0}},{"src":16,"dest":27,"values":{"Call":4.0,"Import":1.0,"Return":2.0,"Use":4.0,"Parameter":3.0,"Contain":3.0}},{"src":17,"dest":18,"values":{"Parameter":1.0,"Contain":1.0,"Return":1.0,"Use":1.0}},{"src":17,"dest":25,"values":{"Call":2.0,"Parameter":1.0,"Contain":1.0,"Return":1.0,"Use":1.0}},{"src":18,"dest":27,"values":{"Parameter":2.0,"Contain":2.0,"Return":2.0,"Use":1.0}},{"src":20,"dest":26,"values":{"Cast":3.0,"Call":1.0,"Use":2.0}},{"src":20,"dest":18,"values":{"Call":3.0,"Contain":2.0,"Return":1.0,"Create":1.0,"Use":2.0}},{"src":20,"dest":21,"values":{"Call":4.0,"Parameter":2.0,"Contain":1.0,"Return":1.0,"Use":1.0}},{"src":20,"dest":25,"values":{"Call":17.0,"Contain":9.0,"Return":1.0,"Create":2.0,"Use":4.0}},{"src":20,"dest":27,"values":{"Call":2.0,"Parameter":15.0,"Contain":8.0,"Return":2.0,"Use":16.0}},{"src":21,"dest":15,"values":{"Parameter":1.0,"Contain":1.0,"Return":1.0,"Use":1.0}},{"src":21,"dest":22,"values":{"Parameter":2.0,"Use":2.0}},{"src":21,"dest":24,"values":{"Call":4.0,"Parameter":4.0,"Use":1.0}},{"src":21,"dest":26,"values":{"Cast":2.0,"Call":1.0,"Return":1.0,"Use":2.0,"Parameter":1.0,"Contain":1.0}},{"src":21,"dest":18,"values":{"Parameter":2.0,"Call":2.0,"Contain":1.0,"Return":1.0,"Use":2.0}},{"src":21,"dest":27,"values":{"Call":1.0,"Return":3.0,"Import":1.0,"Use":9.0,"Parameter":4.0,"Contain":3.0}},{"src":21,"dest":19,"values":{"Call":2.0,"Parameter":2.0,"Use":1.0}},{"src":22,"dest":24,"values":{"Parameter":1.0,"Return":1.0,"Contain":1.0,"Use":1.0}},{"src":22,"dest":27,"values":{"Call":1.0,"Parameter":1.0,"Return":1.0,"Contain":1.0,"Use":1.0}},{"src":25,"dest":14,"values":{"Cast":2.0,"Call":3.0,"Contain":1.0,"Create":2.0,"Use":1.0}},{"src":25,"dest":26,"values":{"Cast":2.0,"Call":1.0,"Contain":1.0,"Use":1.0}},{"src":25,"dest":27,"values":{"Call":5.0,"Parameter":6.0,"Contain":5.0,"Return":3.0,"Use":6.0}},{"src":26,"dest":24,"values":{"Parameter":1.0}},{"src":26,"dest":27,"values":{"Call":5.0,"Return":1.0,"Extend":1.0,"Use":2.0}},{"src":27,"dest":22,"values":{"Parameter":2.0,"Use":2.0}},{"src":27,"dest":24,"values":{"Call":4.0,"Parameter":2.0,"Contain":1.0,"Use":4.0}},{"src":27,"dest":26,"values":{"Cast":1.0,"Parameter":1.0,"Contain":1.0,"Return":1.0,"Use":1.0}},{"src":27,"dest":25,"values":{"Call":1.0,"Parameter":1.0,"Use":2.0}},{"src":27,"dest":23,"values":{"Parameter":1.0,"Return":1.0,"Use":2.0}},{"src":28,"dest":24,"values":{"Call":2.0,"Parameter":9.0,"Contain":1.0,"Use":1.0}},{"src":28,"dest":21,"values":{"Call":13.0,"Contain":9.0,"Return":2.0,"Use":2.0}},{"src":28,"dest":27,"values":{"Call":18.0,"Return":1.0,"Import":1.0,"Create":1.0,"Use":14.0,"Parameter":1.0,"Contain":13.0}},{"src":32,"dest":31,"values":{"Parameter":1.0,"Use":2.0}},{"src":32,"dest":29,"values":{"Parameter":1.0,"Use":2.0}},{"src":33,"dest":30,"values":{"Parameter":1.0,"Use":2.0}},{"src":34,"dest":38,"values":{"Extend":1.0,"Call":2.0}},{"src":35,"dest":38,"values":{"Extend":1.0,"Call":2.0}},{"src":36,"dest":39,"values":{"Parameter":2.0,"Use":2.0}},{"src":36,"dest":37,"values":{"Parameter":2.0,"Call":1.0,"Contain":1.0,"Use":4.0}},{"src":36,"dest":38,"values":{"Parameter":1.0}},{"src":37,"dest":38,"values":{"Parameter":1.0}},{"src":40,"dest":3,"values":{"Parameter":1.0,"Call":3.0,"Contain":1.0,"Import":1.0,"Use":1.0}},{"src":40,"dest":4,"values":{"Parameter":1.0,"Call":3.0,"Contain":1.0,"Import":1.0,"Use":1.0}},{"src":40,"dest":21,"values":{"Call":3.0,"Contain":1.0,"Import":1.0,"Return":1.0,"Use":2.0}},{"src":40,"dest":1,"values":{"Parameter":1.0,"Call":3.0,"Contain":1.0,"Import":1.0,"Use":1.0}},{"src":40,"dest":41,"values":{"Call":9.0,"Contain":1.0,"Create":1.0,"Use":1.0}},{"src":40,"dest":27,"values":{"Call":1.0,"Contain":1.0,"Import":1.0}},{"src":41,"dest":40,"values":{"Parameter":1.0,"Call":6.0,"Contain":1.0,"Use":1.0}},{"src":42,"dest":47,"values":{"Parameter":1.0,"Import":1.0}},{"src":43,"dest":40,"values":{"Parameter":1.0,"Call":1.0,"Contain":1.0,"Import":1.0,"Use":1.0}},{"src":43,"dest":28,"values":{"Parameter":1.0,"Import":1.0,"Contain":1.0,"Return":2.0,"Use":2.0}},{"src":43,"dest":42,"values":{"Parameter":1.0,"Call":2.0,"Contain":1.0,"Import":1.0,"Use":1.0}},{"src":43,"dest":21,"values":{"Call":7.0,"Parameter":1.0,"Import":1.0,"Contain":1.0,"Use":3.0}},{"src":43,"dest":48,"values":{"Parameter":1.0,"Contain":1.0,"Import":1.0,"Use":1.0}},{"src":43,"dest":2,"values":{"Call":1.0,"Parameter":1.0,"Contain":1.0,"Import":1.0,"Use":1.0}},{"src":43,"dest":5,"values":{"Parameter":1.0,"Call":4.0,"Contain":1.0,"Import":1.0,"Use":1.0}},{"src":43,"dest":45,"values":{"Call":5.0,"Contain":2.0,"Use":4.0,"Create":2.0}},{"src":44,"dest":24,"values":{"Parameter":1.0,"Contain":1.0,"Import":1.0,"Use":3.0}},{"src":44,"dest":28,"values":{"Call":17.0,"Import":2.0,"Return":1.0,"Use":2.0,"Parameter":1.0,"Contain":1.0}},{"src":44,"dest":27,"values":{"Call":6.0,"Contain":2.0,"Import":1.0,"Use":1.0}},{"src":45,"dest":24,"values":{"Call":2.0,"Contain":1.0,"Import":1.0,"Use":1.0}},{"src":45,"dest":36,"values":{"Call":6.0,"Import":1.0,"Use":3.0}},{"src":45,"dest":35,"values":{"Cast":2.0,"Call":2.0,"Import":1.0,"Use":1.0,"Create":1.0}},{"src":45,"dest":28,"values":{"Parameter":2.0,"Call":8.0,"Contain":1.0,"Import":1.0}},{"src":45,"dest":37,"values":{"Implement":1.0,"Import":1.0}},{"src":45,"dest":47,"values":{"Implement":1.0,"Import":1.0}},{"src":45,"dest":27,"values":{"Cast":3.0,"Call":6.0,"Contain":5.0,"Import":2.0,"Use":15.0}},{"src":45,"dest":44,"values":{"Cast":5.0,"Call":13.0,"Use":2.0,"Create":1.0,"Parameter":1.0,"Contain":2.0}},{"src":45,"dest":50,"values":{"Cast":1.0,"Call":2.0,"Import":1.0,"Use":1.0,"Create":1.0,"Contain":1.0}},{"src":45,"dest":51,"values":{"Call":4.0,"Contain":1.0,"Import":1.0,"Use":1.0,"Create":1.0}},{"src":45,"dest":49,"values":{"Call":1.0,"Import":1.0,"Use":1.0}},{"src":45,"dest":20,"values":{"Call":4.0,"Contain":1.0,"Import":1.0,"Use":1.0}},{"src":45,"dest":39,"values":{"Use":4.0,"Import":1.0}},{"src":45,"dest":46,"values":{"Call":3.0,"Import":1.0,"Use":1.0}},{"src":45,"dest":21,"values":{"Call":2.0}},{"src":45,"dest":38,"values":{"Parameter":1.0,"Import":1.0}},{"src":45,"dest":48,"values":{"Parameter":2.0,"Import":1.0}},{"src":48,"dest":20,"values":{"Import":1.0,"Return":1.0}},{"src":48,"dest":0,"values":{"Parameter":1.0,"Call":2.0,"Contain":1.0,"Import":1.0,"Use":1.0}},{"src":48,"dest":21,"values":{"Parameter":3.0,"Import":1.0}},{"src":48,"dest":1,"values":{"Parameter":1.0,"Call":2.0,"Contain":1.0,"Import":1.0,"Use":1.0}},{"src":48,"dest":25,"values":{"Parameter":2.0,"Import":1.0}},{"src":48,"dest":27,"values":{"Parameter":2.0,"Import":1.0}},{"src":49,"dest":24,"values":{"Use":2.0,"Import":1.0}},{"src":49,"dest":26,"values":{"Cast":2.0,"Call":1.0,"Import":1.0,"Use":1.0}},{"src":49,"dest":21,"values":{"Call":1.0,"Parameter":1.0,"Import":1.0}},{"src":49,"dest":27,"values":{"Call":3.0,"Parameter":1.0,"Contain":1.0,"Import":1.0}},{"src":50,"dest":21,"values":{"Parameter":1.0,"Return":1.0,"Contain":1.0,"Import":1.0,"Use":1.0}},{"src":50,"dest":27,"values":{"Cast":1.0,"Call":1.0,"Contain":1.0,"Import":1.0}},{"src":51,"dest":36,"values":{"Call":6.0,"Import":1.0,"Use":2.0}},{"src":51,"dest":35,"values":{"Cast":2.0,"Call":1.0,"Import":1.0,"Use":1.0}},{"src":51,"dest":39,"values":{"Use":3.0,"Import":1.0}},{"src":51,"dest":21,"values":{"Call":2.0}},{"src":51,"dest":37,"values":{"Implement":1.0,"Import":1.0}},{"src":51,"dest":34,"values":{"Cast":2.0,"Call":1.0,"Import":1.0,"Use":1.0}},{"src":51,"dest":38,"values":{"Parameter":1.0,"Import":1.0}},{"src":51,"dest":48,"values":{"Parameter":1.0,"Return":1.0,"Contain":1.0,"Import":1.0,"Use":1.0}},{"src":51,"dest":52,"values":{"Call":1.0,"Create":1.0}},{"src":51,"dest":27,"values":{"Cast":5.0,"Call":7.0,"Import":1.0,"Use":3.0,"Parameter":1.0,"Contain":6.0}},{"src":51,"dest":50,"values":{"Cast":4.0,"Parameter":1.0,"Call":4.0,"Use":2.0}},{"src":52,"dest":26,"values":{"Cast":1.0,"Call":2.0,"Import":1.0,"Use":3.0}},{"src":52,"dest":36,"values":{"Call":2.0,"Import":1.0,"Use":1.0}},{"src":52,"dest":35,"values":{"Call":1.0,"Import":1.0,"Create":1.0}},{"src":52,"dest":39,"values":{"Use":2.0,"Import":1.0}},{"src":52,"dest":48,"values":{"Call":1.0}},{"src":52,"dest":27,"values":{"Cast":7.0,"Call":5.0,"Contain":2.0,"Import":1.0,"Use":1.0}},{"src":52,"dest":50,"values":{"Cast":4.0,"Use":1.0}},{"src":52,"dest":51,"values":{"Parameter":1.0,"Call":8.0,"Contain":1.0,"Use":1.0}}],"relationTypes":["Call","Parameter","Import","Contain","Use","Return","Create","Cast","Extend","Implement"]}