{"name":"fg_08.json","variables":["Answer.java","Match.java","MatchingAnswer.java","Question.java","UI.java"],"cells":[{"src":0,"dest":4,"values":{"Call":3.0,"Parameter":3.0}},{"src":0,"dest":3,"values":{"Parameter":2.0}},{"src":1,"dest":2,"values":{"Cast":1.0,"Call":1.0,"Contain":1.0}},{"src":1,"dest":4,"values":{"Call":35.0,"Parameter":4.0}},{"src":1,"dest":0,"values":{"Contain":1.0}},{"src":1,"dest":3,"values":{"Call":2.0,"Extend":1.0,"Use":1.0}},{"src":2,"dest":1,"values":{"Cast":1.0,"Call":4.0,"Contain":1.0}},{"src":2,"dest":4,"values":{"Call":3.0,"Parameter":2.0}},{"src":2,"dest":0,"values":{"Call":1.0,"Parameter":1.0,"Extend":1.0}},{"src":2,"dest":3,"values":{"Parameter":1.0}},{"src":3,"dest":4,"values":{"Call":7.0,"Parameter":8.0}}],"relationTypes":["Call","Parameter","Cast","Contain","Extend","Use"]}