{"name":"fg_06.json","variables":["Answer.java","AnswerSheet.java","Question.java","Survey.java","Test.java","UI.java"],"cells":[{"src":0,"dest":5,"values":{"Call":3.0,"Parameter":3.0}},{"src":0,"dest":2,"values":{"Parameter":2.0}},{"src":1,"dest":4,"values":{"Call":1.0,"Extend":1.0}},{"src":2,"dest":5,"values":{"Call":7.0,"Parameter":8.0}},{"src":3,"dest":2,"values":{"Parameter":4.0,"Use":2.0}},{"src":4,"dest":3,"values":{"Call":1.0,"Extend":1.0}},{"src":4,"dest":0,"values":{"Parameter":3.0,"Return":1.0,"Use":2.0}},{"src":4,"dest":2,"values":{"Parameter":5.0,"Use":2.0}}],"relationTypes":["Call","Parameter","Extend","Use","Return"]}