{"name":"fg_11.json","variables":["Answer.java","AnswerSheet.java","Choice.java","ChoiceAnswer.java","CommandLineUI.java","EssayAnswer.java","Match.java","MatchingAnswer.java","ProgramMain.java","Question.java","SaveLoadFile.java","Survey.java","Test.java","UI.java","Written.java"],"cells":[{"src":0,"dest":13,"values":{"Call":3.0,"Parameter":3.0}},{"src":0,"dest":9,"values":{"Parameter":2.0}},{"src":1,"dest":12,"values":{"Call":1.0,"Extend":1.0}},{"src":2,"dest":13,"values":{"Call":25.0,"Parameter":4.0}},{"src":2,"dest":3,"values":{"Cast":1.0,"Call":1.0,"Contain":1.0}},{"src":2,"dest":0,"values":{"Contain":1.0}},{"src":2,"dest":9,"values":{"Call":2.0,"Extend":1.0,"Use":1.0}},{"src":3,"dest":2,"values":{"Cast":1.0,"Call":5.0,"Contain":1.0}},{"src":3,"dest":13,"values":{"Call":8.0,"Parameter":2.0}},{"src":3,"dest":0,"values":{"Call":1.0,"Parameter":1.0,"Extend":1.0}},{"src":3,"dest":9,"values":{"Parameter":1.0}},{"src":4,"dest":13,"values":{"Extend":1.0}},{"src":5,"dest":14,"values":{"Cast":1.0,"Call":2.0,"Contain":1.0}},{"src":5,"dest":13,"values":{"Call":7.0,"Parameter":2.0}},{"src":5,"dest":0,"values":{"Call":1.0,"Parameter":1.0,"Extend":1.0}},{"src":5,"dest":9,"values":{"Parameter":1.0}},{"src":6,"dest":7,"values":{"Cast":1.0,"Call":1.0,"Contain":1.0}},{"src":6,"dest":13,"values":{"Call":35.0,"Parameter":4.0}},{"src":6,"dest":0,"values":{"Contain":1.0}},{"src":6,"dest":9,"values":{"Call":2.0,"Extend":1.0,"Use":1.0}},{"src":7,"dest":6,"values":{"Cast":1.0,"Call":4.0,"Contain":1.0}},{"src":7,"dest":13,"values":{"Call":3.0,"Parameter":2.0}},{"src":7,"dest":0,"values":{"Call":1.0,"Parameter":1.0,"Extend":1.0}},{"src":7,"dest":9,"values":{"Parameter":1.0}},{"src":8,"dest":14,"values":{"Cast":6.0,"Call":2.0,"Create":1.0,"Use":2.0,"Parameter":1.0,"Contain":3.0}},{"src":8,"dest":6,"values":{"Cast":4.0,"Call":3.0,"Parameter":1.0,"Contain":3.0,"Create":1.0}},{"src":8,"dest":10,"values":{"Call":6.0,"Contain":3.0,"Create":3.0}},{"src":8,"dest":5,"values":{"Call":4.0,"Parameter":1.0,"Contain":3.0,"Create":3.0}},{"src":8,"dest":3,"values":{"Call":4.0,"Parameter":1.0,"Contain":3.0,"Create":3.0}},{"src":8,"dest":0,"values":{"Call":5.0,"Parameter":5.0,"Contain":1.0,"Use":3.0}},{"src":8,"dest":2,"values":{"Cast":4.0,"Call":5.0,"Parameter":1.0,"Contain":3.0,"Create":1.0}},{"src":8,"dest":1,"values":{"Cast":2.0,"Call":2.0,"Use":8.0,"Create":1.0,"Parameter":9.0,"Contain":4.0}},{"src":8,"dest":11,"values":{"Call":17.0,"Return":1.0,"Use":5.0,"Create":1.0,"Parameter":10.0,"Contain":8.0}},{"src":8,"dest":12,"values":{"Cast":6.0,"Call":8.0,"Contain":3.0,"Use":6.0,"Create":1.0}},{"src":8,"dest":7,"values":{"Call":4.0,"Parameter":1.0,"Contain":3.0,"Create":3.0}},{"src":8,"dest":13,"values":{"Parameter":1.0,"Contain":1.0,"Use":1.0}},{"src":8,"dest":4,"values":{"Call":72.0,"Contain":1.0,"Use":1.0,"Create":1.0}},{"src":8,"dest":9,"values":{"Call":10.0,"Parameter":2.0,"Contain":4.0}},{"src":9,"dest":13,"values":{"Call":7.0,"Parameter":8.0}},{"src":10,"dest":11,"values":{"Cast":1.0,"Parameter":1.0,"Return":1.0,"Contain":1.0}},{"src":11,"dest":9,"values":{"Parameter":4.0,"Use":2.0}},{"src":12,"dest":11,"values":{"Call":1.0,"Extend":1.0}},{"src":12,"dest":0,"values":{"Parameter":3.0,"Return":1.0,"Use":2.0}},{"src":12,"dest":9,"values":{"Parameter":5.0,"Use":2.0}},{"src":14,"dest":13,"values":{"Call":2.0,"Parameter":3.0}},{"src":14,"dest":5,"values":{"Cast":1.0,"Call":1.0,"Contain":1.0}},{"src":14,"dest":0,"values":{"Contain":1.0}},{"src":14,"dest":9,"values":{"Call":2.0,"Extend":1.0}}],"relationTypes":["Call","Parameter","Extend","Cast","Contain","Use","Create","Return"]}